band,bucket_size,is_hot
0,1,0
1,122,1
2,2,0
3,1,0
4,19,0
5,1,0
6,52,1
7,317,1
8,1,0
9,205,1
10,10,0
11,25,0
12,1,0
13,1,0
14,1,0
15,2,0
0,29,0
1,47,0
2,1,0
3,1,0
4,17,0
5,169,1
6,3,0
7,18,0
8,1,0
9,176,1
10,155,1
11,9,0
12,82,1
13,11,0
14,22,0
15,1,0
0,1,0
1,8,0
2,4,0
3,34,0
4,1,0
5,3,0
6,1,0
7,251,1
8,1,0
9,4,0
10,9,0
11,14,0
12,6,0
13,1,0
14,1,0
15,164,1
0,85,1
1,31,0
2,220,1
3,5,0
4,81,1
5,6,0
6,354,1
7,37,0
8,16,0
9,5,0
10,4,0
11,43,0
12,1,0
13,88,1
14,167,1
15,104,1
0,2,0
1,3,0
2,25,0
3,4,0
4,19,0
5,16,0
6,20,0
8,45,0
9,9,0
10,7,0
11,91,1
12,3,0
13,63,1
14,5,0
15,7,0
0,14,0
1,51,1
3,60,1
4,94,1
5,2,0
6,3,0
8,670,1
9,117,1
10,11,0
11,2,0
12,53,1
13,39,0
14,17,0
15,351,1
0,29,0
1,96,1
2,34,0
3,1,0
4,52,1
5,40,0
6,3,0
7,32,0
8,3,0
9,407,1
10,2,0
11,2462,1
12,527,1
13,32,0
14,23,0
15,148,1
0,63,1
1,25,0
2,3,0
3,3,0
4,4,0
5,513,1
6,5,0
7,3,0
8,1,0
9,6,0
12,35,0
13,15,0
14,3,0
15,236,1
0,30,0
1,181,1
2,1,0
3,299,1
4,221,1
5,2107,1
6,396,1
7,10,0
8,402,1
9,1,0
10,123,1
11,417,1
12,316,1
13,1,0
14,3,0
15,17,0
0,466,1
1,1,0
2,17,0
3,1,0
4,4,0
6,111,1
7,175,1
8,10,0
9,1745,1
10,33,0
11,44,0
12,3,0
13,1,0
14,8,0
15,224,1
0,1,0
1,355,1
2,1,0
3,33,0
4,1,0
5,1,0
6,3,0
7,17,0
9,1,0
10,17,0
11,71,1
12,1,0
13,1,0
14,1,0
15,1,0
0,264,1
1,4,0
2,183,1
3,2,0
4,56,1
5,2,0
6,1271,1
7,82,1
8,148,1
10,179,1
11,151,1
12,31,0
13,181,1
14,100,1
0,202,1
1,14,0
2,3,0
3,1,0
4,10,0
5,6,0
6,34,0
7,32,0
8,37,0
10,1,0
11,9,0
12,1,0
13,1,0
14,1,0
15,1,0
0,261,1
1,20,0
2,306,1
3,63,1
4,525,1
5,260,1
6,8,0
7,114,1
8,23,0
9,120,1
10,12,0
11,191,1
12,3,0
13,15,0
14,4,0
15,39,0
0,5,0
1,6,0
2,17,0
3,9,0
4,141,1
5,5,0
6,2,0
7,3,0
8,31,0
9,227,1
10,3,0
12,44,0
13,6,0
14,3,0
15,13,0
0,8,0
1,322,1
2,1,0
3,1,0
4,41,0
5,36,0
6,110,1
7,102,1
8,1,0
9,1,0
10,47,0
12,84,1
13,1,0
14,21,0
15,1,0
0,257,1
1,3,0
2,11,0
3,19,0
4,13,0
8,10,0
9,124,1
10,15,0
11,25,0
12,3,0
13,11,0
14,2,0
15,163,1
0,4,0
2,10,0
3,7,0
4,7,0
5,1,0
6,20,0
7,273,1
8,88,1
9,226,1
10,21,0
11,1,0
13,100,1
14,7,0
15,47,0
1,48,0
3,1,0
4,33,0
5,344,1
8,1,0
11,321,1
12,1,0
13,66,1
14,487,1
15,363,1
0,92,1
1,2,0
2,15,0
3,39,0
4,119,1
5,1,0
6,1,0
7,333,1
8,1,0
10,12,0
11,310,1
12,1,0
13,11,0
14,120,1
15,64,1
1,8,0
2,5,0
3,75,1
4,6,0
5,171,1
6,12,0
7,1,0
8,97,1
9,13,0
10,1,0
11,113,1
12,19,0
13,3,0
0,451,1
1,1,0
2,119,1
3,1,0
5,2,0
7,1,0
8,1,0
9,26,0
10,41,0
11,30,0
13,1,0
14,6,0
15,113,1
0,21,0
1,39,0
2,14,0
3,1,0
4,66,1
6,58,1
7,1,0
8,76,1
9,143,1
10,19,0
11,214,1
12,59,1
13,9,0
14,158,1
15,18,0
0,4,0
1,20,0
2,3,0
3,2,0
5,1,0
6,2,0
7,47,0
9,38,0
10,7,0
11,17,0
12,1,0
13,2,0
14,2,0
15,2,0
0,215,1
1,75,1
2,1,0
3,316,1
4,22,0
5,3,0
6,87,1
7,2,0
8,1,0
10,2,0
11,1077,1
13,197,1
14,1,0
15,24,0
0,189,1
1,123,1
2,59,1
3,4,0
4,18,0
6,115,1
7,10,0
8,97,1
9,72,1
10,2,0
12,74,1
13,5,0
14,6,0
15,30,0
1,88,1
2,1,0
7,255,1
8,737,1
9,84,1
10,1,0
11,138,1
13,139,1
14,47,0
0,1,0
1,1,0
2,4,0
4,1,0
5,5,0
6,1,0
7,1,0
8,2,0
10,8,0
12,14,0
13,122,1
14,20,0
15,1,0
0,48,0
1,1,0
2,53,1
3,10,0
4,73,1
5,36,0
7,38,0
10,17,0
13,2,0
14,1,0
15,8,0
0,3,0
1,212,1
2,1,0
3,8,0
4,1,0
5,129,1
6,24,0
7,30,0
8,1,0
9,1,0
10,21,0
12,1,0
13,1,0
15,22,0
1,41,0
2,1,0
3,7,0
4,2,0
5,48,0
6,1,0
7,1,0
8,12,0
10,19,0
11,167,1
12,5,0
13,4,0
14,2,0
0,1,0
1,16,0
2,27,0
3,1,0
4,1,0
5,2,0
6,20,0
7,1,0
8,9,0
9,1,0
10,55,1
11,31,0
12,3,0
13,1,0
14,3,0
15,6,0
0,2,0
1,2,0
2,10,0
3,18,0
4,18,0
6,9,0
7,51,1
9,39,0
10,2,0
12,2,0
13,3,0
14,4,0
15,21,0
0,12,0
1,6,0
2,70,1
3,24,0
4,52,1
6,694,1
7,5,0
8,228,1
9,10,0
10,7,0
11,9,0
12,25,0
14,5,0
15,5,0
0,39,0
1,1,0
2,2,0
3,4,0
4,7,0
5,1,0
6,24,0
8,8,0
9,1,0
10,1,0
12,1,0
13,1,0
14,1,0
15,10,0
0,29,0
2,19,0
3,43,0
4,3,0
5,4,0
6,18,0
7,10,0
8,59,1
10,15,0
11,60,1
12,90,1
13,17,0
14,1,0
15,121,1
1,1,0
2,2,0
3,3,0
4,4,0
5,10,0
6,79,1
7,245,1
8,354,1
10,23,0
11,29,0
12,35,0
13,2,0
14,11,0
15,17,0
1,17,0
2,1,0
4,9,0
5,68,1
6,24,0
8,12,0
9,59,1
12,352,1
13,1,0
15,27,0
0,8,0
1,198,1
2,2,0
3,3,0
4,192,1
5,2,0
6,2,0
8,2,0
9,2,0
10,25,0
12,3,0
13,2,0
14,2,0
2,2,0
4,19,0
6,64,1
7,3,0
8,17,0
10,20,0
14,22,0
15,2,0
0,5,0
1,68,1
2,35,0
3,32,0
4,29,0
5,1,0
6,11,0
7,2,0
8,8,0
10,76,1
11,139,1
12,246,1
13,52,1
14,2,0
0,54,1
1,9,0
2,4,0
3,79,1
4,11,0
7,8,0
8,281,1
11,74,1
12,41,0
13,238,1
14,1,0
15,184,1
0,89,1
1,76,1
3,24,0
4,3,0
5,3,0
12,27,0
14,1,0
0,14,0
1,17,0
2,54,1
3,1,0
4,2,0
5,1,0
6,12,0
7,1,0
9,176,1
10,7,0
11,17,0
12,12,0
13,1,0
14,1,0
15,138,1
1,1,0
2,152,1
3,1,0
4,8,0
5,46,0
7,4,0
11,1,0
12,78,1
13,5,0
14,1,0
0,49,0
2,2,0
3,2,0
4,13,0
5,14,0
6,1,0
8,1,0
9,4,0
10,13,0
11,1,0
12,55,1
13,1,0
14,159,1
15,40,0
0,9,0
1,36,0
2,1,0
3,12,0
4,2,0
6,38,0
7,1,0
8,106,1
9,12,0
10,50,0
13,38,0
14,1,0
15,106,1
0,161,1
2,44,0
5,124,1
6,33,0
7,1,0
8,13,0
10,4,0
13,12,0
14,4,0
15,1,0
0,19,0
3,37,0
5,34,0
6,28,0
7,10,0
8,68,1
9,1,0
10,1,0
12,278,1
13,46,0
14,48,0
0,218,1
1,7,0
2,2,0
3,57,1
5,13,0
6,4,0
8,1,0
9,10,0
10,1,0
12,1,0
13,1,0
14,2,0
15,4,0
0,7,0
1,42,0
2,2,0
3,5,0
4,30,0
5,27,0
6,149,1
7,33,0
9,2,0
10,10,0
13,4,0
14,30,0
0,12,0
1,17,0
2,17,0
3,2,0
4,94,1
5,1,0
6,105,1
10,10,0
13,10,0
14,26,0
0,41,0
2,1,0
3,1,0
4,85,1
7,222,1
8,88,1
9,49,0
10,1,0
11,755,1
12,19,0
13,5,0
14,5,0
15,4,0
0,147,1
1,6,0
2,38,0
3,70,1
5,84,1
6,196,1
7,8,0
8,104,1
10,178,1
11,16,0
12,4,0
13,42,0
14,114,1
15,184,1
0,2,0
1,2,0
2,10,0
3,2,0
4,3,0
5,2,0
9,3,0
10,1,0
12,2,0
13,39,0
14,2,0
1,27,0
2,3,0
3,12,0
4,4,0
6,1,0
8,1,0
9,130,1
10,1,0
12,3,0
14,1,0
0,52,1
1,6,0
2,3,0
3,1,0
4,3,0
5,13,0
7,253,1
9,38,0
10,1,0
12,3,0
13,7,0
14,244,1
1,25,0
2,13,0
3,1,0
4,7,0
5,2,0
7,49,0
8,10,0
10,6,0
11,2,0
13,10,0
14,23,0
0,11,0
1,2,0
2,5,0
3,4,0
4,64,1
6,163,1
8,78,1
10,2,0
12,15,0
13,14,0
15,5,0
1,5,0
3,2,0
4,16,0
5,4,0
7,21,0
8,5,0
11,9,0
12,28,0
13,102,1
14,55,1
0,157,1
2,1,0
3,16,0
4,2,0
5,124,1
6,20,0
7,1,0
8,1,0
9,5,0
10,2,0
11,11,0
12,1,0
13,15,0
14,1,0
15,1,0
0,5,0
1,9,0
2,108,1
3,33,0
4,10,0
6,9,0
7,79,1
8,1,0
9,36,0
10,7,0
11,1,0
12,86,1
13,1,0
14,2,0
15,4,0
2,2,0
3,5,0
4,2,0
5,10,0
6,74,1
7,1,0
8,13,0
9,404,1
13,5,0
14,3,0
15,18,0
0,10,0
2,5,0
4,85,1
5,1,0
6,65,1
7,16,0
9,4,0
10,105,1
12,3,0
13,12,0
14,4,0
15,5,0
0,4,0
1,190,1
2,10,0
3,44,0
5,4,0
6,59,1
7,17,0
10,1,0
12,9,0
13,8,0
14,41,0
15,33,0
0,9,0
2,2,0
3,12,0
4,14,0
5,78,1
7,9,0
12,5,0
13,2,0
14,3,0
15,72,1
0,6,0
1,2,0
2,4,0
3,29,0
4,16,0
5,30,0
7,3,0
9,3,0
10,4,0
11,33,0
12,21,0
13,12,0
14,1,0
15,86,1
0,45,0
1,1,0
2,1,0
3,11,0
4,1,0
5,118,1
6,1,0
7,9,0
8,1,0
9,5,0
10,60,1
11,1,0
12,9,0
13,1,0
14,5,0
0,2,0
2,1,0
3,2,0
4,2,0
6,1,0
7,2,0
10,30,0
13,4,0
15,3,0
0,17,0
1,61,1
2,2,0
3,4,0
6,91,1
7,19,0
9,29,0
10,1,0
13,2,0
14,4,0
15,4,0
1,75,1
3,10,0
4,28,0
11,20,0
12,9,0
13,10,0
3,5,0
4,2,0
5,12,0
6,5,0
7,4,0
8,2,0
10,51,1
11,84,1
14,15,0
15,54,1
0,14,0
1,3,0
3,10,0
4,1,0
6,1,0
7,6,0
8,23,0
10,1,0
11,1,0
12,1,0
13,1,0
14,2,0
15,1,0
1,1,0
2,1,0
3,37,0
5,1,0
6,13,0
8,31,0
9,43,0
10,1,0
11,7,0
14,1,0
15,73,1
1,18,0
2,2,0
3,1,0
4,37,0
5,6,0
10,29,0
12,9,0
0,5,0
1,50,0
2,2,0
3,5,0
4,16,0
5,7,0
6,89,1
10,5,0
11,75,1
15,84,1
0,1,0
1,11,0
2,10,0
3,2,0
4,2,0
5,3,0
6,20,0
7,57,1
9,4,0
10,1,0
12,264,1
13,1,0
14,1,0
15,52,1
1,1,0
2,1,0
4,1,0
5,1,0
6,8,0
7,1,0
8,2,0
10,1,0
12,84,1
14,2,0
0,9,0
1,33,0
2,56,1
3,99,1
4,24,0
5,2,0
6,162,1
10,3,0
11,1,0
12,8,0
13,3,0
14,9,0
15,41,0
0,1,0
2,1,0
3,1,0
4,1,0
6,145,1
7,11,0
8,17,0
9,5,0
10,1,0
11,18,0
13,1,0
14,1,0
15,1,0
1,2,0
2,1,0
3,4,0
4,1,0
7,12,0
8,1,0
9,1,0
10,30,0
12,1,0
13,1,0
14,4,0
15,1,0
0,112,1
1,76,1
2,1,0
3,2,0
4,1,0
5,11,0
6,215,1
7,1,0
8,27,0
9,16,0
10,21,0
12,2,0
13,1,0
14,2,0
15,1,0
1,48,0
2,1,0
3,1,0
4,68,1
5,85,1
6,64,1
8,27,0
10,30,0
12,36,0
13,1,0
14,1,0
15,1,0
0,1,0
1,1,0
2,1,0
3,2,0
4,25,0
5,2,0
6,6,0
7,46,0
9,1,0
10,9,0
11,17,0
12,2,0
13,9,0
14,1,0
15,6,0
0,4,0
1,17,0
2,18,0
3,237,1
6,171,1
7,212,1
10,10,0
12,47,0
13,10,0
14,2,0
15,56,1
0,6,0
1,126,1
2,7,0
3,42,0
4,15,0
5,12,0
6,8,0
7,7,0
8,4,0
10,3,0
12,18,0
13,1,0
14,21,0
0,30,0
1,22,0
2,4,0
3,3,0
4,130,1
5,6,0
7,113,1
11,4,0
12,12,0
1,5,0
2,12,0
3,6,0
4,70,1
5,79,1
7,9,0
11,19,0
12,81,1
13,3,0
14,211,1
15,5,0
0,10,0
2,1,0
3,1,0
4,33,0
5,65,1
7,1,0
8,42,0
9,1,0
10,8,0
13,16,0
14,7,0
15,3,0
0,5,0
1,14,0
2,15,0
3,2,0
4,161,1
6,340,1
8,14,0
9,85,1
10,6,0
11,8,0
13,1,0
14,8,0
15,192,1
0,84,1
1,58,1
3,60,1
10,152,1
12,3,0
13,5,0
14,10,0
0,11,0
1,17,0
2,2,0
3,4,0
4,3,0
6,11,0
7,4,0
10,6,0
12,14,0
13,56,1
14,6,0
15,5,0
0,226,1
1,1,0
3,71,1
4,131,1
5,1,0
7,283,1
8,11,0
9,6,0
10,15,0
13,5,0
15,1,0
0,7,0
2,34,0
7,6,0
10,6,0
12,90,1
13,21,0
14,69,1
15,17,0
2,179,1
3,7,0
4,16,0
7,1,0
8,56,1
9,2,0
10,5,0
12,148,1
13,30,0
14,6,0
1,30,0
2,4,0
3,3,0
4,5,0
5,55,1
6,5,0
8,4,0
9,5,0
11,5,0
12,5,0
13,2,0
14,5,0
15,5,0
1,10,0
5,1,0
8,5,0
11,50,0
12,8,0
13,13,0
0,63,1
1,1,0
2,3,0
3,3,0
4,1,0
5,4,0
6,15,0
7,15,0
8,3,0
9,29,0
10,1,0
11,1,0
12,3,0
13,31,0
14,2,0
0,4,0
1,2,0
2,12,0
3,4,0
4,105,1
5,4,0
6,58,1
8,2,0
9,4,0
10,10,0
12,159,1
13,4,0
14,2,0
15,52,1
0,2,0
1,1,0
2,4,0
4,11,0
7,14,0
8,4,0
10,5,0
12,12,0
13,61,1
14,1,0
15,1,0
0,28,0
1,66,1
2,16,0
3,1,0
6,6,0
8,5,0
10,1,0
12,5,0
13,2,0
14,9,0
15,1,0
0,18,0
1,308,1
2,2,0
4,23,0
5,2,0
7,2,0
8,12,0
9,20,0
10,19,0
13,3,0
14,6,0
15,74,1
0,2,0
1,29,0
2,9,0
3,1,0
4,1,0
7,79,1
12,2,0
13,13,0
14,28,0
15,8,0
1,7,0
2,9,0
3,1,0
4,1,0
5,42,0
6,29,0
7,66,1
8,19,0
10,11,0
11,100,1
13,1,0
14,4,0
15,44,0
0,2,0
2,1,0
3,2,0
4,6,0
5,4,0
6,1,0
7,6,0
8,25,0
9,2,0
10,1,0
12,3,0
13,4,0
14,1,0
15,1,0
1,38,0
2,4,0
3,3,0
4,11,0
5,1,0
6,6,0
7,26,0
10,20,0
11,17,0
12,16,0
13,3,0
0,106,1
1,1,0
2,1,0
3,1,0
4,1,0
5,1,0
6,15,0
7,1,0
8,27,0
11,1,0
12,1,0
13,1,0
14,1,0
15,1,0
0,1,0
2,1,0
3,1,0
6,1,0
7,22,0
10,25,0
12,3,0
13,11,0
15,1,0
1,28,0
3,1,0
4,7,0
8,3,0
10,1,0
13,2,0
14,44,0
15,106,1
0,6,0
1,155,1
3,1,0
4,1,0
5,2,0
6,40,0
7,17,0
8,1,0
9,19,0
10,88,1
11,254,1
12,5,0
14,15,0
15,2,0
2,46,0
3,6,0
4,3,0
5,24,0
6,3,0
7,94,1
8,4,0
9,8,0
10,4,0
12,5,0
13,4,0
14,79,1
15,4,0
0,9,0
1,41,0
3,2,0
4,83,1
5,2,0
7,42,0
10,3,0
11,6,0
12,27,0
13,45,0
14,3,0
1,2,0
2,2,0
3,15,0
7,1,0
11,13,0
12,2,0
14,11,0
15,31,0
3,70,1
4,39,0
10,22,0
11,4,0
13,23,0
14,155,1
15,47,0
0,2,0
1,11,0
2,5,0
3,1,0
5,4,0
6,13,0
7,54,1
8,11,0
9,2,0
10,12,0
11,30,0
12,2,0
13,4,0
14,3,0
1,45,0
2,6,0
3,13,0
4,8,0
8,26,0
11,2,0
12,1,0
13,20,0
0,31,0
1,46,0
2,5,0
3,25,0
4,2,0
5,15,0
6,2,0
7,1,0
8,32,0
9,45,0
10,1,0
11,1,0
12,14,0
13,1,0
14,1,0
15,10,0
1,17,0
2,5,0
3,1,0
5,2,0
6,5,0
8,3,0
9,44,0
10,13,0
12,15,0
13,1,0
14,1,0
15,27,0
1,11,0
2,2,0
4,332,1
8,95,1
12,7,0
14,11,0
15,74,1
0,146,1
2,1,0
3,6,0
4,23,0
6,82,1
7,8,0
8,3,0
9,8,0
10,30,0
12,6,0
13,1,0
14,2,0
15,2,0
0,3,0
1,2,0
2,3,0
3,1,0
4,2,0
5,5,0
7,11,0
8,34,0
10,3,0
11,23,0
13,1,0
14,4,0
15,10,0
0,67,1
2,25,0
3,3,0
4,7,0
7,15,0
8,3,0
9,191,1
10,1,0
12,14,0
13,19,0
1,4,0
2,1,0
4,4,0
10,3,0
12,10,0
13,1,0
14,8,0
15,12,0
0,1,0
2,13,0
3,2,0
7,2,0
10,1,0
13,2,0
14,1,0
15,3,0
0,1,0
1,158,1
2,2,0
3,2,0
5,2,0
6,8,0
7,2,0
8,2,0
9,82,1
10,3,0
12,3,0
13,2,0
14,1,0
1,59,1
4,15,0
5,1,0
7,15,0
9,9,0
10,36,0
12,1,0
13,1,0
14,84,1
0,2,0
1,4,0
2,4,0
4,1,0
5,28,0
6,94,1
7,3,0
10,1,0
12,3,0
13,3,0
14,1,0
15,13,0
1,23,0
2,3,0
3,4,0
4,3,0
5,37,0
6,3,0
7,3,0
8,3,0
9,3,0
10,3,0
11,47,0
13,3,0
14,1,0
1,6,0
2,1,0
4,22,0
8,1,0
11,42,0
12,5,0
13,3,0
1,21,0
3,1,0
4,3,0
5,16,0
6,136,1
7,2,0
8,16,0
9,73,1
10,8,0
12,12,0
13,7,0
14,1,0
15,1,0
0,8,0
2,5,0
3,3,0
6,13,0
10,29,0
13,47,0
14,113,1
1,2,0
2,2,0
6,55,1
7,4,0
8,1,0
14,1,0
1,42,0
2,28,0
3,6,0
4,49,0
7,1,0
12,2,0
14,8,0
0,2,0
1,19,0
2,2,0
3,4,0
4,3,0
5,2,0
6,2,0
7,6,0
8,2,0
9,2,0
12,2,0
13,8,0
14,2,0
15,2,0
2,3,0
3,5,0
4,5,0
5,21,0
6,4,0
7,10,0
8,41,0
9,3,0
10,4,0
11,23,0
12,3,0
13,93,1
14,5,0
15,4,0
0,5,0
1,1,0
2,1,0
3,29,0
5,11,0
6,6,0
9,59,1
12,71,1
13,63,1
14,1,0
15,2,0
3,38,0
4,2,0
5,395,1
6,7,0
8,176,1
10,2,0
12,5,0
13,29,0
14,49,0
15,2,0
0,24,0
2,8,0
3,14,0
4,1,0
6,114,1
7,1,0
8,9,0
9,56,1
10,7,0
13,105,1
14,14,0
2,2,0
3,1,0
5,1,0
6,1,0
7,1,0
8,1,0
12,2,0
14,4,0
0,16,0
2,3,0
3,1,0
4,12,0
6,19,0
7,1,0
8,1,0
10,20,0
15,28,0
0,13,0
1,11,0
3,7,0
4,7,0
6,15,0
8,63,1
10,13,0
12,2,0
13,9,0
0,1,0
1,2,0
2,1,0
3,13,0
4,1,0
6,1,0
7,14,0
8,4,0
9,2,0
11,1,0
12,1,0
13,67,1
14,30,0
15,10,0
0,29,0
2,1,0
3,2,0
4,1,0
5,6,0
6,21,0
8,1,0
9,1,0
10,7,0
11,41,0
12,2,0
13,1,0
14,1,0
15,19,0
2,6,0
4,2,0
7,3,0
10,11,0
12,35,0
15,1,0
1,7,0
2,68,1
3,62,1
5,9,0
7,24,0
9,170,1
12,17,0
15,43,0
0,4,0
2,5,0
3,2,0
4,2,0
6,7,0
10,1,0
11,63,1
12,8,0
13,42,0
14,3,0
15,15,0
0,12,0
2,2,0
4,12,0
7,9,0
10,7,0
12,1,0
13,18,0
0,10,0
2,1,0
3,1,0
4,4,0
5,49,0
7,26,0
10,29,0
13,1,0
14,3,0
15,2,0
0,7,0
1,6,0
2,1,0
3,1,0
4,10,0
5,45,0
6,14,0
7,34,0
8,1,0
10,1,0
13,7,0
14,1,0
15,69,1
0,1,0
2,1,0
3,8,0
6,1,0
7,6,0
9,38,0
10,24,0
12,2,0
13,6,0
14,9,0
15,1,0
3,2,0
10,79,1
11,54,1
13,1,0
14,52,1
0,1,0
1,15,0
2,10,0
3,8,0
7,36,0
9,1,0
10,11,0
11,8,0
12,3,0
14,9,0
15,62,1
1,3,0
2,3,0
3,2,0
4,3,0
5,34,0
7,3,0
8,3,0
9,2,0
10,3,0
11,31,0
12,3,0
14,2,0
0,2,0
1,9,0
2,2,0
3,2,0
4,5,0
5,2,0
6,1,0
7,9,0
9,46,0
11,2,0
13,3,0
14,1,0
2,1,0
5,4,0
9,26,0
12,31,0
13,6,0
0,1,0
1,1,0
3,25,0
4,5,0
5,5,0
6,6,0
8,10,0
10,25,0
12,1,0
13,2,0
14,1,0
15,5,0
0,1,0
1,124,1
2,35,0
3,7,0
8,2,0
9,85,1
10,4,0
12,1,0
13,12,0
14,15,0
15,1,0
0,24,0
1,1,0
3,65,1
5,42,0
8,229,1
10,1,0
12,50,0
13,61,1
2,2,0
3,2,0
5,6,0
7,13,0
8,47,0
9,1,0
10,12,0
11,6,0
12,5,0
13,3,0
14,3,0
15,5,0
0,3,0
1,55,1
2,10,0
3,7,0
4,4,0
5,1,0
6,10,0
7,3,0
8,18,0
9,33,0
10,5,0
12,4,0
13,1,0
14,3,0
15,6,0
0,1,0
1,48,0
2,1,0
3,1,0
4,3,0
5,3,0
6,1,0
8,1,0
9,1,0
10,8,0
11,7,0
12,1,0
13,1,0
14,1,0
15,1,0
1,4,0
2,13,0
3,21,0
5,13,0
6,22,0
8,11,0
12,1,0
13,113,1
15,14,0
1,7,0
2,1,0
3,7,0
7,34,0
8,13,0
9,14,0
10,183,1
0,42,0
2,4,0
3,5,0
4,15,0
7,4,0
8,10,0
9,3,0
10,6,0
11,4,0
12,4,0
13,5,0
14,6,0
15,4,0
0,2,0
1,66,1
2,1,0
3,3,0
4,5,0
5,19,0
6,4,0
8,11,0
9,37,0
11,6,0
13,4,0
14,15,0
15,1,0
2,10,0
3,2,0
4,30,0
5,5,0
6,6,0
7,1,0
8,36,0
10,17,0
12,2,0
14,1,0
15,9,0
2,2,0
6,1,0
7,4,0
8,2,0
9,201,1
10,5,0
12,5,0
13,83,1
14,1,0
0,2,0
2,3,0
3,28,0
4,3,0
7,1,0
9,33,0
12,31,0
13,15,0
14,1,0
15,4,0
0,8,0
2,25,0
4,1,0
7,1,0
8,6,0
13,44,0
15,1,0
0,1,0
1,5,0
3,1,0
4,21,0
5,1,0
6,17,0
8,1,0
9,14,0
10,11,0
11,37,0
12,92,1
13,1,0
14,1,0
0,8,0
2,3,0
3,4,0
4,63,1
6,3,0
10,4,0
12,2,0
13,21,0
14,2,0
15,3,0
0,1,0
1,6,0
2,4,0
4,5,0
14,1,0
0,57,1
1,12,0
2,22,0
3,2,0
4,16,0
9,36,0
10,5,0
11,14,0
12,4,0
13,17,0
15,1,0
2,22,0
3,5,0
4,1,0
7,4,0
9,6,0
10,2,0
13,207,1
14,5,0
0,3,0
1,4,0
3,113,1
4,1,0
5,21,0
7,21,0
8,2,0
9,18,0
12,1,0
13,1,0
14,2,0
0,2,0
1,200,1
2,28,0
3,1,0
5,33,0
6,1,0
7,2,0
9,89,1
10,1,0
12,75,1
13,7,0
14,5,0
15,5,0
3,55,1
4,9,0
5,59,1
7,6,0
8,10,0
9,4,0
10,5,0
11,12,0
12,7,0
13,7,0
14,2,0
15,6,0
1,1,0
2,1,0
3,8,0
4,3,0
5,1,0
6,1,0
7,8,0
8,25,0
11,29,0
13,66,1
14,6,0
0,275,1
2,11,0
3,2,0
4,9,0
5,2,0
6,70,1
7,28,0
9,6,0
10,2,0
12,5,0
13,2,0
14,1,0
15,7,0
0,3,0
1,23,0
2,2,0
3,6,0
4,4,0
5,6,0
7,2,0
10,4,0
12,30,0
13,13,0
14,31,0
15,2,0
0,28,0
1,5,0
3,5,0
4,8,0
7,11,0
9,6,0
10,2,0
12,2,0
13,5,0
1,4,0
2,3,0
3,16,0
4,21,0
6,2,0
7,42,0
8,17,0
9,11,0
10,2,0
11,22,0
12,10,0
13,2,0
15,2,0
0,15,0
1,2,0
2,1,0
3,2,0
4,55,1
6,1,0
7,85,1
8,1,0
9,4,0
10,1,0
12,1,0
14,7,0
15,23,0
0,10,0
2,4,0
3,6,0
4,70,1
5,1,0
6,1,0
7,11,0
8,1,0
10,3,0
14,1,0
15,31,0
2,2,0
5,1,0
7,37,0
10,52,1
0,89,1
1,15,0
2,26,0
3,90,1
4,106,1
7,41,0
8,62,1
10,1,0
13,185,1
14,3,0
15,1,0
0,35,0
3,18,0
5,8,0
6,3,0
8,38,0
10,21,0
12,1,0
13,123,1
14,2,0
15,2,0
0,10,0
1,26,0
2,2,0
3,2,0
4,136,1
8,70,1
12,66,1
13,30,0
15,13,0
0,5,0
1,105,1
2,10,0
3,3,0
5,18,0
6,122,1
8,10,0
10,1,0
12,21,0
13,2,0
0,5,0
2,2,0
3,1,0
4,88,1
5,1,0
6,2,0
8,1,0
9,12,0
10,5,0
12,43,0
13,1,0
14,13,0
1,15,0
2,4,0
5,60,1
9,6,0
12,15,0
13,2,0
0,1,0
1,5,0
2,3,0
3,8,0
4,2,0
7,1,0
8,38,0
10,1,0
12,36,0
13,37,0
14,1,0
15,6,0
0,4,0
1,42,0
3,2,0
7,28,0
8,24,0
9,1,0
12,58,1
14,1,0
15,47,0
1,7,0
2,1,0
3,4,0
4,1,0
5,2,0
6,2,0
7,13,0
8,37,0
9,3,0
10,2,0
12,1,0
13,89,1
14,1,0
0,24,0
2,1,0
3,1,0
4,1,0
9,13,0
10,1,0
13,5,0
0,22,0
3,17,0
4,22,0
7,13,0
10,46,0
12,13,0
13,12,0
1,56,1
2,3,0
3,12,0
4,3,0
5,21,0
7,3,0
9,10,0
10,1,0
12,3,0
13,3,0
14,2,0
15,3,0
3,17,0
4,8,0
5,58,1
7,24,0
10,4,0
11,20,0
0,1,0
2,1,0
3,59,1
4,17,0
5,1,0
7,3,0
9,1,0
10,1,0
12,1,0
13,1,0
14,9,0
15,4,0
1,12,0
7,68,1
8,5,0
12,2,0
13,1,0
15,1,0
0,5,0
2,2,0
5,3,0
7,12,0
10,4,0
11,3,0
12,24,0
13,47,0
14,5,0
0,2,0
2,27,0
3,45,0
4,144,1
5,25,0
8,13,0
10,94,1
12,1,0
13,53,1
14,2,0
15,2,0
0,26,0
2,1,0
3,8,0
4,1,0
5,16,0
6,4,0
7,3,0
8,1,0
9,1,0
10,1,0
11,18,0
12,5,0
14,1,0
0,2,0
3,1,0
4,2,0
5,33,0
6,2,0
7,10,0
8,2,0
11,10,0
13,2,0
14,4,0
0,2,0
1,16,0
2,2,0
3,2,0
4,3,0
6,2,0
7,7,0
8,2,0
9,2,0
12,2,0
13,2,0
14,28,0
15,7,0
0,59,1
3,1,0
7,1,0
8,13,0
10,3,0
12,41,0
13,1,0
14,5,0
15,38,0
0,4,0
2,3,0
3,22,0
6,4,0
7,1,0
8,72,1
9,89,1
10,1,0
12,7,0
13,6,0
14,11,0
15,1,0
1,2,0
2,14,0
3,8,0
4,6,0
9,91,1
10,2,0
12,14,0
13,2,0
14,4,0
15,1,0
1,127,1
2,40,0
3,1,0
4,3,0
5,34,0
7,1,0
10,39,0
11,36,0
12,20,0
14,1,0
2,1,0
3,109,1
4,27,0
5,4,0
7,1,0
8,11,0
10,42,0
13,11,0
1,36,0
2,4,0
3,73,1
4,4,0
5,2,0
8,1,0
10,10,0
12,1,0
13,1,0
14,7,0
15,1,0
1,134,1
2,1,0
3,12,0
4,1,0
7,1,0
8,1,0
9,3,0
10,2,0
12,4,0
13,6,0
14,1,0
15,24,0
0,1,0
2,5,0
5,3,0
12,1,0
14,6,0
15,37,0
1,39,0
3,1,0
7,6,0
8,45,0
10,34,0
14,16,0
15,1,0
1,5,0
2,2,0
4,65,1
10,8,0
12,5,0
13,1,0
14,17,0
15,46,0
1,8,0
2,4,0
4,8,0
8,1,0
12,1,0
14,56,1
2,12,0
3,2,0
5,7,0
7,2,0
8,22,0
10,96,1
11,7,0
13,7,0
15,1,0
0,85,1
3,51,1
4,7,0
5,2,0
7,46,0
8,21,0
10,1,0
11,11,0
13,3,0
15,2,0
1,5,0
2,2,0
3,41,0
12,13,0
0,88,1
2,2,0
6,6,0
7,2,0
8,30,0
9,1,0
10,5,0
13,8,0
14,1,0
0,2,0
1,16,0
2,2,0
3,2,0
4,2,0
5,3,0
6,7,0
7,2,0
9,5,0
10,18,0
11,1,0
12,31,0
13,18,0
14,2,0
15,56,1
1,60,1
2,3,0
3,7,0
8,1,0
9,3,0
12,26,0
15,3,0
1,1,0
2,24,0
4,62,1
5,34,0
7,2,0
8,9,0
10,25,0
14,9,0
15,82,1
0,17,0
2,2,0
3,3,0
4,2,0
6,57,1
9,2,0
12,10,0
2,4,0
3,1,0
5,1,0
12,39,0
13,49,0
15,55,1
2,1,0
3,1,0
4,13,0
6,13,0
8,5,0
12,22,0
13,43,0
14,2,0
15,4,0
0,4,0
2,1,0
3,7,0
4,11,0
5,42,0
6,39,0
7,11,0
8,4,0
9,2,0
10,8,0
12,4,0
13,19,0
14,5,0
15,5,0
1,1,0
3,1,0
5,5,0
10,3,0
11,3,0
15,1,0
1,1,0
2,1,0
4,10,0
6,6,0
7,28,0
10,5,0
11,12,0
12,13,0
14,1,0
15,1,0
0,24,0
2,2,0
3,6,0
5,26,0
6,27,0
7,5,0
8,9,0
10,6,0
12,2,0
13,3,0
14,2,0
15,2,0
2,9,0
3,2,0
4,1,0
8,13,0
10,16,0
12,12,0
13,2,0
14,2,0
15,17,0
0,1,0
2,1,0
3,21,0
4,36,0
5,2,0
6,2,0
7,2,0
10,4,0
11,3,0
12,2,0
13,2,0
14,1,0
15,2,0
1,1,0
3,3,0
7,3,0
11,2,0
12,3,0
15,4,0
0,3,0
2,10,0
3,2,0
4,16,0
8,1,0
9,49,0
10,2,0
11,4,0
15,4,0
0,4,0
1,2,0
2,2,0
3,2,0
7,6,0
10,3,0
12,1,0
13,8,0
15,15,0
1,13,0
2,3,0
3,12,0
4,47,0
5,43,0
7,10,0
10,12,0
11,1,0
12,5,0
13,28,0
14,1,0
1,69,1
2,2,0
8,18,0
13,109,1
0,1,0
1,37,0
2,17,0
3,2,0
7,29,0
10,4,0
14,2,0
15,8,0
1,30,0
5,3,0
0,6,0
2,5,0
3,1,0
5,1,0
6,2,0
7,91,1
8,1,0
12,3,0
13,4,0
14,1,0
15,1,0
0,4,0
4,30,0
5,25,0
8,1,0
9,39,0
10,1,0
13,4,0
14,8,0
2,1,0
4,22,0
5,3,0
6,1,0
7,3,0
8,3,0
9,3,0
10,1,0
11,3,0
13,7,0
15,33,0
1,26,0
5,9,0
8,3,0
13,4,0
14,12,0
0,2,0
2,3,0
4,2,0
5,10,0
6,2,0
7,2,0
8,2,0
10,2,0
13,15,0
14,3,0
3,50,0
4,7,0
5,2,0
6,4,0
10,17,0
11,30,0
14,10,0
15,1,0
0,34,0
1,1,0
7,1,0
8,7,0
12,1,0
13,2,0
14,1,0
1,1,0
2,1,0
3,6,0
4,8,0
7,20,0
8,1,0
10,8,0
12,1,0
13,34,0
14,2,0
15,15,0
0,2,0
2,1,0
3,1,0
5,1,0
8,33,0
10,22,0
12,32,0
13,17,0
14,8,0
2,1,0
3,6,0
4,1,0
13,1,0
15,1,0
0,5,0
2,1,0
3,4,0
5,11,0
7,30,0
9,7,0
10,6,0
12,22,0
13,6,0
14,7,0
1,53,1
3,1,0
4,5,0
6,14,0
7,22,0
8,49,0
10,1,0
11,5,0
14,1,0
2,10,0
5,30,0
10,45,0
12,1,0
13,23,0
0,3,0
1,15,0
2,2,0
3,3,0
9,3,0
10,10,0
14,16,0
15,13,0
1,2,0
2,1,0
3,2,0
4,2,0
5,8,0
6,1,0
7,2,0
9,5,0
10,62,1
12,33,0
14,7,0
15,1,0
0,22,0
3,14,0
4,8,0
7,45,0
8,16,0
9,51,1
10,8,0
2,2,0
3,5,0
4,1,0
5,1,0
7,8,0
8,6,0
9,12,0
10,7,0
12,1,0
14,1,0
15,2,0
1,26,0
3,6,0
4,2,0
6,1,0
7,2,0
13,3,0
1,97,1
2,3,0
5,1,0
8,21,0
10,22,0
14,49,0
15,72,1
2,34,0
4,2,0
5,2,0
7,7,0
10,1,0
14,4,0
15,18,0
1,1,0
2,2,0
3,3,0
4,18,0
5,3,0
6,4,0
8,2,0
9,64,1
10,1,0
12,2,0
13,2,0
14,2,0
15,3,0
2,1,0
4,4,0
6,3,0
8,3,0
9,3,0
10,16,0
13,3,0
14,1,0
15,3,0
0,13,0
1,40,0
2,62,1
3,1,0
7,3,0
9,11,0
10,25,0
12,6,0
14,5,0
1,21,0
2,24,0
5,3,0
6,10,0
7,3,0
11,3,0
12,21,0
13,1,0
14,1,0
1,18,0
2,28,0
4,2,0
5,1,0
14,1,0
15,2,0
0,29,0
1,4,0
2,1,0
3,10,0
4,9,0
5,2,0
8,7,0
10,1,0
12,1,0
14,3,0
15,3,0
0,5,0
3,5,0
4,17,0
6,3,0
8,4,0
10,10,0
11,31,0
13,2,0
14,35,0
0,35,0
1,53,1
3,3,0
6,10,0
7,34,0
8,24,0
9,33,0
10,78,1
12,46,0
13,4,0
14,3,0
15,4,0
0,1,0
1,3,0
2,2,0
3,1,0
10,19,0
12,6,0
14,10,0
1,7,0
2,1,0
8,22,0
12,1,0
14,47,0
1,4,0
2,19,0
3,1,0
10,5,0
12,3,0
14,50,0
15,36,0
0,13,0
1,1,0
2,1,0
3,3,0
4,30,0
5,2,0
6,12,0
7,26,0
8,3,0
9,7,0
11,27,0
12,22,0
13,1,0
14,1,0
1,3,0
2,2,0
3,4,0
10,69,1
12,153,1
13,4,0
1,1,0
7,2,0
8,1,0
12,3,0
13,1,0
15,7,0
1,1,0
2,20,0
3,1,0
6,20,0
8,1,0
9,2,0
10,1,0
12,1,0
13,29,0
14,1,0
0,47,0
1,17,0
2,85,1
7,2,0
9,32,0
10,5,0
14,4,0
15,1,0
0,4,0
2,2,0
3,3,0
4,2,0
5,2,0
6,3,0
7,4,0
9,2,0
10,2,0
12,7,0
13,4,0
14,3,0
15,3,0
2,1,0
4,49,0
9,21,0
10,2,0
12,8,0
13,1,0
14,2,0
15,6,0
1,24,0
2,1,0
4,1,0
5,5,0
6,29,0
7,8,0
8,11,0
10,4,0
13,17,0
14,40,0
2,2,0
3,3,0
4,11,0
7,5,0
8,1,0
9,3,0
12,1,0
14,105,1
15,41,0
2,3,0
3,1,0
8,45,0
11,16,0
13,1,0
14,2,0
0,9,0
3,16,0
4,3,0
5,3,0
7,4,0
9,2,0
10,2,0
12,43,0
13,6,0
14,3,0
15,13,0
0,1,0
1,7,0
2,1,0
3,1,0
4,63,1
5,1,0
6,4,0
8,1,0
9,1,0
11,17,0
12,1,0
13,1,0
14,1,0
15,39,0
2,22,0
3,1,0
7,9,0
9,37,0
10,11,0
13,1,0
14,6,0
15,2,0
0,1,0
3,7,0
4,1,0
7,2,0
10,10,0
13,16,0
14,10,0
15,2,0
0,1,0
1,2,0
2,1,0
4,3,0
5,10,0
6,2,0
7,19,0
9,1,0
10,11,0
11,17,0
12,1,0
14,15,0
0,17,0
2,1,0
3,2,0
4,2,0
5,1,0
7,3,0
9,1,0
10,4,0
12,1,0
13,1,0
14,1,0
15,2,0
0,21,0
2,2,0
3,4,0
4,24,0
5,3,0
7,8,0
9,8,0
10,11,0
11,1,0
14,3,0
0,4,0
1,6,0
2,34,0
3,25,0
4,44,0
10,1,0
12,1,0
14,10,0
5,1,0
7,54,1
10,2,0
12,1,0
13,1,0
14,33,0
1,2,0
2,1,0
3,26,0
7,1,0
11,6,0
12,5,0
15,14,0
0,10,0
1,25,0
2,2,0
3,5,0
4,9,0
5,7,0
6,7,0
8,4,0
10,2,0
12,2,0
13,2,0
14,2,0
15,6,0
0,3,0
2,1,0
3,2,0
6,1,0
7,9,0
10,4,0
12,10,0
14,1,0
1,7,0
2,2,0
5,14,0
6,9,0
10,11,0
11,1,0
15,1,0
1,15,0
2,2,0
3,75,1
4,25,0
5,3,0
7,19,0
12,1,0
1,3,0
3,1,0
5,28,0
7,3,0
8,1,0
10,23,0
11,17,0
12,1,0
13,3,0
1,6,0
3,22,0
5,2,0
15,49,0
0,2,0
1,3,0
3,2,0
4,2,0
7,3,0
8,71,1
9,2,0
10,1,0
13,2,0
14,2,0
15,24,0
0,29,0
1,2,0
2,1,0
3,5,0
7,2,0
9,1,0
10,7,0
13,15,0
15,12,0
0,4,0
1,1,0
2,40,0
3,4,0
4,18,0
5,11,0
6,69,1
7,4,0
8,1,0
9,35,0
10,47,0
13,5,0
14,1,0
15,2,0
1,1,0
2,14,0
3,2,0
4,1,0
6,14,0
7,1,0
8,12,0
9,2,0
10,21,0
11,1,0
12,16,0
13,1,0
2,11,0
3,2,0
6,2,0
7,18,0
8,3,0
9,5,0
10,16,0
12,64,1
13,10,0
14,3,0
15,31,0
1,37,0
3,1,0
5,1,0
10,2,0
12,5,0
13,2,0
15,6,0
0,5,0
1,5,0
2,14,0
4,47,0
9,1,0
12,1,0
14,7,0
15,5,0
0,2,0
1,3,0
2,8,0
4,8,0
5,4,0
10,1,0
12,11,0
13,1,0
14,2,0
1,2,0
2,6,0
6,20,0
12,1,0
4,1,0
7,2,0
8,11,0
9,12,0
10,1,0
11,2,0
13,1,0
14,3,0
15,2,0
0,16,0
1,1,0
3,1,0
4,1,0
6,4,0
7,14,0
8,3,0
9,1,0
10,20,0
11,15,0
13,1,0
15,60,1
1,24,0
2,2,0
3,2,0
4,2,0
10,1,0
13,13,0
0,9,0
3,1,0
4,1,0
5,1,0
6,1,0
7,2,0
9,1,0
10,13,0
11,11,0
13,7,0
15,53,1
4,9,0
5,2,0
11,57,1
13,2,0
14,1,0
3,2,0
4,22,0
6,16,0
7,2,0
10,14,0
12,49,0
15,51,1
0,6,0
2,3,0
3,14,0
4,52,1
9,8,0
10,2,0
11,14,0
13,9,0
14,29,0
15,13,0
1,2,0
7,8,0
0,2,0
2,32,0
3,11,0
4,6,0
7,5,0
10,8,0
12,2,0
13,10,0
14,6,0
1,1,0
2,2,0
3,33,0
4,11,0
6,37,0
7,2,0
9,12,0
10,5,0
11,3,0
12,46,0
13,4,0
0,1,0
2,90,1
3,1,0
7,15,0
8,4,0
10,1,0
13,8,0
14,22,0
15,1,0
1,1,0
2,3,0
3,39,0
5,1,0
6,7,0
8,7,0
13,1,0
15,1,0
1,5,0
2,6,0
5,5,0
6,3,0
7,3,0
12,7,0
14,3,0
15,5,0
3,1,0
5,1,0
10,1,0
12,9,0
0,3,0
3,9,0
5,1,0
7,2,0
8,5,0
10,1,0
11,1,0
12,9,0
13,2,0
14,2,0
15,1,0
1,26,0
4,23,0
7,1,0
11,1,0
12,6,0
13,16,0
14,13,0
0,30,0
3,37,0
4,8,0
5,2,0
6,1,0
7,29,0
9,36,0
12,4,0
14,3,0
15,4,0
4,1,0
5,4,0
6,1,0
7,1,0
8,1,0
9,1,0
10,1,0
12,1,0
13,6,0
14,1,0
15,1,0
0,9,0
1,1,0
2,1,0
3,1,0
4,1,0
5,1,0
6,1,0
7,26,0
8,1,0
9,1,0
11,8,0
12,1,0
13,1,0
14,1,0
15,13,0
2,8,0
4,6,0
13,10,0
14,25,0
15,2,0
0,4,0
1,17,0
2,4,0
3,4,0
6,3,0
7,6,0
8,5,0
13,3,0
14,5,0
3,7,0
5,1,0
6,11,0
7,9,0
13,1,0
0,40,0
2,4,0
3,5,0
7,9,0
8,1,0
9,16,0
10,14,0
13,4,0
15,30,0
0,58,1
2,9,0
3,2,0
10,46,0
13,46,0
2,1,0
5,5,0
7,4,0
9,7,0
10,6,0
12,199,1
13,8,0
15,30,0
2,1,0
3,1,0
4,3,0
7,1,0
8,1,0
9,2,0
10,12,0
11,11,0
12,3,0
13,3,0
14,1,0
15,1,0
7,2,0
8,2,0
9,33,0
10,3,0
13,2,0
14,29,0
15,8,0
1,6,0
2,1,0
3,50,0
4,11,0
10,1,0
13,4,0
14,41,0
15,54,1
2,3,0
4,2,0
5,14,0
6,18,0
10,2,0
12,2,0
13,12,0
2,12,0
4,28,0
6,24,0
8,8,0
14,2,0
1,9,0
2,1,0
3,7,0
6,6,0
7,1,0
8,1,0
10,1,0
12,7,0
13,1,0
14,1,0
0,60,1
1,6,0
2,1,0
5,4,0
7,5,0
8,1,0
9,1,0
10,17,0
12,6,0
14,1,0
15,3,0
2,2,0
3,29,0
4,1,0
6,3,0
8,1,0
9,1,0
10,1,0
12,1,0
13,1,0
14,1,0
15,1,0
0,1,0
2,1,0
3,11,0
4,1,0
7,20,0
9,1,0
10,38,0
12,4,0
15,1,0
4,8,0
8,2,0
9,2,0
10,3,0
14,3,0
15,2,0
3,22,0
5,2,0
7,12,0
9,4,0
1,6,0
2,1,0
3,18,0
8,1,0
9,1,0
10,18,0
12,14,0
13,3,0
14,3,0
15,17,0
1,10,0
2,14,0
4,6,0
5,1,0
8,3,0
10,24,0
13,2,0
14,23,0
15,2,0
0,38,0
1,4,0
2,1,0
4,1,0
5,4,0
8,16,0
9,12,0
10,8,0
12,1,0
14,1,0
2,1,0
6,12,0
7,1,0
8,1,0
13,1,0
14,3,0
1,13,0
3,10,0
5,17,0
8,3,0
14,32,0
0,1,0
1,16,0
2,4,0
3,2,0
4,12,0
5,3,0
7,29,0
9,17,0
10,5,0
12,1,0
13,2,0
14,1,0
0,2,0
2,2,0
3,1,0
4,2,0
5,2,0
6,2,0
7,2,0
8,1,0
9,3,0
12,2,0
13,2,0
14,2,0
0,1,0
1,15,0
2,1,0
3,1,0
5,3,0
7,1,0
9,1,0
12,3,0
13,1,0
14,1,0
15,3,0
2,2,0
3,12,0
4,20,0
5,3,0
6,2,0
8,32,0
13,22,0
14,1,0
2,18,0
3,7,0
4,23,0
6,30,0
7,1,0
10,1,0
11,6,0
12,6,0
14,1,0
2,1,0
3,3,0
4,3,0
5,1,0
7,1,0
9,1,0
10,5,0
14,1,0
15,3,0
0,2,0
1,1,0
2,1,0
5,1,0
7,1,0
10,2,0
12,11,0
13,2,0
14,1,0
15,10,0
0,6,0
6,5,0
7,4,0
10,37,0
12,4,0
13,4,0
15,29,0
0,1,0
2,1,0
3,1,0
4,2,0
5,1,0
6,1,0
7,2,0
8,1,0
9,1,0
10,1,0
11,1,0
12,1,0
13,2,0
14,1,0
3,1,0
5,1,0
7,1,0
8,10,0
10,6,0
13,1,0
14,2,0
0,4,0
1,14,0
3,5,0
4,7,0
7,1,0
9,13,0
13,4,0
14,10,0
15,2,0
2,28,0
3,6,0
5,1,0
6,2,0
9,10,0
11,3,0
14,8,0
0,2,0
2,10,0
3,7,0
4,19,0
12,45,0
14,4,0
15,3,0
0,7,0
2,3,0
3,5,0
4,29,0
5,7,0
7,36,0
8,4,0
9,3,0
10,6,0
12,6,0
13,4,0
14,2,0
15,3,0
0,14,0
1,17,0
4,2,0
6,1,0
8,1,0
11,7,0
13,5,0
14,22,0
4,14,0
6,10,0
7,2,0
10,1,0
14,6,0
15,4,0
1,1,0
2,26,0
3,8,0
4,6,0
7,29,0
8,5,0
9,1,0
10,1,0
11,3,0
12,8,0
13,4,0
14,6,0
15,7,0
2,17,0
3,3,0
6,6,0
9,3,0
10,5,0
11,1,0
13,6,0
14,3,0
0,29,0
1,1,0
2,1,0
4,5,0
5,2,0
6,1,0
7,5,0
8,14,0
12,1,0
13,1,0
14,1,0
0,8,0
1,30,0
5,3,0
7,5,0
8,2,0
9,18,0
10,44,0
14,2,0
0,2,0
2,24,0
3,3,0
5,5,0
6,13,0
7,3,0
8,4,0
9,3,0
11,5,0
12,5,0
13,3,0
14,2,0
15,9,0
0,51,1
2,4,0
3,4,0
4,5,0
10,4,0
14,11,0
15,19,0
0,4,0
1,15,0
2,1,0
5,2,0
7,12,0
10,1,0
12,5,0
13,8,0
15,1,0
1,1,0
2,5,0
3,1,0
4,4,0
5,7,0
7,1,0
9,3,0
10,7,0
13,7,0
14,2,0
15,16,0
2,122,1
3,6,0
6,6,0
10,5,0
13,7,0
0,4,0
1,1,0
2,40,0
3,1,0
4,1,0
7,1,0
8,100,1
9,1,0
10,1,0
12,2,0
13,1,0
14,1,0
15,5,0
0,11,0
1,39,0
2,1,0
3,1,0
4,1,0
5,39,0
6,8,0
8,55,1
12,1,0
13,8,0
14,1,0
15,2,0
0,26,0
1,3,0
2,3,0
3,2,0
4,1,0
6,8,0
7,1,0
10,27,0
11,4,0
12,1,0
13,2,0
14,4,0
15,1,0
0,4,0
2,42,0
3,60,1
4,3,0
5,3,0
6,3,0
8,5,0
9,9,0
12,6,0
13,7,0
14,3,0
0,1,0
2,21,0
3,4,0
4,1,0
8,9,0
9,15,0
10,33,0
0,1,0
1,3,0
2,3,0
3,3,0
4,8,0
5,3,0
6,14,0
9,2,0
10,17,0
11,3,0
12,6,0
13,3,0
14,3,0
15,6,0
0,2,0
2,1,0
4,1,0
5,1,0
6,21,0
7,7,0
9,6,0
10,1,0
13,1,0
14,1,0
15,3,0
1,3,0
2,2,0
3,2,0
4,2,0
6,28,0
9,3,0
11,4,0
12,52,1
14,3,0
3,1,0
4,1,0
7,3,0
9,1,0
10,21,0
12,1,0
13,8,0
14,10,0
0,1,0
2,5,0
3,12,0
5,1,0
7,66,1
12,1,0
13,1,0
14,4,0
15,10,0
0,13,0
1,1,0
2,1,0
4,1,0
5,1,0
7,53,1
8,1,0
9,2,0
10,5,0
12,69,1
14,2,0
15,6,0
0,4,0
2,6,0
3,6,0
4,5,0
5,3,0
9,12,0
10,23,0
11,4,0
12,6,0
14,6,0
15,5,0
0,5,0
2,2,0
3,47,0
7,1,0
8,82,1
10,16,0
13,9,0
1,52,1
3,2,0
8,6,0
12,14,0
0,14,0
1,3,0
2,2,0
3,5,0
4,2,0
5,3,0
6,30,0
7,3,0
8,15,0
9,8,0
11,3,0
12,1,0
13,7,0
14,3,0
15,1,0
0,6,0
1,5,0
3,23,0
4,16,0
7,6,0
8,7,0
9,7,0
10,3,0
13,10,0
14,21,0
15,8,0
3,3,0
4,1,0
7,1,0
10,1,0
15,1,0
0,1,0
1,3,0
5,2,0
7,7,0
8,66,1
11,12,0
12,6,0
13,24,0
14,1,0
15,2,0
0,1,0
2,8,0
3,2,0
6,1,0
7,24,0
8,2,0
9,2,0
10,1,0
12,2,0
14,11,0
15,3,0
1,14,0
2,7,0
6,27,0
7,3,0
14,1,0
0,18,0
2,2,0
3,1,0
4,1,0
5,1,0
6,1,0
7,1,0
9,4,0
10,1,0
11,4,0
12,1,0
14,2,0
15,2,0
2,2,0
3,1,0
10,7,0
12,2,0
0,1,0
1,2,0
2,2,0
3,5,0
4,6,0
5,25,0
7,4,0
8,3,0
9,1,0
12,37,0
13,4,0
14,1,0
15,7,0
1,1,0
2,1,0
3,1,0
4,5,0
6,5,0
7,1,0
9,18,0
10,1,0
11,2,0
12,2,0
13,2,0
14,2,0
3,1,0
7,2,0
8,1,0
0,25,0
1,25,0
3,6,0
5,9,0
8,3,0
1,24,0
2,3,0
3,4,0
5,7,0
8,14,0
10,5,0
12,20,0
13,6,0
15,2,0
0,4,0
2,1,0
4,1,0
5,9,0
7,5,0
9,47,0
13,1,0
14,19,0
15,25,0
0,11,0
2,1,0
3,3,0
4,1,0
7,39,0
12,10,0
3,5,0
4,8,0
5,66,1
12,14,0
2,14,0
3,2,0
7,44,0
8,31,0
9,1,0
10,21,0
14,1,0
0,3,0
2,10,0
3,3,0
4,33,0
6,8,0
7,1,0
13,4,0
14,2,0
15,1,0
3,6,0
4,8,0
5,8,0
6,1,0
7,19,0
8,2,0
10,10,0
13,43,0
14,46,0
15,3,0
0,1,0
2,1,0
3,1,0
4,1,0
6,21,0
7,1,0
9,4,0
12,1,0
14,1,0
0,5,0
1,10,0
2,1,0
3,2,0
4,5,0
8,2,0
9,2,0
10,11,0
12,2,0
13,1,0
14,6,0
1,16,0
2,2,0
3,12,0
8,7,0
10,6,0
12,6,0
13,23,0
1,54,1
2,2,0
4,56,1
7,4,0
8,18,0
10,5,0
12,5,0
14,1,0
15,11,0
0,9,0
1,1,0
2,4,0
3,1,0
5,1,0
6,1,0
7,15,0
8,2,0
11,14,0
12,1,0
13,6,0
15,7,0
0,1,0
1,1,0
2,3,0
3,2,0
6,28,0
7,3,0
9,9,0
10,1,0
12,7,0
13,11,0
0,1,0
2,17,0
3,9,0
5,2,0
7,6,0
9,1,0
10,2,0
12,1,0
13,1,0
14,1,0
2,4,0
4,3,0
7,2,0
9,7,0
13,34,0
15,5,0
2,1,0
3,1,0
5,6,0
7,5,0
8,3,0
10,15,0
11,9,0
13,1,0
14,1,0
15,5,0
2,3,0
3,1,0
4,1,0
5,23,0
6,9,0
8,1,0
10,1,0
11,34,0
12,1,0
14,10,0
15,4,0
1,1,0
8,11,0
11,31,0
12,1,0
13,5,0
0,16,0
3,4,0
5,30,0
7,6,0
10,13,0
15,2,0
0,7,0
4,30,0
6,37,0
9,1,0
14,1,0
15,1,0
0,3,0
2,1,0
3,1,0
10,3,0
12,54,1
14,1,0
0,15,0
2,9,0
3,5,0
5,69,1
7,13,0
9,1,0
10,4,0
12,1,0
3,2,0
4,2,0
5,31,0
6,9,0
7,1,0
9,10,0
10,4,0
13,6,0
14,1,0
15,6,0
3,2,0
4,52,1
6,2,0
7,9,0
8,7,0
9,2,0
10,3,0
12,4,0
14,2,0
1,2,0
3,7,0
5,1,0
10,1,0
12,1,0
14,1,0
2,4,0
3,5,0
9,2,0
10,2,0
13,26,0
14,2,0
0,1,0
1,2,0
2,12,0
3,7,0
4,2,0
6,1,0
7,2,0
8,2,0
9,1,0
11,4,0
12,1,0
13,12,0
14,1,0
15,2,0
0,7,0
2,34,0
3,10,0
5,5,0
10,1,0
11,3,0
13,1,0
15,2,0
0,3,0
1,10,0
3,8,0
4,2,0
5,31,0
9,10,0
13,3,0
2,15,0
5,6,0
13,14,0
14,14,0
15,5,0
0,1,0
2,1,0
3,2,0
4,1,0
8,4,0
13,1,0
15,56,1
3,28,0
7,1,0
8,1,0
9,13,0
10,36,0
11,8,0
13,1,0
14,2,0
3,1,0
4,3,0
5,17,0
6,6,0
9,1,0
10,1,0
12,1,0
13,1,0
14,1,0
2,1,0
3,1,0
4,19,0
5,1,0
7,44,0
8,1,0
12,7,0
13,44,0
14,10,0
0,1,0
1,1,0
2,3,0
3,2,0
4,1,0
5,5,0
8,3,0
9,5,0
12,2,0
13,3,0
14,22,0
15,33,0
0,1,0
2,2,0
3,2,0
7,7,0
10,2,0
12,1,0
13,12,0
14,3,0
0,2,0
4,10,0
10,8,0
11,34,0
13,3,0
1,11,0
2,1,0
3,22,0
4,1,0
9,6,0
12,1,0
13,7,0
14,2,0
15,2,0
1,4,0
2,5,0
4,13,0
5,5,0
7,7,0
9,2,0
10,9,0
12,4,0
13,2,0
14,2,0
0,7,0
1,1,0
2,1,0
3,6,0
4,12,0
6,35,0
8,10,0
9,10,0
10,10,0
11,47,0
13,1,0
14,21,0
0,29,0
2,5,0
3,3,0
4,3,0
8,28,0
9,3,0
12,3,0
13,2,0
15,3,0
0,1,0
2,1,0
3,1,0
4,13,0
5,1,0
6,1,0
8,1,0
9,1,0
10,1,0
11,1,0
12,1,0
13,4,0
14,1,0
15,41,0
0,9,0
2,3,0
3,12,0
4,49,0
5,1,0
6,25,0
7,27,0
10,3,0
12,9,0
13,23,0
14,8,0
0,1,0
2,3,0
3,3,0
4,2,0
5,9,0
12,1,0
13,2,0
14,1,0
3,1,0
4,1,0
7,1,0
9,17,0
10,2,0
13,1,0
14,9,0
0,4,0
1,2,0
2,11,0
4,7,0
5,5,0
7,34,0
8,11,0
9,1,0
10,51,1
12,1,0
13,18,0
14,9,0
15,2,0
1,3,0
2,3,0
4,3,0
5,2,0
6,6,0
7,11,0
8,13,0
9,3,0
13,13,0
14,2,0
1,4,0
2,5,0
4,28,0
6,16,0
7,5,0
14,21,0
4,22,0
10,34,0
13,15,0
1,1,0
7,4,0
12,1,0
15,2,0
0,5,0
1,1,0
2,3,0
3,1,0
5,1,0
6,21,0
7,42,0
9,15,0
10,1,0
11,7,0
14,1,0
15,2,0
1,12,0
4,2,0
7,2,0
11,5,0
12,13,0
15,2,0
2,2,0
3,1,0
4,1,0
6,1,0
8,4,0
11,3,0
13,3,0
14,3,0
15,2,0
0,3,0
1,7,0
2,2,0
3,2,0
4,12,0
5,6,0
7,3,0
8,3,0
10,2,0
12,7,0
13,8,0
14,3,0
15,2,0
1,12,0
2,7,0
3,5,0
4,8,0
7,2,0
10,2,0
13,7,0
0,6,0
1,2,0
2,5,0
3,5,0
4,2,0
8,11,0
11,4,0
14,3,0
2,6,0
4,14,0
6,2,0
7,3,0
8,7,0
10,13,0
11,10,0
12,3,0
13,21,0
14,2,0
2,17,0
3,1,0
5,1,0
7,1,0
8,14,0
10,4,0
12,9,0
13,1,0
14,11,0
15,4,0
0,47,0
2,4,0
3,1,0
4,3,0
9,1,0
13,67,1
14,7,0
1,1,0
2,1,0
4,2,0
5,59,1
6,1,0
7,6,0
8,27,0
9,1,0
10,1,0
13,44,0
14,1,0
0,1,0
1,1,0
2,1,0
3,1,0
5,1,0
6,2,0
8,1,0
9,2,0
10,2,0
11,12,0
12,1,0
13,1,0
14,1,0
15,1,0
2,10,0
3,1,0
4,1,0
9,1,0
10,32,0
14,1,0
15,4,0
2,1,0
3,1,0
8,2,0
9,3,0
10,3,0
13,1,0
14,1,0
2,6,0
10,10,0
13,2,0
0,6,0
2,1,0
3,1,0
4,5,0
7,38,0
10,1,0
11,9,0
12,2,0
13,1,0
3,3,0
5,68,1
0,36,0
2,15,0
3,15,0
9,5,0
10,9,0
12,10,0
15,90,1
1,8,0
2,4,0
5,8,0
10,3,0
13,5,0
14,6,0
15,11,0
2,2,0
3,2,0
6,2,0
8,2,0
9,3,0
10,4,0
12,14,0
14,10,0
0,7,0
1,8,0
2,1,0
3,7,0
5,2,0
8,2,0
10,3,0
13,1,0
14,1,0
1,1,0
2,7,0
6,1,0
7,1,0
11,70,1
12,2,0
3,2,0
5,28,0
9,27,0
11,18,0
14,1,0
0,8,0
1,2,0
7,12,0
8,1,0
11,2,0
13,2,0
14,1,0
1,1,0
2,3,0
3,18,0
4,4,0
13,2,0
14,3,0
1,12,0
3,24,0
14,16,0
1,3,0
2,13,0
3,11,0
7,3,0
8,7,0
12,3,0
14,12,0
1,35,0
2,23,0
3,7,0
4,3,0
5,5,0
6,6,0
7,6,0
9,7,0
10,18,0
15,20,0
0,1,0
3,1,0
7,2,0
8,1,0
14,1,0
0,4,0
1,40,0
2,3,0
3,2,0
4,1,0
9,2,0
10,87,1
11,2,0
15,3,0
1,39,0
2,2,0
3,5,0
13,4,0
1,4,0
2,1,0
6,5,0
7,1,0
9,41,0
11,1,0
13,1,0
15,8,0
2,3,0
3,1,0
10,6,0
12,13,0
14,1,0
15,3,0
0,3,0
1,12,0
2,4,0
3,5,0
10,44,0
12,1,0
13,1,0
14,2,0
15,1,0
4,10,0
6,16,0
13,2,0
15,11,0
8,1,0
10,36,0
12,6,0
15,3,0
2,1,0
3,1,0
4,1,0
5,1,0
7,1,0
10,4,0
13,1,0
14,1,0
1,1,0
4,1,0
7,2,0
12,1,0
13,1,0
0,2,0
2,1,0
3,5,0
4,34,0
9,44,0
10,1,0
12,2,0
15,1,0
1,2,0
2,1,0
3,1,0
4,1,0
5,12,0
6,5,0
7,1,0
8,1,0
9,2,0
10,4,0
12,1,0
13,8,0
14,1,0
15,1,0
2,1,0
3,9,0
4,3,0
8,5,0
9,1,0
10,44,0
14,1,0
0,15,0
2,1,0
3,15,0
4,10,0
7,2,0
12,1,0
14,1,0
15,1,0
0,11,0
1,4,0
2,2,0
3,12,0
13,1,0
15,5,0
0,2,0
1,13,0
2,25,0
5,17,0
6,2,0
7,1,0
10,23,0
11,2,0
13,75,1
14,1,0
15,17,0
0,4,0
3,4,0
5,8,0
7,5,0
8,15,0
9,6,0
10,4,0
13,4,0
14,4,0
3,10,0
0,6,0
2,2,0
3,20,0
4,1,0
7,10,0
10,2,0
11,5,0
12,1,0
13,1,0
14,1,0
15,1,0
1,2,0
2,1,0
3,4,0
10,7,0
12,10,0
13,2,0
14,2,0
15,2,0
5,1,0
7,11,0
8,20,0
12,32,0
0,1,0
1,1,0
2,11,0
4,7,0
6,2,0
7,1,0
8,1,0
10,5,0
11,17,0
13,1,0
14,1,0
15,1,0
0,4,0
1,21,0
2,41,0
3,7,0
4,14,0
5,8,0
6,1,0
10,4,0
13,6,0
14,19,0
15,10,0
1,11,0
2,2,0
3,8,0
7,1,0
13,4,0
14,4,0
1,19,0
2,57,1
3,27,0
4,1,0
6,3,0
10,5,0
13,2,0
2,4,0
4,1,0
8,12,0
9,1,0
10,8,0
12,1,0
13,1,0
14,1,0
15,1,0
1,5,0
2,1,0
4,1,0
7,1,0
8,26,0
14,9,0
0,1,0
2,2,0
4,15,0
5,1,0
6,11,0
8,1,0
9,4,0
10,4,0
12,1,0
13,18,0
14,1,0
15,25,0
3,12,0
4,15,0
6,4,0
7,1,0
8,1,0
11,1,0
12,7,0
13,1,0
15,2,0
1,3,0
2,22,0
4,5,0
5,1,0
8,1,0
9,1,0
10,4,0
11,2,0
13,1,0
14,1,0
15,3,0
0,3,0
2,5,0
3,1,0
5,2,0
6,1,0
7,1,0
9,7,0
10,3,0
11,12,0
13,5,0
15,7,0
1,11,0
4,1,0
5,1,0
10,7,0
12,11,0
13,20,0
0,3,0
4,15,0
7,16,0
9,10,0
13,1,0
4,5,0
5,2,0
7,1,0
11,35,0
0,12,0
2,1,0
6,2,0
8,1,0
10,1,0
11,26,0
12,1,0
13,1,0
15,1,0
0,2,0
1,2,0
2,5,0
3,1,0
5,7,0
6,4,0
7,3,0
8,4,0
9,4,0
10,3,0
13,5,0
15,9,0
0,2,0
1,28,0
2,6,0
3,2,0
5,1,0
8,2,0
14,4,0
2,20,0
6,3,0
9,3,0
14,1,0
15,8,0
0,5,0
2,7,0
3,6,0
4,25,0
10,3,0
12,2,0
14,3,0
2,6,0
5,29,0
10,5,0
12,7,0
14,1,0
15,12,0
0,19,0
2,11,0
3,1,0
4,1,0
5,18,0
6,28,0
7,1,0
8,1,0
9,1,0
10,21,0
13,1,0
14,44,0
15,1,0
1,2,0
2,3,0
7,3,0
8,6,0
9,9,0
10,5,0
11,8,0
12,8,0
13,5,0
14,1,0
2,1,0
4,1,0
6,1,0
7,1,0
8,1,0
9,10,0
12,1,0
13,1,0
15,6,0
2,7,0
3,3,0
6,7,0
14,5,0
2,5,0
4,7,0
7,1,0
10,1,0
3,2,0
4,3,0
9,2,0
10,11,0
12,22,0
14,4,0
15,5,0
2,2,0
3,3,0
8,1,0
9,4,0
12,11,0
13,2,0
14,2,0
0,16,0
2,1,0
7,6,0
9,3,0
12,1,0
14,1,0
0,3,0
2,10,0
4,6,0
6,7,0
10,11,0
13,28,0
15,7,0
0,11,0
1,3,0
2,1,0
7,5,0
8,1,0
9,2,0
10,41,0
13,1,0
15,5,0
1,16,0
5,1,0
1,24,0
2,46,0
4,2,0
6,1,0
8,1,0
10,35,0
13,1,0
0,8,0
2,1,0
3,1,0
5,1,0
6,2,0
7,6,0
8,1,0
9,1,0
10,2,0
11,1,0
13,2,0
14,1,0
3,1,0
8,7,0
12,1,0
15,1,0
3,6,0
6,3,0
7,7,0
8,13,0
11,6,0
13,33,0
14,6,0
0,1,0
2,3,0
3,2,0
4,2,0
7,4,0
9,1,0
10,1,0
11,2,0
13,1,0
14,3,0
15,1,0
0,70,1
1,5,0
2,4,0
4,1,0
5,1,0
8,4,0
13,3,0
14,9,0
15,1,0
4,1,0
6,3,0
7,1,0
8,4,0
9,4,0
15,3,0
1,1,0
2,10,0
3,1,0
5,2,0
6,4,0
8,1,0
9,1,0
10,20,0
12,1,0
14,2,0
0,3,0
1,20,0
2,4,0
3,5,0
9,14,0
10,3,0
13,5,0
14,5,0
15,4,0
1,12,0
3,9,0
7,11,0
8,16,0
10,1,0
13,4,0
14,11,0
15,2,0
10,1,0
13,1,0
3,7,0
4,11,0
6,22,0
13,1,0
15,3,0
1,14,0
5,7,0
7,3,0
11,1,0
14,5,0
1,1,0
2,25,0
5,1,0
11,1,0
13,1,0
2,22,0
4,1,0
8,21,0
9,1,0
10,13,0
14,1,0
0,1,0
8,11,0
9,44,0
10,3,0
0,3,0
1,5,0
2,2,0
3,3,0
5,2,0
6,8,0
7,13,0
8,11,0
10,6,0
11,6,0
12,2,0
14,2,0
0,3,0
1,2,0
2,5,0
3,46,0
4,46,0
5,3,0
8,3,0
10,3,0
13,36,0
14,2,0
5,5,0
8,4,0
2,1,0
3,5,0
4,4,0
7,1,0
9,3,0
10,4,0
12,1,0
13,10,0
14,4,0
2,1,0
4,1,0
5,2,0
7,1,0
9,7,0
10,8,0
13,1,0
14,1,0
15,1,0
0,2,0
1,38,0
3,2,0
4,18,0
14,2,0
15,2,0
0,10,0
2,1,0
3,2,0
4,1,0
10,3,0
14,8,0
15,5,0
1,10,0
2,4,0
3,13,0
5,15,0
8,71,1
9,2,0
10,9,0
13,3,0
14,3,0
15,9,0
3,2,0
14,2,0
2,3,0
3,1,0
7,56,1
8,1,0
11,8,0
13,2,0
14,1,0
15,6,0
0,1,0
1,1,0
2,1,0
3,1,0
7,1,0
9,2,0
10,1,0
4,4,0
7,1,0
8,8,0
11,3,0
0,9,0
1,3,0
2,8,0
3,6,0
4,5,0
7,5,0
8,4,0
10,3,0
11,2,0
12,2,0
13,13,0
2,1,0
3,1,0
4,1,0
6,14,0
7,7,0
8,1,0
10,7,0
14,5,0
1,1,0
2,10,0
7,1,0
10,17,0
13,1,0
15,27,0
3,2,0
4,1,0
5,11,0
6,1,0
7,1,0
8,1,0
10,1,0
11,7,0
12,24,0
13,2,0
14,1,0
15,2,0
0,8,0
2,1,0
6,16,0
8,3,0
14,3,0
0,1,0
1,21,0
2,1,0
5,1,0
6,1,0
8,1,0
12,32,0
0,4,0
1,3,0
2,3,0
4,8,0
6,9,0
8,8,0
13,4,0
0,62,1
1,9,0
2,14,0
7,4,0
12,4,0
13,3,0
14,4,0
2,1,0
4,1,0
6,1,0
8,13,0
10,27,0
11,5,0
14,2,0
15,43,0
0,4,0
2,2,0
3,5,0
5,2,0
6,26,0
8,3,0
10,5,0
13,2,0
0,2,0
1,2,0
4,2,0
6,2,0
7,2,0
9,1,0
10,1,0
14,15,0
15,1,0
1,2,0
2,3,0
3,24,0
7,3,0
14,5,0
0,5,0
2,4,0
3,5,0
4,2,0
5,2,0
6,5,0
9,4,0
10,5,0
12,3,0
13,4,0
14,4,0
15,4,0
0,1,0
2,59,1
3,1,0
5,13,0
6,28,0
8,1,0
9,1,0
10,1,0
12,2,0
13,2,0
15,37,0
2,3,0
5,3,0
12,10,0
13,14,0
2,7,0
3,1,0
9,5,0
13,9,0
14,7,0
0,1,0
3,1,0
4,10,0
6,7,0
9,34,0
10,15,0
12,1,0
13,12,0
14,11,0
15,9,0
12,5,0
2,1,0
5,9,0
6,37,0
8,15,0
13,4,0
0,3,0
2,19,0
5,2,0
9,2,0
10,7,0
14,3,0
15,3,0
1,13,0
2,1,0
3,5,0
8,1,0
9,2,0
13,1,0
14,4,0
15,1,0
1,1,0
2,1,0
3,1,0
4,6,0
6,2,0
8,1,0
9,2,0
10,27,0
11,2,0
12,1,0
13,1,0
15,2,0
0,1,0
1,1,0
2,25,0
5,2,0
6,4,0
7,1,0
8,2,0
9,40,0
10,1,0
13,1,0
14,1,0
15,16,0
3,1,0
4,1,0
11,10,0
13,25,0
15,1,0
1,3,0
14,23,0
3,25,0
5,9,0
12,23,0
1,3,0
6,11,0
8,3,0
9,4,0
10,16,0
13,3,0
14,1,0
15,34,0
1,1,0
3,1,0
4,1,0
6,3,0
8,1,0
11,1,0
13,1,0
14,17,0
15,1,0
3,1,0
0,1,0
1,4,0
2,6,0
5,2,0
8,5,0
10,1,0
11,4,0
14,13,0
0,6,0
1,14,0
2,2,0
4,2,0
5,4,0
6,5,0
7,2,0
9,15,0
12,1,0
13,3,0
14,3,0
0,22,0
2,10,0
3,19,0
4,12,0
5,4,0
6,7,0
9,1,0
10,5,0
13,2,0
15,2,0
1,1,0
2,1,0
3,1,0
4,10,0
5,2,0
7,11,0
10,1,0
12,1,0
13,5,0
14,2,0
2,3,0
3,6,0
4,9,0
9,6,0
12,1,0
13,7,0
15,3,0
2,2,0
5,6,0
6,1,0
13,1,0
14,1,0
15,1,0
0,21,0
1,11,0
3,5,0
4,5,0
5,4,0
10,4,0
14,8,0
15,4,0
0,4,0
1,30,0
2,31,0
3,10,0
6,14,0
11,9,0
12,4,0
13,7,0
14,27,0
8,1,0
15,8,0
2,1,0
3,1,0
4,2,0
5,1,0
8,2,0
10,1,0
11,2,0
12,3,0
13,3,0
14,1,0
15,12,0
2,1,0
4,11,0
5,1,0
6,1,0
10,46,0
12,28,0
14,1,0
2,12,0
7,1,0
10,22,0
13,2,0
14,13,0
0,5,0
3,1,0
4,3,0
5,1,0
7,1,0
9,1,0
10,3,0
11,3,0
13,1,0
14,1,0
15,1,0
0,9,0
1,1,0
2,23,0
3,1,0
4,1,0
6,2,0
7,1,0
10,12,0
12,2,0
14,36,0
15,1,0
1,2,0
2,8,0
3,31,0
4,1,0
6,5,0
7,1,0
12,32,0
14,1,0
15,7,0
1,1,0
4,1,0
10,1,0
12,4,0
13,3,0
3,1,0
4,2,0
13,2,0
1,1,0
2,3,0
7,2,0
11,3,0
2,31,0
3,1,0
11,1,0
12,1,0
0,1,0
7,8,0
13,2,0
15,2,0
1,66,1
2,6,0
4,5,0
5,1,0
10,8,0
14,1,0
0,8,0
3,3,0
4,3,0
7,11,0
9,34,0
11,22,0
12,3,0
2,2,0
5,2,0
7,3,0
13,3,0
14,2,0
15,8,0
2,1,0
4,1,0
9,1,0
10,1,0
12,1,0
14,14,0
0,5,0
2,1,0
3,2,0
4,1,0
5,23,0
6,5,0
8,1,0
9,9,0
12,1,0
14,3,0
15,15,0
0,16,0
2,43,0
4,12,0
7,7,0
13,9,0
14,11,0
15,3,0
1,1,0
2,4,0
3,1,0
5,1,0
6,1,0
7,1,0
8,1,0
10,8,0
12,1,0
13,9,0
14,1,0
0,39,0
2,2,0
3,1,0
6,1,0
7,1,0
8,1,0
10,1,0
12,1,0
13,8,0
14,11,0
0,1,0
1,1,0
2,1,0
4,23,0
10,1,0
14,2,0
15,5,0
1,8,0
4,2,0
7,1,0
8,1,0
10,1,0
14,1,0
2,5,0
3,1,0
6,1,0
7,1,0
10,1,0
12,1,0
14,8,0
15,2,0
0,1,0
2,1,0
3,1,0
4,1,0
5,1,0
6,28,0
7,4,0
9,2,0
10,59,1
11,4,0
12,1,0
13,1,0
14,1,0
15,27,0
0,2,0
2,2,0
3,2,0
4,3,0
7,25,0
10,1,0
14,17,0
15,2,0
1,14,0
9,5,0
11,4,0
12,19,0
13,5,0
14,1,0
15,2,0
0,2,0
1,3,0
2,1,0
7,10,0
10,11,0
13,2,0
14,3,0
0,2,0
1,13,0
2,9,0
3,1,0
4,1,0
11,3,0
13,8,0
1,4,0
2,32,0
3,3,0
4,4,0
5,11,0
8,6,0
13,8,0
15,35,0
4,1,0
9,2,0
10,7,0
13,2,0
14,10,0
15,1,0
3,2,0
4,1,0
7,1,0
8,1,0
1,3,0
7,13,0
10,8,0
11,2,0
13,4,0
15,1,0
0,2,0
1,3,0
2,1,0
3,1,0
5,19,0
6,1,0
7,1,0
10,1,0
13,3,0
14,3,0
15,1,0
0,1,0
3,1,0
7,20,0
13,1,0
14,36,0
15,1,0
1,1,0
10,6,0
12,1,0
14,3,0
0,1,0
2,1,0
3,1,0
4,1,0
9,2,0
10,1,0
11,1,0
14,3,0
15,1,0
2,4,0
3,2,0
7,1,0
10,6,0
14,1,0
2,1,0
3,1,0
6,12,0
7,1,0
9,1,0
10,15,0
14,1,0
15,1,0
0,6,0
2,3,0
10,32,0
13,2,0
0,11,0
2,1,0
3,1,0
4,4,0
5,1,0
6,1,0
7,10,0
8,1,0
9,1,0
10,3,0
12,6,0
13,3,0
14,1,0
2,1,0
3,10,0
4,5,0
6,3,0
8,1,0
9,39,0
10,16,0
12,4,0
14,1,0
0,11,0
2,1,0
3,2,0
5,3,0
7,2,0
8,2,0
10,3,0
13,7,0
14,2,0
15,15,0
0,8,0
2,5,0
3,7,0
7,19,0
10,8,0
13,4,0
14,3,0
0,7,0
1,13,0
2,12,0
3,3,0
10,1,0
13,4,0
15,3,0
2,1,0
3,3,0
7,5,0
8,3,0
10,1,0
15,7,0
0,9,0
1,3,0
2,2,0
3,1,0
5,1,0
6,2,0
7,3,0
8,1,0
9,1,0
10,1,0
12,1,0
13,1,0
14,1,0
4,1,0
6,4,0
9,1,0
12,1,0
13,1,0
15,9,0
0,1,0
3,6,0
5,3,0
6,5,0
10,24,0
13,2,0
2,4,0
3,47,0
4,65,1
8,48,0
10,23,0
13,5,0
14,4,0
15,12,0
2,5,0
3,1,0
9,1,0
10,16,0
12,12,0
14,3,0
1,5,0
2,2,0
3,5,0
4,5,0
6,2,0
7,2,0
14,2,0
15,3,0
2,3,0
3,1,0
9,1,0
10,1,0
13,2,0
14,1,0
0,3,0
5,2,0
13,8,0
14,2,0
15,2,0
0,1,0
1,2,0
2,1,0
3,1,0
5,2,0
7,1,0
8,9,0
10,2,0
13,2,0
14,7,0
0,4,0
1,7,0
2,4,0
3,2,0
5,2,0
6,4,0
8,1,0
9,28,0
12,3,0
13,3,0
14,5,0
15,3,0
0,9,0
1,13,0
3,7,0
7,11,0
9,3,0
13,6,0
14,11,0
0,15,0
2,4,0
5,2,0
7,1,0
13,1,0
15,1,0
2,15,0
3,1,0
4,18,0
5,3,0
6,11,0
8,1,0
14,2,0
0,8,0
1,1,0
2,1,0
3,8,0
5,14,0
6,1,0
7,1,0
8,1,0
9,8,0
10,8,0
12,1,0
14,1,0
15,1,0
0,1,0
2,2,0
4,7,0
8,1,0
11,1,0
12,12,0
13,1,0
14,2,0
0,5,0
5,1,0
7,4,0
13,1,0
14,2,0
15,3,0
0,9,0
1,12,0
3,1,0
10,1,0
11,1,0
12,1,0
4,5,0
7,45,0
2,1,0
6,29,0
7,1,0
8,5,0
9,37,0
14,17,0
2,2,0
5,15,0
8,22,0
12,7,0
13,3,0
14,4,0
15,1,0
0,10,0
2,4,0
3,2,0
5,3,0
7,1,0
8,16,0
9,6,0
12,3,0
14,4,0
1,16,0
2,2,0
4,1,0
5,3,0
10,1,0
1,1,0
3,1,0
5,1,0
7,1,0
8,1,0
14,2,0
2,1,0
4,1,0
5,21,0
7,1,0
9,1,0
13,1,0
14,1,0
15,6,0
5,7,0
8,3,0
13,3,0
2,17,0
10,11,0
14,14,0
15,34,0
2,16,0
3,3,0
12,5,0
14,1,0
2,4,0
14,1,0
1,3,0
2,2,0
3,11,0
5,24,0
6,4,0
7,3,0
10,2,0
12,10,0
14,4,0
15,4,0
0,14,0
1,7,0
3,4,0
7,1,0
9,3,0
10,10,0
14,4,0
2,4,0
10,6,0
12,5,0
13,4,0
14,3,0
0,1,0
1,15,0
4,2,0
5,5,0
6,1,0
7,5,0
10,18,0
12,1,0
13,7,0
14,1,0
15,1,0
2,1,0
3,1,0
5,4,0
8,1,0
9,6,0
10,26,0
11,11,0
13,1,0
14,2,0
15,2,0
8,2,0
14,5,0
15,7,0
1,1,0
5,1,0
8,1,0
11,1,0
12,1,0
14,3,0
0,4,0
2,1,0
3,1,0
4,2,0
5,1,0
7,2,0
8,3,0
9,2,0
12,1,0
13,15,0
14,2,0
0,11,0
7,1,0
15,2,0
0,1,0
1,1,0
3,1,0
10,1,0
13,2,0
2,2,0
4,1,0
2,2,0
3,2,0
10,2,0
14,3,0
15,1,0
2,4,0
4,4,0
9,8,0
12,25,0
13,11,0
15,6,0
0,2,0
2,1,0
4,26,0
7,10,0
10,1,0
13,9,0
14,1,0
15,6,0
0,22,0
2,1,0
4,4,0
5,5,0
7,3,0
8,4,0
12,4,0
13,25,0
1,8,0
2,2,0
8,15,0
9,8,0
10,17,0
12,1,0
14,1,0
4,3,0
7,32,0
9,1,0
10,7,0
13,1,0
15,1,0
2,6,0
3,1,0
6,3,0
7,2,0
9,2,0
10,6,0
13,19,0
14,3,0
15,3,0
0,8,0
1,4,0
2,4,0
5,4,0
10,4,0
14,4,0
1,2,0
2,1,0
3,10,0
9,1,0
12,17,0
13,1,0
14,1,0
3,20,0
9,20,0
10,2,0
11,2,0
13,1,0
1,1,0
2,28,0
8,23,0
11,1,0
12,2,0
14,1,0
0,8,0
2,17,0
4,2,0
5,5,0
6,6,0
8,14,0
9,1,0
10,1,0
11,1,0
13,1,0
14,16,0
0,2,0
1,2,0
2,1,0
5,2,0
7,1,0
8,12,0
10,1,0
12,6,0
13,1,0
14,1,0
15,23,0
4,5,0
5,10,0
8,5,0
10,11,0
13,7,0
14,19,0
1,4,0
2,5,0
3,3,0
4,3,0
6,17,0
8,3,0
9,6,0
10,1,0
11,4,0
6,1,0
7,1,0
12,1,0
14,1,0
0,11,0
3,3,0
5,3,0
6,4,0
8,3,0
9,3,0
10,3,0
12,5,0
13,4,0
14,3,0
0,2,0
2,1,0
3,1,0
4,3,0
5,1,0
6,1,0
9,1,0
10,11,0
11,1,0
12,1,0
13,1,0
14,1,0
15,3,0
0,1,0
1,1,0
4,13,0
5,36,0
6,1,0
7,1,0
8,3,0
9,13,0
11,1,0
14,1,0
0,3,0
3,2,0
8,5,0
12,7,0
14,4,0
2,4,0
3,1,0
4,2,0
5,4,0
6,9,0
7,4,0
8,1,0
9,24,0
10,6,0
12,4,0
13,8,0
15,2,0
0,20,0
2,1,0
6,44,0
7,1,0
9,2,0
10,25,0
12,1,0
14,32,0
1,31,0
2,4,0
3,4,0
5,4,0
8,9,0
9,63,1
10,8,0
11,4,0
12,5,0
13,7,0
14,5,0
15,12,0
1,8,0
2,2,0
3,1,0
4,10,0
6,8,0
7,2,0
8,2,0
9,2,0
10,23,0
14,2,0
1,2,0
2,2,0
3,3,0
4,3,0
5,5,0
7,7,0
8,4,0
10,2,0
12,2,0
14,2,0
3,1,0
5,4,0
8,23,0
9,1,0
14,1,0
15,1,0
2,1,0
3,1,0
7,2,0
8,1,0
9,1,0
10,7,0
12,4,0
13,2,0
14,1,0
15,1,0
4,4,0
10,12,0
12,11,0
13,3,0
14,10,0
2,9,0
4,6,0
7,2,0
10,4,0
1,11,0
5,14,0
7,13,0
8,3,0
9,10,0
14,3,0
0,4,0
1,7,0
2,1,0
6,1,0
12,1,0
13,1,0
14,4,0
15,2,0
2,1,0
4,26,0
5,3,0
7,17,0
8,2,0
9,1,0
10,1,0
11,1,0
12,1,0
13,4,0
14,2,0
15,2,0
2,3,0
4,1,0
7,5,0
8,4,0
9,2,0
10,3,0
0,2,0
2,2,0
3,1,0
4,1,0
6,1,0
7,1,0
8,15,0
9,8,0
10,1,0
11,1,0
12,1,0
13,1,0
14,1,0
15,1,0
1,33,0
4,25,0
12,30,0
15,10,0
2,2,0
3,3,0
4,1,0
7,1,0
9,1,0
10,2,0
11,3,0
13,1,0
14,2,0
15,2,0
10,6,0
11,3,0
12,9,0
5,1,0
6,1,0
11,5,0
12,2,0
1,2,0
2,4,0
3,9,0
4,13,0
6,2,0
9,15,0
10,2,0
14,1,0
15,1,0
2,1,0
4,3,0
7,1,0
8,2,0
10,1,0
12,3,0
13,1,0
14,1,0
15,7,0
0,1,0
2,1,0
3,6,0
8,22,0
9,1,0
10,1,0
13,21,0
14,3,0
0,2,0
1,28,0
3,2,0
4,4,0
5,4,0
6,2,0
10,6,0
11,2,0
12,7,0
14,3,0
2,1,0
3,6,0
5,3,0
9,12,0
13,6,0
14,1,0
1,5,0
2,4,0
5,2,0
12,14,0
0,1,0
1,9,0
3,1,0
4,1,0
5,3,0
11,1,0
13,1,0
14,1,0
15,2,0
0,2,0
2,1,0
5,7,0
8,1,0
9,1,0
10,1,0
11,1,0
13,19,0
14,1,0
2,1,0
4,1,0
5,27,0
6,1,0
8,2,0
10,1,0
12,33,0
14,23,0
2,6,0
3,1,0
4,1,0
7,4,0
8,1,0
10,3,0
12,7,0
13,27,0
14,1,0
0,3,0
1,10,0
2,6,0
3,4,0
4,5,0
5,4,0
6,7,0
8,6,0
9,1,0
10,23,0
11,4,0
13,2,0
14,4,0
15,7,0
0,6,0
2,9,0
3,6,0
4,3,0
5,7,0
6,12,0
8,32,0
13,3,0
15,4,0
5,1,0
7,3,0
11,1,0
12,2,0
14,2,0
1,2,0
2,2,0
3,1,0
5,1,0
8,1,0
3,3,0
4,1,0
5,3,0
7,5,0
8,1,0
9,2,0
11,1,0
3,1,0
8,14,0
13,1,0
15,1,0
3,15,0
10,18,0
1,1,0
2,2,0
3,1,0
4,1,0
7,3,0
8,2,0
9,1,0
12,14,0
13,8,0
14,6,0
15,4,0
2,1,0
5,11,0
2,2,0
3,2,0
5,10,0
6,2,0
7,2,0
8,3,0
11,2,0
12,4,0
15,36,0
0,2,0
2,1,0
5,1,0
6,1,0
7,1,0
9,3,0
10,1,0
12,1,0
13,1,0
1,20,0
2,9,0
12,1,0
2,2,0
3,1,0
4,1,0
6,1,0
7,1,0
8,2,0
9,1,0
12,1,0
13,1,0
14,1,0
1,41,0
3,1,0
4,1,0
9,10,0
11,12,0
13,30,0
14,11,0
0,33,0
1,2,0
2,2,0
3,1,0
4,1,0
5,2,0
11,16,0
12,45,0
2,2,0
4,4,0
5,16,0
6,2,0
8,2,0
9,6,0
10,12,0
12,7,0
15,11,0
0,1,0
1,2,0
2,1,0
3,1,0
5,2,0
6,1,0
7,10,0
9,1,0
10,4,0
12,2,0
14,1,0
0,1,0
1,1,0
3,1,0
6,11,0
9,1,0
10,19,0
13,7,0
15,3,0
1,5,0
3,2,0
10,2,0
14,3,0
0,2,0
5,17,0
7,3,0
14,5,0
0,9,0
1,23,0
2,3,0
3,1,0
5,1,0
6,3,0
7,2,0
8,1,0
9,1,0
10,2,0
12,1,0
14,1,0
2,5,0
3,2,0
4,3,0
7,2,0
9,2,0
12,3,0
13,10,0
14,2,0
0,3,0
1,1,0
2,5,0
9,2,0
14,1,0
15,3,0
1,1,0
2,1,0
3,1,0
4,1,0
5,1,0
8,1,0
9,12,0
10,1,0
11,5,0
12,2,0
13,1,0
14,1,0
3,8,0
4,3,0
7,21,0
9,18,0
10,3,0
13,12,0
1,6,0
2,1,0
5,3,0
6,1,0
7,5,0
10,2,0
12,1,0
14,1,0
0,1,0
2,1,0
3,1,0
7,1,0
10,3,0
13,3,0
14,3,0
8,15,0
10,6,0
12,48,0
13,1,0
15,2,0
4,5,0
7,1,0
8,2,0
11,33,0
14,3,0
3,6,0
4,6,0
6,6,0
7,6,0
10,5,0
12,6,0
13,5,0
0,3,0
2,3,0
4,3,0
10,5,0
12,1,0
1,2,0
4,2,0
9,2,0
10,4,0
14,2,0
0,5,0
2,2,0
4,2,0
7,3,0
8,9,0
9,5,0
13,4,0
14,1,0
15,10,0
1,1,0
3,1,0
4,4,0
5,1,0
12,21,0
13,1,0
3,1,0
5,2,0
7,39,0
12,5,0
14,4,0
2,1,0
5,2,0
7,2,0
8,2,0
10,2,0
14,2,0
1,16,0
2,4,0
3,1,0
4,1,0
6,1,0
12,2,0
13,4,0
14,1,0
15,1,0
7,2,0
8,4,0
9,1,0
11,3,0
14,1,0
15,1,0
0,3,0
2,3,0
3,2,0
4,1,0
12,2,0
13,1,0
14,1,0
2,1,0
3,25,0
4,3,0
6,2,0
8,8,0
11,4,0
12,2,0
14,2,0
0,1,0
1,2,0
2,2,0
5,7,0
7,6,0
8,1,0
9,5,0
12,1,0
13,2,0
14,2,0
15,2,0
2,1,0
10,1,0
3,4,0
4,1,0
9,6,0
10,9,0
13,10,0
15,12,0
2,7,0
4,1,0
6,1,0
7,1,0
8,8,0
10,3,0
12,1,0
0,9,0
2,14,0
3,8,0
4,9,0
7,5,0
10,1,0
1,1,0
3,6,0
6,4,0
9,2,0
10,9,0
11,3,0
12,1,0
13,1,0
14,1,0
2,6,0
4,3,0
5,3,0
6,3,0
7,16,0
8,4,0
10,26,0
2,3,0
13,9,0
14,1,0
0,3,0
2,18,0
10,23,0
13,3,0
14,4,0
0,3,0
2,1,0
4,5,0
7,2,0
11,10,0
14,1,0
15,24,0
0,1,0
2,4,0
5,2,0
9,4,0
14,2,0
1,16,0
2,5,0
3,5,0
9,2,0
12,8,0
14,1,0
15,10,0
1,1,0
2,1,0
6,1,0
12,1,0
13,1,0
14,1,0
15,1,0
3,6,0
12,2,0
14,1,0
2,1,0
3,7,0
4,7,0
8,5,0
14,30,0
0,1,0
2,1,0
3,12,0
5,2,0
8,1,0
9,6,0
10,12,0
12,7,0
13,7,0
3,1,0
6,1,0
12,1,0
13,1,0
14,1,0
1,2,0
4,1,0
5,3,0
14,10,0
15,35,0
0,1,0
1,3,0
2,2,0
3,1,0
4,14,0
5,1,0
6,1,0
8,1,0
9,1,0
10,1,0
11,1,0
12,1,0
13,1,0
14,1,0
15,1,0
2,3,0
14,4,0
15,4,0
2,17,0
3,2,0
4,1,0
5,2,0
6,1,0
7,1,0
9,3,0
11,3,0
12,2,0
13,1,0
14,1,0
0,2,0
2,1,0
3,10,0
4,2,0
5,1,0
7,2,0
9,1,0
11,11,0
12,2,0
13,15,0
14,1,0
15,2,0
2,1,0
5,1,0
6,1,0
11,1,0
0,1,0
1,3,0
2,5,0
3,1,0
4,1,0
5,1,0
6,4,0
9,7,0
10,4,0
12,11,0
13,2,0
14,1,0
15,10,0
2,6,0
10,1,0
14,2,0
0,4,0
1,1,0
2,7,0
3,1,0
5,4,0
6,11,0
8,6,0
12,4,0
13,1,0
14,1,0
0,1,0
6,3,0
8,1,0
13,1,0
14,17,0
3,3,0
5,10,0
7,2,0
9,2,0
10,2,0
13,6,0
14,3,0
15,2,0
0,8,0
3,2,0
7,1,0
10,2,0
4,2,0
6,10,0
7,7,0
9,22,0
10,3,0
14,2,0
15,15,0
0,18,0
2,20,0
3,1,0
4,12,0
5,1,0
6,9,0
7,1,0
8,15,0
9,7,0
11,2,0
14,1,0
5,1,0
14,2,0
2,1,0
3,1,0
4,6,0
5,1,0
8,1,0
9,1,0
10,1,0
12,4,0
13,1,0
14,1,0
2,23,0
7,1,0
10,1,0
14,1,0
0,12,0
2,3,0
6,6,0
8,11,0
12,3,0
13,7,0
14,2,0
2,1,0
6,1,0
10,6,0
14,8,0
1,16,0
2,8,0
5,6,0
10,2,0
12,2,0
13,18,0
2,1,0
7,1,0
8,1,0
12,25,0
13,1,0
15,1,0
3,4,0
9,5,0
10,5,0
13,5,0
15,14,0
0,3,0
2,2,0
3,2,0
4,3,0
10,8,0
15,1,0
2,3,0
3,12,0
9,17,0
10,2,0
13,3,0
15,7,0
4,14,0
2,2,0
3,1,0
4,1,0
7,37,0
8,1,0
11,18,0
13,1,0
2,4,0
3,9,0
4,1,0
8,4,0
13,1,0
14,4,0
15,4,0
1,8,0
2,1,0
4,1,0
5,4,0
7,1,0
13,5,0
14,15,0
15,2,0
3,3,0
4,16,0
9,9,0
2,6,0
4,1,0
10,1,0
13,2,0
1,10,0
7,7,0
8,1,0
10,7,0
13,3,0
15,2,0
0,18,0
5,1,0
6,2,0
7,2,0
12,5,0
13,3,0
14,2,0
0,3,0
2,2,0
3,2,0
4,3,0
5,2,0
6,3,0
8,3,0
9,12,0
10,12,0
12,2,0
14,2,0
15,11,0
2,3,0
5,13,0
6,4,0
8,9,0
10,8,0
14,2,0
15,3,0
0,19,0
1,2,0
2,7,0
3,3,0
5,39,0
6,9,0
7,2,0
8,2,0
11,4,0
13,3,0
2,6,0
6,6,0
8,2,0
14,3,0
5,19,0
10,2,0
12,7,0
14,2,0
15,1,0
2,1,0
8,7,0
14,5,0
0,5,0
2,1,0
4,2,0
15,18,0
2,11,0
4,5,0
8,3,0
9,4,0
12,3,0
13,2,0
14,2,0
0,3,0
2,1,0
3,1,0
5,1,0
11,15,0
13,1,0
14,1,0
1,1,0
7,1,0
8,1,0
9,3,0
12,1,0
14,4,0
2,4,0
4,1,0
5,3,0
6,4,0
7,2,0
8,1,0
10,3,0
14,6,0
15,5,0
0,10,0
2,5,0
6,53,1
7,8,0
10,5,0
12,1,0
13,5,0
0,1,0
2,1,0
3,8,0
4,5,0
7,23,0
8,1,0
12,1,0
13,1,0
14,1,0
2,1,0
7,1,0
15,3,0
2,5,0
3,8,0
6,5,0
8,10,0
9,14,0
11,9,0
12,5,0
13,7,0
14,3,0
15,5,0
2,4,0
3,15,0
9,2,0
11,1,0
13,3,0
14,16,0
2,2,0
4,1,0
7,1,0
12,3,0
13,9,0
14,3,0
15,4,0
4,14,0
12,16,0
3,2,0
7,5,0
10,8,0
12,1,0
14,2,0
1,3,0
4,5,0
7,2,0
10,4,0
11,5,0
12,2,0
13,22,0
14,1,0
15,1,0
1,3,0
2,1,0
3,8,0
4,24,0
5,3,0
6,11,0
10,4,0
12,16,0
14,2,0
2,3,0
5,2,0
7,1,0
10,12,0
12,1,0
13,1,0
14,1,0
0,4,0
2,5,0
3,1,0
5,1,0
6,1,0
13,2,0
14,15,0
15,3,0
0,29,0
2,1,0
3,7,0
5,5,0
6,1,0
7,1,0
8,4,0
10,33,0
12,1,0
13,7,0
14,2,0
0,1,0
2,1,0
3,4,0
5,2,0
6,3,0
7,3,0
10,11,0
11,7,0
12,1,0
13,1,0
14,3,0
15,17,0
0,4,0
1,30,0
4,8,0
6,28,0
15,3,0
1,9,0
3,1,0
7,1,0
8,3,0
14,1,0
15,1,0
3,6,0
4,5,0
7,16,0
10,5,0
12,7,0
0,2,0
4,2,0
5,2,0
9,5,0
2,18,0
3,5,0
5,1,0
6,2,0
7,4,0
8,1,0
9,1,0
10,4,0
12,1,0
13,1,0
14,1,0
15,1,0
2,1,0
4,9,0
5,2,0
6,1,0
8,1,0
10,19,0
12,5,0
13,1,0
2,2,0
6,22,0
13,1,0
14,1,0
1,1,0
2,2,0
8,6,0
14,1,0
2,1,0
3,2,0
10,12,0
14,1,0
15,10,0
2,1,0
3,1,0
6,11,0
7,1,0
8,2,0
9,1,0
10,15,0
13,2,0
1,4,0
2,2,0
3,2,0
4,6,0
8,3,0
10,6,0
15,7,0
0,1,0
3,4,0
7,2,0
9,34,0
10,19,0
11,7,0
3,1,0
4,3,0
5,1,0
6,8,0
8,10,0
9,7,0
10,6,0
11,1,0
12,1,0
14,1,0
0,12,0
1,5,0
3,6,0
4,8,0
9,1,0
12,12,0
3,4,0
4,4,0
7,10,0
8,8,0
9,5,0
15,6,0
1,3,0
2,23,0
4,23,0
6,3,0
7,19,0
8,6,0
12,1,0
13,3,0
14,1,0
15,20,0
5,4,0
9,2,0
10,2,0
11,5,0
3,8,0
11,11,0
13,1,0
15,11,0
2,16,0
5,5,0
8,2,0
13,1,0
14,2,0
15,5,0
0,4,0
2,6,0
7,3,0
9,3,0
12,10,0
13,3,0
14,3,0
15,13,0
1,16,0
2,19,0
3,1,0
4,2,0
10,2,0
13,2,0
14,2,0
5,2,0
7,1,0
10,1,0
11,2,0
12,3,0
13,2,0
14,2,0
0,1,0
3,2,0
11,8,0
13,14,0
3,1,0
4,1,0
7,1,0
8,7,0
10,1,0
12,7,0
13,3,0
14,1,0
15,29,0
2,1,0
3,1,0
4,7,0
8,2,0
9,1,0
13,1,0
14,2,0
12,8,0
0,2,0
1,3,0
2,1,0
3,2,0
5,13,0
6,1,0
7,2,0
12,2,0
13,2,0
14,2,0
2,5,0
3,2,0
4,3,0
6,2,0
8,11,0
10,2,0
14,3,0
0,2,0
1,6,0
2,2,0
3,5,0
5,9,0
6,2,0
8,8,0
9,1,0
10,3,0
13,5,0
14,2,0
0,6,0
1,1,0
4,3,0
6,2,0
7,2,0
9,1,0
11,7,0
13,1,0
15,14,0
5,5,0
12,1,0
2,2,0
3,2,0
4,3,0
5,1,0
6,2,0
7,2,0
9,2,0
10,1,0
11,2,0
12,2,0
13,2,0
14,1,0
15,2,0
0,2,0
2,1,0
3,16,0
4,7,0
5,6,0
6,2,0
8,1,0
9,25,0
12,1,0
1,6,0
2,4,0
3,8,0
5,9,0
7,1,0
13,1,0
15,2,0
0,1,0
3,4,0
4,1,0
8,40,0
9,2,0
10,1,0
13,1,0
14,1,0
15,11,0
5,1,0
10,5,0
12,5,0
2,4,0
3,1,0
7,1,0
8,1,0
9,1,0
10,4,0
12,12,0
13,2,0
14,1,0
15,2,0
0,4,0
4,5,0
7,3,0
9,4,0
15,4,0
2,5,0
6,2,0
9,2,0
12,2,0
14,4,0
1,6,0
2,2,0
3,2,0
4,1,0
6,2,0
7,9,0
8,1,0
10,10,0
13,1,0
14,1,0
15,27,0
1,2,0
3,7,0
5,3,0
7,2,0
10,9,0
12,1,0
13,3,0
14,14,0
15,2,0
2,3,0
3,13,0
4,14,0
6,7,0
7,12,0
10,1,0
12,1,0
14,5,0
5,1,0
7,1,0
10,1,0
11,3,0
14,2,0
15,1,0
0,2,0
2,1,0
4,3,0
6,3,0
10,2,0
13,5,0
15,8,0
2,1,0
3,3,0
4,6,0
8,2,0
9,13,0
13,1,0
14,1,0
15,3,0
1,3,0
8,2,0
10,3,0
12,20,0
1,10,0
2,3,0
3,2,0
4,2,0
5,1,0
6,34,0
13,15,0
0,8,0
2,1,0
3,7,0
4,1,0
6,9,0
13,3,0
15,2,0
0,1,0
3,1,0
6,2,0
10,5,0
12,1,0
13,1,0
14,2,0
15,2,0
0,4,0
1,3,0
3,6,0
5,4,0
8,3,0
9,3,0
13,30,0
14,2,0
15,4,0
2,1,0
3,2,0
7,5,0
8,6,0
12,4,0
13,3,0
14,6,0
1,33,0
3,14,0
4,11,0
5,1,0
6,12,0
7,2,0
9,2,0
10,1,0
12,1,0
13,2,0
15,2,0
0,2,0
3,6,0
4,2,0
6,8,0
7,2,0
9,3,0
11,3,0
12,2,0
13,2,0
14,2,0
15,2,0
0,3,0
2,9,0
11,1,0
15,2,0
2,2,0
7,1,0
10,2,0
12,6,0
14,6,0
15,2,0
1,13,0
3,2,0
4,33,0
10,1,0
13,1,0
14,3,0
1,1,0
4,1,0
7,2,0
9,2,0
15,1,0
0,3,0
1,11,0
2,1,0
7,1,0
0,2,0
1,7,0
2,3,0
3,2,0
4,2,0
6,2,0
9,3,0
13,2,0
14,1,0
0,1,0
1,6,0
2,4,0
5,3,0
6,3,0
7,2,0
8,3,0
12,15,0
14,1,0
2,1,0
3,1,0
5,1,0
7,1,0
8,3,0
14,1,0
0,1,0
1,8,0
3,1,0
5,1,0
11,1,0
12,1,0
0,5,0
1,2,0
2,3,0
3,5,0
5,2,0
13,3,0
14,2,0
1,1,0
3,1,0
4,1,0
5,1,0
6,1,0
7,1,0
8,1,0
9,1,0
10,12,0
11,1,0
15,1,0
2,23,0
3,1,0
4,4,0
5,1,0
11,12,0
12,11,0
13,15,0
2,2,0
3,2,0
4,1,0
5,2,0
7,2,0
9,10,0
10,8,0
13,1,0
0,5,0
1,4,0
2,4,0
7,4,0
12,4,0
0,2,0
3,2,0
7,5,0
15,2,0
0,1,0
1,1,0
3,15,0
5,1,0
7,11,0
8,3,0
11,60,1
13,1,0
2,1,0
4,2,0
5,1,0
3,1,0
5,5,0
12,1,0
2,8,0
3,9,0
8,7,0
14,1,0
15,3,0
0,29,0
1,13,0
8,1,0
0,2,0
2,5,0
6,2,0
10,3,0
13,4,0
2,2,0
3,2,0
4,2,0
5,2,0
14,3,0
15,2,0
0,10,0
2,2,0
3,2,0
4,2,0
5,1,0
6,4,0
8,3,0
9,2,0
11,2,0
12,2,0
13,2,0
14,1,0
15,3,0
0,1,0
4,12,0
13,1,0
14,2,0
15,3,0
2,1,0
3,20,0
9,2,0
10,1,0
13,20,0
14,1,0
0,1,0
1,7,0
2,15,0
3,1,0
4,1,0
5,7,0
14,1,0
0,6,0
2,6,0
4,4,0
13,4,0
15,4,0
5,5,0
12,33,0
3,1,0
5,4,0
6,1,0
14,8,0
1,13,0
2,11,0
3,33,0
4,1,0
5,5,0
6,1,0
15,1,0
5,5,0
14,1,0
0,1,0
2,3,0
3,1,0
6,17,0
8,5,0
9,1,0
10,1,0
15,3,0
0,1,0
3,1,0
4,11,0
5,1,0
6,1,0
7,1,0
8,12,0
9,1,0
10,1,0
11,13,0
13,1,0
14,1,0
15,1,0
1,1,0
3,4,0
10,16,0
12,2,0
13,2,0
7,3,0
8,22,0
10,8,0
0,12,0
5,17,0
10,10,0
14,3,0
1,1,0
2,10,0
7,3,0
10,1,0
0,2,0
2,5,0
5,4,0
7,1,0
13,2,0
14,2,0
2,1,0
3,1,0
11,16,0
12,3,0
15,26,0
3,1,0
4,6,0
10,11,0
11,47,0
13,20,0
2,13,0
3,1,0
6,5,0
8,2,0
10,1,0
11,15,0
13,9,0
14,10,0
10,6,0
0,1,0
7,1,0
15,1,0
0,4,0
2,2,0
3,3,0
4,7,0
7,7,0
9,7,0
12,8,0
14,2,0
5,2,0
7,1,0
8,5,0
9,4,0
14,1,0
0,1,0
1,1,0
4,1,0
10,23,0
12,4,0
1,5,0
2,1,0
6,1,0
8,1,0
12,16,0
13,2,0
8,1,0
10,1,0
7,2,0
9,1,0
13,4,0
15,9,0
3,28,0
4,3,0
7,1,0
8,2,0
3,1,0
5,3,0
6,8,0
7,8,0
8,11,0
9,1,0
10,1,0
12,4,0
14,2,0
2,18,0
3,2,0
6,1,0
7,5,0
8,4,0
12,2,0
13,2,0
14,4,0
15,5,0
1,1,0
2,3,0
5,2,0
6,1,0
8,1,0
10,18,0
13,1,0
14,1,0
0,1,0
2,1,0
3,2,0
4,1,0
8,6,0
10,1,0
12,15,0
14,1,0
15,1,0
0,13,0
2,4,0
3,6,0
11,9,0
12,3,0
13,7,0
14,4,0
15,8,0
2,2,0
3,2,0
5,2,0
6,5,0
8,6,0
12,6,0
14,3,0
1,8,0
2,1,0
3,19,0
7,13,0
8,1,0
13,1,0
15,3,0
1,10,0
2,2,0
3,1,0
4,9,0
7,1,0
12,4,0
3,1,0
4,14,0
14,3,0
2,4,0
3,4,0
6,14,0
8,5,0
9,16,0
10,3,0
12,4,0
13,5,0
14,3,0
1,4,0
2,7,0
4,1,0
7,1,0
10,1,0
11,18,0
12,1,0
14,1,0
2,3,0
11,25,0
13,3,0
1,7,0
2,2,0
3,2,0
5,5,0
8,2,0
9,2,0
10,1,0
11,2,0
12,13,0
13,2,0
14,1,0
0,1,0
2,1,0
3,3,0
7,1,0
8,3,0
14,17,0
3,3,0
5,3,0
13,3,0
15,1,0
0,1,0
3,1,0
4,1,0
9,1,0
11,5,0
14,1,0
15,27,0
3,12,0
4,25,0
9,1,0
10,4,0
13,10,0
14,2,0
3,3,0
6,2,0
8,2,0
10,7,0
13,3,0
14,1,0
6,34,0
10,16,0
14,4,0
0,1,0
2,2,0
3,27,0
4,8,0
6,1,0
11,4,0
14,1,0
1,2,0
2,7,0
3,3,0
4,3,0
5,7,0
12,4,0
0,7,0
6,11,0
10,6,0
11,5,0
12,5,0
14,5,0
2,2,0
4,2,0
5,3,0
6,2,0
8,2,0
10,3,0
13,4,0
14,9,0
2,3,0
3,3,0
6,3,0
8,3,0
9,3,0
14,4,0
15,2,0
0,1,0
3,1,0
4,1,0
10,5,0
12,2,0
13,1,0
14,1,0
0,1,0
2,1,0
3,3,0
4,1,0
6,1,0
8,1,0
10,5,0
12,1,0
13,1,0
14,1,0
15,10,0
0,13,0
1,10,0
2,8,0
3,2,0
7,9,0
8,1,0
12,2,0
14,3,0
0,9,0
3,3,0
4,11,0
7,3,0
8,4,0
11,27,0
12,8,0
15,3,0
3,9,0
4,6,0
5,3,0
6,17,0
11,2,0
12,1,0
13,1,0
15,14,0
3,6,0
6,8,0
9,5,0
10,9,0
14,5,0
15,7,0
2,5,0
6,20,0
8,3,0
10,2,0
13,3,0
14,5,0
4,3,0
5,1,0
7,1,0
12,10,0
13,7,0
0,1,0
1,13,0
4,8,0
6,1,0
7,1,0
13,1,0
15,2,0
0,5,0
2,2,0
4,5,0
5,8,0
7,2,0
15,1,0
2,1,0
4,2,0
7,8,0
9,7,0
10,1,0
12,1,0
13,5,0
14,5,0
4,2,0
10,12,0
1,14,0
3,2,0
6,13,0
7,2,0
10,13,0
14,7,0
8,1,0
11,1,0
1,4,0
2,1,0
2,2,0
3,2,0
4,4,0
6,7,0
7,4,0
9,12,0
12,11,0
13,3,0
14,3,0
15,3,0
2,2,0
14,1,0
0,5,0
1,4,0
2,3,0
3,16,0
4,9,0
13,4,0
14,9,0
1,3,0
2,1,0
3,1,0
5,5,0
6,1,0
7,4,0
8,3,0
9,1,0
10,1,0
11,2,0
12,3,0
14,3,0
0,15,0
2,1,0
5,2,0
7,2,0
12,1,0
13,3,0
14,1,0
5,7,0
10,8,0
11,5,0
0,1,0
2,4,0
3,1,0
4,1,0
7,3,0
15,1,0
2,1,0
3,1,0
4,8,0
6,20,0
11,14,0
13,1,0
14,1,0
2,1,0
3,1,0
4,4,0
9,3,0
12,1,0
13,1,0
14,8,0
0,1,0
1,2,0
2,2,0
3,1,0
7,1,0
10,3,0
15,1,0
3,9,0
1,1,0
2,10,0
3,1,0
4,2,0
6,3,0
7,2,0
8,2,0
9,2,0
11,2,0
12,5,0
13,1,0
14,3,0
0,5,0
1,1,0
3,5,0
4,1,0
5,3,0
6,23,0
12,22,0
13,5,0
14,4,0
15,3,0
7,1,0
10,4,0
13,1,0
14,2,0
2,8,0
4,1,0
6,2,0
7,7,0
8,14,0
9,2,0
10,1,0
13,2,0
15,5,0
0,16,0
1,4,0
2,2,0
3,4,0
4,2,0
5,2,0
7,2,0
8,2,0
10,7,0
12,1,0
13,2,0
14,2,0
0,8,0
1,1,0
4,1,0
7,1,0
8,1,0
10,1,0
12,1,0
15,1,0
1,2,0
2,1,0
4,2,0
5,2,0
6,2,0
8,2,0
9,1,0
10,1,0
12,1,0
13,4,0
15,3,0
2,2,0
4,3,0
9,10,0
10,3,0
13,3,0
14,3,0
15,13,0
3,6,0
7,5,0
9,1,0
1,8,0
2,5,0
5,4,0
7,2,0
12,3,0
1,5,0
2,9,0
3,5,0
4,7,0
5,7,0
6,12,0
8,3,0
9,8,0
10,4,0
14,5,0
2,3,0
14,24,0
0,8,0
3,2,0
0,3,0
1,16,0
2,1,0
3,1,0
4,3,0
6,5,0
7,1,0
8,1,0
9,1,0
11,7,0
12,1,0
13,2,0
14,1,0
15,8,0
0,5,0
2,4,0
3,3,0
6,13,0
7,5,0
9,4,0
14,7,0
0,3,0
1,2,0
2,16,0
3,4,0
4,5,0
5,4,0
6,2,0
9,5,0
10,6,0
15,2,0
0,2,0
4,3,0
5,6,0
9,2,0
13,7,0
0,2,0
2,2,0
8,1,0
10,1,0
15,1,0
1,2,0
2,2,0
9,2,0
10,4,0
11,9,0
12,2,0
14,2,0
15,1,0
4,1,0
5,1,0
8,1,0
9,1,0
10,1,0
12,1,0
13,1,0
3,3,0
1,1,0
3,1,0
4,1,0
6,1,0
8,1,0
9,13,0
11,1,0
13,1,0
14,2,0
0,3,0
2,1,0
3,1,0
4,1,0
7,2,0
10,1,0
11,5,0
13,2,0
2,2,0
3,2,0
4,3,0
5,25,0
7,7,0
8,5,0
9,7,0
10,2,0
12,3,0
15,3,0
7,1,0
1,2,0
2,6,0
3,6,0
4,2,0
10,3,0
11,9,0
12,1,0
13,1,0
14,1,0
0,2,0
2,1,0
3,2,0
4,3,0
5,8,0
6,2,0
7,14,0
9,2,0
11,6,0
12,2,0
13,1,0
14,1,0
15,2,0
3,1,0
5,2,0
6,6,0
7,1,0
14,1,0
15,1,0
2,1,0
3,5,0
4,8,0
5,6,0
8,1,0
9,3,0
10,1,0
12,4,0
13,2,0
14,1,0
2,2,0
5,4,0
7,3,0
2,2,0
6,6,0
7,1,0
8,2,0
10,1,0
1,5,0
3,8,0
4,3,0
7,4,0
9,3,0
11,4,0
13,3,0
15,3,0
4,1,0
5,5,0
6,5,0
7,3,0
9,23,0
12,19,0
13,2,0
12,2,0
1,2,0
2,1,0
6,1,0
8,1,0
10,1,0
12,1,0
14,1,0
15,4,0
7,2,0
10,5,0
12,1,0
0,3,0
3,4,0
10,10,0
13,2,0
14,1,0
1,7,0
2,4,0
7,5,0
10,7,0
13,5,0
14,12,0
2,1,0
7,1,0
8,1,0
11,11,0
13,3,0
14,4,0
7,2,0
9,22,0
0,1,0
4,1,0
12,1,0
13,1,0
2,1,0
3,1,0
15,3,0
3,1,0
7,1,0
11,4,0
12,1,0
15,1,0
1,1,0
2,1,0
11,4,0
0,1,0
1,3,0
5,1,0
11,1,0
12,2,0
15,1,0
7,1,0
8,1,0
10,5,0
1,1,0
3,3,0
4,3,0
7,2,0
8,4,0
9,6,0
10,3,0
12,2,0
13,3,0
15,1,0
2,1,0
3,21,0
4,7,0
7,1,0
11,1,0
12,1,0
13,1,0
14,1,0
2,3,0
3,1,0
5,8,0
8,2,0
9,2,0
11,3,0
14,2,0
15,1,0
3,9,0
6,1,0
10,3,0
0,1,0
1,2,0
3,1,0
7,1,0
8,2,0
10,4,0
13,3,0
14,1,0
15,4,0
1,4,0
3,2,0
6,5,0
7,4,0
10,3,0
11,15,0
12,5,0
13,5,0
14,2,0
3,7,0
7,4,0
9,1,0
0,2,0
1,10,0
2,2,0
3,3,0
7,3,0
13,10,0
15,3,0
2,10,0
7,1,0
8,6,0
10,1,0
12,6,0
13,1,0
15,26,0
2,1,0
10,2,0
2,2,0
3,2,0
4,2,0
5,3,0
6,2,0
7,2,0
8,2,0
9,6,0
10,2,0
11,2,0
12,2,0
13,2,0
14,2,0
0,2,0
2,11,0
3,1,0
7,1,0
10,2,0
1,1,0
4,5,0
9,12,0
15,14,0
0,1,0
2,1,0
3,1,0
5,5,0
6,1,0
7,1,0
8,1,0
9,13,0
10,1,0
14,1,0
9,5,0
4,1,0
6,1,0
7,6,0
8,3,0
9,1,0
11,12,0
13,1,0
15,18,0
1,27,0
2,1,0
3,1,0
4,1,0
6,1,0
7,1,0
8,1,0
11,1,0
12,2,0
13,1,0
14,1,0
15,2,0
3,22,0
10,6,0
0,14,0
9,2,0
12,1,0
14,2,0
4,1,0
5,1,0
8,1,0
10,11,0
12,1,0
14,1,0
4,2,0
5,2,0
14,1,0
15,1,0
0,1,0
1,1,0
2,3,0
5,5,0
6,1,0
7,1,0
8,3,0
13,5,0
3,3,0
9,8,0
10,7,0
11,2,0
14,12,0
1,1,0
2,3,0
5,1,0
7,4,0
10,1,0
12,1,0
13,1,0
14,1,0
15,1,0
2,1,0
3,1,0
6,7,0
12,6,0
13,3,0
14,1,0
0,6,0
1,4,0
2,9,0
3,4,0
5,5,0
6,5,0
7,1,0
11,2,0
15,13,0
2,15,0
9,4,0
2,1,0
3,1,0
4,22,0
7,1,0
8,3,0
10,11,0
12,6,0
15,6,0
1,1,0
2,1,0
3,1,0
8,1,0
9,1,0
11,1,0
14,2,0
0,5,0
3,40,0
5,18,0
10,4,0
13,3,0
14,4,0
1,1,0
8,2,0
10,1,0
15,16,0
3,7,0
10,26,0
11,4,0
4,2,0
10,1,0
12,5,0
14,2,0
15,2,0
0,5,0
1,5,0
2,2,0
5,5,0
7,6,0
8,7,0
10,4,0
12,2,0
13,5,0
14,3,0
15,2,0
1,31,0
2,20,0
5,1,0
10,34,0
12,3,0
15,8,0
3,1,0
4,5,0
5,1,0
6,4,0
12,4,0
15,1,0
9,3,0
13,3,0
2,1,0
6,9,0
7,1,0
8,2,0
10,2,0
12,3,0
13,15,0
14,1,0
2,2,0
5,5,0
6,2,0
8,3,0
9,3,0
13,2,0
14,2,0
2,4,0
7,5,0
9,1,0
12,4,0
15,3,0
11,9,0
12,8,0
2,1,0
3,1,0
4,1,0
5,1,0
6,5,0
7,2,0
10,3,0
13,1,0
14,1,0
15,1,0
0,8,0
3,7,0
5,11,0
6,3,0
10,4,0
13,7,0
15,4,0
2,2,0
5,4,0
9,3,0
10,4,0
13,8,0
14,3,0
3,1,0
4,4,0
5,3,0
6,4,0
9,1,0
10,6,0
13,3,0
15,5,0
1,9,0
2,1,0
9,24,0
14,5,0
0,1,0
2,1,0
8,1,0
10,13,0
14,5,0
1,1,0
4,2,0
7,1,0
8,3,0
13,17,0
14,11,0
15,21,0
2,6,0
8,11,0
10,1,0
13,1,0
14,14,0
0,6,0
1,9,0
2,1,0
4,1,0
15,1,0
2,2,0
3,1,0
5,1,0
14,6,0
15,1,0
0,1,0
1,1,0
2,12,0
3,1,0
4,1,0
5,4,0
7,1,0
8,1,0
9,1,0
11,2,0
12,3,0
13,1,0
15,1,0
8,2,0
9,4,0
13,1,0
14,4,0
2,1,0
3,9,0
10,5,0
13,9,0
14,2,0
2,1,0
6,1,0
8,2,0
13,5,0
0,4,0
3,2,0
5,2,0
8,3,0
12,6,0
2,12,0
3,10,0
4,8,0
5,5,0
6,4,0
8,16,0
13,1,0
15,1,0
2,1,0
7,1,0
14,3,0
0,1,0
2,1,0
4,1,0
6,1,0
9,1,0
14,1,0
1,3,0
2,1,0
6,3,0
7,1,0
12,2,0
13,3,0
15,3,0
0,10,0
1,6,0
2,4,0
3,3,0
9,7,0
10,3,0
11,4,0
12,18,0
14,2,0
0,1,0
1,1,0
2,8,0
5,1,0
8,1,0
11,15,0
1,7,0
2,2,0
6,21,0
8,3,0
13,5,0
14,13,0
2,3,0
8,4,0
7,9,0
8,3,0
10,4,0
14,2,0
2,2,0
12,4,0
13,9,0
14,4,0
0,1,0
3,5,0
4,2,0
9,2,0
10,3,0
13,2,0
2,2,0
4,1,0
6,3,0
10,2,0
12,10,0
13,1,0
14,2,0
15,1,0
0,3,0
3,4,0
4,3,0
5,10,0
7,1,0
8,5,0
10,4,0
14,5,0
0,2,0
1,2,0
2,2,0
6,5,0
9,11,0
15,7,0
0,3,0
4,6,0
6,14,0
8,2,0
10,2,0
13,2,0
2,7,0
10,4,0
12,6,0
13,5,0
15,6,0
5,4,0
8,5,0
13,4,0
14,1,0
1,1,0
3,2,0
4,1,0
6,1,0
7,9,0
8,1,0
10,1,0
12,1,0
13,2,0
14,1,0
15,1,0
4,1,0
5,4,0
10,1,0
4,2,0
6,8,0
9,1,0
14,2,0
15,8,0
2,28,0
3,5,0
4,2,0
9,3,0
10,7,0
0,2,0
7,45,0
9,10,0
10,2,0
13,1,0
14,1,0
15,3,0
0,2,0
1,1,0
4,1,0
12,8,0
15,1,0
0,2,0
14,1,0
0,4,0
7,12,0
13,1,0
14,10,0
15,5,0
6,2,0
7,2,0
9,1,0
12,2,0
3,3,0
9,3,0
11,3,0
12,3,0
13,13,0
14,3,0
2,1,0
3,2,0
6,10,0
7,2,0
8,2,0
10,2,0
11,3,0
12,2,0
14,2,0
2,1,0
3,7,0
9,4,0
1,3,0
2,5,0
4,7,0
7,3,0
10,4,0
12,8,0
14,1,0
15,7,0
4,6,0
5,10,0
7,5,0
8,1,0
10,2,0
14,14,0
1,1,0
2,2,0
3,4,0
4,1,0
8,1,0
9,1,0
10,2,0
12,1,0
15,2,0
0,3,0
1,8,0
2,3,0
5,1,0
7,12,0
13,4,0
14,1,0
15,2,0
1,3,0
3,6,0
4,1,0
5,2,0
14,2,0
2,2,0
7,3,0
10,2,0
13,3,0
14,2,0
1,5,0
5,1,0
10,1,0
12,1,0
11,5,0
12,3,0
1,3,0
2,14,0
8,10,0
10,16,0
12,1,0
14,1,0
2,3,0
3,10,0
6,5,0
7,5,0
10,9,0
12,3,0
13,3,0
15,18,0
3,1,0
5,3,0
6,2,0
7,2,0
9,13,0
14,5,0
4,1,0
8,5,0
9,3,0
10,3,0
14,3,0
1,1,0
2,1,0
6,1,0
8,1,0
9,1,0
10,23,0
12,1,0
13,1,0
14,1,0
15,1,0
0,8,0
2,1,0
3,5,0
6,3,0
7,1,0
10,1,0
13,1,0
14,6,0
15,3,0
3,1,0
6,17,0
10,1,0
14,1,0
1,3,0
4,5,0
7,3,0
8,3,0
9,1,0
12,3,0
14,1,0
15,1,0
2,1,0
3,1,0
5,1,0
7,10,0
3,12,0
10,2,0
12,1,0
13,1,0
14,2,0
6,2,0
7,3,0
12,4,0
14,2,0
1,26,0
5,1,0
12,3,0
14,4,0
2,22,0
10,5,0
12,15,0
13,15,0
14,1,0
3,4,0
5,6,0
13,3,0
14,4,0
0,5,0
1,1,0
2,1,0
3,10,0
4,2,0
5,26,0
6,1,0
7,1,0
8,6,0
9,2,0
11,1,0
12,3,0
13,1,0
14,3,0
2,2,0
4,2,0
5,3,0
6,2,0
9,2,0
12,2,0
13,2,0
14,2,0
0,3,0
2,1,0
3,5,0
4,2,0
6,1,0
7,1,0
8,1,0
11,1,0
13,8,0
14,1,0
3,1,0
5,3,0
10,1,0
14,1,0
1,13,0
7,1,0
9,1,0
10,13,0
14,8,0
1,2,0
3,1,0
4,1,0
5,1,0
7,1,0
8,1,0
11,1,0
13,2,0
3,1,0
4,4,0
9,12,0
11,10,0
2,2,0
4,2,0
7,1,0
8,4,0
1,4,0
2,1,0
3,1,0
9,1,0
14,2,0
2,3,0
13,1,0
2,3,0
3,20,0
4,16,0
8,11,0
9,3,0
11,4,0
14,3,0
2,1,0
4,1,0
5,4,0
6,2,0
12,5,0
0,1,0
3,1,0
5,2,0
6,1,0
10,1,0
13,15,0
14,12,0
0,9,0
5,1,0
10,3,0
12,7,0
13,4,0
14,9,0
0,3,0
2,3,0
3,9,0
6,6,0
8,3,0
9,3,0
12,3,0
13,1,0
2,12,0
4,1,0
5,1,0
6,13,0
8,13,0
9,1,0
13,3,0
15,1,0
0,4,0
1,3,0
2,1,0
3,3,0
10,2,0
12,2,0
13,4,0
14,10,0
15,4,0
0,5,0
1,1,0
2,1,0
3,1,0
4,5,0
6,1,0
7,1,0
8,1,0
12,14,0
13,1,0
15,5,0
0,2,0
3,13,0
5,2,0
8,2,0
10,9,0
13,2,0
1,3,0
2,1,0
5,5,0
8,2,0
11,1,0
13,14,0
0,4,0
2,4,0
3,3,0
4,12,0
6,6,0
7,5,0
10,3,0
11,3,0
12,3,0
13,6,0
14,4,0
15,4,0
1,1,0
7,1,0
12,5,0
13,1,0
2,5,0
13,1,0
15,13,0
0,1,0
2,2,0
5,1,0
7,1,0
14,1,0
0,10,0
2,5,0
4,4,0
5,5,0
10,4,0
12,4,0
13,4,0
14,4,0
5,4,0
13,7,0
15,7,0
3,17,0
4,2,0
7,1,0
13,1,0
15,3,0
0,3,0
2,1,0
5,1,0
7,1,0
10,1,0
13,1,0
0,7,0
2,5,0
3,4,0
4,18,0
5,7,0
8,12,0
9,5,0
10,10,0
11,5,0
12,5,0
13,5,0
14,2,0
15,5,0
2,2,0
3,3,0
4,3,0
8,5,0
10,2,0
12,1,0
1,1,0
8,6,0
9,1,0
11,2,0
14,1,0
0,26,0
8,1,0
1,3,0
2,5,0
3,2,0
4,4,0
5,3,0
6,7,0
8,2,0
9,2,0
10,8,0
13,3,0
14,3,0
15,2,0
10,1,0
13,1,0
14,1,0
2,1,0
3,2,0
4,2,0
7,3,0
8,3,0
9,7,0
12,6,0
13,1,0
14,1,0
3,6,0
2,3,0
4,2,0
7,3,0
8,7,0
13,3,0
14,1,0
15,6,0
4,1,0
5,5,0
7,15,0
10,25,0
14,1,0
0,1,0
10,1,0
12,1,0
1,6,0
2,5,0
4,11,0
7,1,0
8,7,0
9,3,0
10,3,0
12,7,0
13,5,0
14,1,0
15,7,0
1,7,0
2,2,0
3,3,0
8,1,0
10,7,0
12,8,0
14,1,0
1,1,0
3,1,0
6,1,0
7,3,0
9,1,0
10,3,0
11,2,0
12,6,0
13,1,0
0,5,0
2,2,0
3,3,0
4,1,0
6,1,0
7,9,0
8,1,0
9,2,0
10,3,0
11,4,0
12,10,0
13,1,0
15,1,0
1,1,0
6,1,0
8,1,0
10,1,0
11,4,0
13,1,0
15,1,0
1,2,0
3,1,0
4,1,0
7,1,0
8,13,0
9,1,0
11,2,0
12,2,0
13,1,0
1,2,0
8,6,0
10,1,0
14,1,0
15,15,0
0,4,0
3,3,0
4,1,0
12,3,0
13,1,0
0,3,0
2,1,0
7,1,0
9,17,0
11,1,0
13,1,0
14,2,0
15,3,0
2,2,0
5,2,0
11,1,0
12,2,0
0,2,0
3,2,0
0,3,0
1,1,0
2,2,0
3,2,0
5,1,0
6,1,0
7,1,0
12,1,0
14,1,0
15,1,0
1,3,0
8,1,0
10,4,0
12,1,0
14,1,0
0,2,0
5,2,0
7,1,0
8,36,0
1,23,0
7,11,0
10,1,0
12,2,0
13,8,0
2,1,0
6,1,0
10,3,0
13,1,0
14,3,0
1,3,0
2,14,0
14,4,0
2,1,0
3,1,0
13,1,0
14,21,0
1,2,0
2,3,0
5,2,0
15,9,0
3,3,0
7,2,0
12,1,0
15,1,0
0,3,0
4,2,0
12,6,0
2,2,0
4,2,0
7,2,0
10,2,0
11,6,0
14,2,0
15,2,0
3,1,0
6,3,0
10,1,0
13,1,0
1,1,0
2,1,0
3,5,0
4,37,0
7,1,0
12,4,0
15,2,0
3,9,0
5,1,0
7,2,0
12,1,0
13,1,0
3,3,0
5,4,0
6,2,0
7,2,0
8,2,0
14,3,0
2,6,0
4,1,0
5,1,0
12,5,0
13,15,0
2,1,0
3,4,0
8,2,0
11,1,0
12,1,0
13,6,0
0,2,0
1,8,0
2,2,0
3,2,0
5,2,0
7,4,0
11,6,0
12,2,0
13,2,0
15,2,0
1,2,0
2,3,0
3,1,0
6,5,0
13,2,0
14,1,0
15,2,0
7,4,0
8,1,0
1,55,1
4,1,0
5,4,0
6,17,0
8,4,0
9,4,0
10,1,0
13,2,0
6,5,0
7,4,0
8,1,0
2,1,0
3,4,0
8,5,0
10,5,0
11,8,0
13,2,0
15,3,0
2,2,0
3,22,0
4,7,0
9,1,0
14,8,0
15,4,0
0,15,0
1,11,0
2,2,0
3,1,0
5,2,0
9,1,0
10,1,0
13,1,0
14,1,0
15,3,0
0,4,0
2,1,0
3,2,0
5,2,0
10,18,0
12,3,0
13,3,0
2,9,0
3,3,0
11,4,0
12,1,0
13,20,0
14,2,0
15,1,0
0,3,0
1,3,0
2,1,0
9,10,0
10,1,0
13,1,0
14,2,0
0,1,0
1,9,0
2,1,0
3,1,0
4,1,0
5,1,0
6,1,0
7,3,0
8,1,0
12,2,0
14,1,0
2,2,0
5,8,0
7,7,0
10,2,0
14,5,0
0,1,0
2,1,0
3,1,0
4,1,0
6,2,0
8,2,0
9,4,0
12,1,0
14,1,0
2,13,0
3,1,0
6,15,0
8,1,0
10,2,0
0,3,0
3,1,0
7,2,0
8,3,0
9,12,0
10,7,0
15,3,0
1,2,0
2,1,0
5,14,0
7,1,0
9,11,0
12,1,0
13,1,0
14,2,0
7,3,0
8,3,0
12,7,0
0,1,0
2,1,0
3,1,0
4,1,0
5,1,0
6,1,0
7,1,0
10,1,0
13,2,0
14,2,0
4,4,0
7,7,0
10,3,0
15,6,0
9,2,0
10,7,0
13,3,0
14,11,0
0,3,0
1,4,0
3,2,0
4,10,0
7,2,0
8,3,0
10,2,0
11,2,0
15,3,0
1,1,0
3,3,0
7,19,0
8,2,0
9,1,0
10,17,0
11,3,0
13,3,0
0,1,0
1,1,0
2,2,0
3,1,0
4,1,0
5,1,0
7,5,0
8,1,0
9,2,0
12,2,0
13,1,0
14,1,0
1,3,0
3,4,0
7,5,0
10,11,0
12,9,0
3,9,0
5,2,0
7,1,0
10,2,0
13,11,0
14,1,0
0,5,0
1,3,0
2,1,0
3,3,0
4,3,0
5,9,0
6,5,0
7,3,0
8,3,0
9,1,0
12,1,0
14,8,0
15,3,0
1,4,0
2,1,0
3,1,0
4,3,0
7,1,0
8,1,0
14,1,0
15,1,0
1,9,0
7,5,0
9,2,0
10,8,0
14,3,0
15,2,0
1,3,0
7,1,0
9,2,0
13,2,0
2,1,0
3,3,0
5,1,0
7,1,0
10,2,0
4,4,0
6,3,0
8,4,0
12,4,0
5,2,0
12,2,0
13,11,0
8,3,0
13,1,0
14,1,0
1,6,0
5,14,0
8,4,0
0,1,0
3,1,0
5,2,0
7,1,0
10,9,0
13,7,0
15,1,0
1,1,0
2,1,0
3,1,0
4,1,0
5,1,0
7,1,0
8,1,0
9,3,0
11,1,0
12,1,0
13,1,0
14,1,0
15,1,0
0,4,0
1,6,0
2,7,0
8,11,0
10,4,0
12,6,0
13,6,0
14,6,0
15,6,0
2,2,0
10,2,0
12,2,0
13,2,0
14,16,0
10,8,0
13,4,0
14,4,0
0,1,0
2,1,0
3,9,0
4,5,0
8,5,0
9,7,0
10,2,0
12,4,0
13,5,0
14,4,0
15,4,0
0,9,0
1,1,0
2,6,0
3,1,0
9,1,0
13,1,0
14,1,0
0,3,0
1,4,0
3,3,0
4,3,0
5,2,0
6,5,0
12,3,0
13,2,0
14,1,0
15,3,0
0,2,0
1,1,0
2,4,0
3,1,0
4,1,0
5,5,0
7,1,0
9,5,0
10,3,0
11,3,0
12,1,0
13,4,0
14,7,0
15,1,0
0,6,0
3,2,0
5,3,0
7,1,0
14,1,0
1,1,0
2,1,0
4,1,0
5,15,0
6,1,0
9,7,0
10,1,0
12,4,0
14,4,0
15,8,0
2,1,0
7,2,0
9,1,0
14,2,0
15,1,0
0,3,0
7,3,0
1,4,0
2,7,0
3,2,0
12,3,0
13,9,0
14,5,0
15,3,0
8,20,0
12,13,0
1,2,0
2,7,0
7,1,0
8,1,0
13,6,0
14,1,0
15,1,0
3,3,0
6,3,0
13,2,0
15,6,0
2,3,0
4,1,0
5,9,0
6,3,0
9,3,0
10,3,0
12,1,0
13,3,0
14,2,0
15,3,0
2,1,0
3,2,0
4,2,0
5,2,0
6,3,0
8,1,0
10,15,0
12,4,0
14,2,0
2,3,0
3,5,0
13,2,0
15,2,0
3,2,0
4,2,0
6,2,0
11,2,0
12,2,0
14,2,0
15,2,0
0,2,0
1,5,0
5,1,0
12,1,0
13,11,0
14,1,0
3,1,0
7,2,0
11,1,0
14,1,0
15,8,0
2,1,0
3,1,0
5,1,0
6,2,0
8,1,0
10,1,0
12,10,0
13,1,0
14,1,0
3,7,0
4,1,0
6,2,0
7,1,0
9,11,0
10,1,0
13,7,0
14,3,0
15,1,0
2,2,0
3,24,0
4,1,0
5,2,0
10,3,0
14,12,0
15,1,0
0,3,0
3,1,0
4,1,0
7,8,0
10,3,0
12,5,0
13,1,0
15,1,0
3,1,0
7,9,0
11,11,0
5,4,0
7,1,0
13,1,0
15,1,0
0,3,0
12,4,0
15,3,0
1,4,0
4,3,0
8,1,0
14,1,0
2,1,0
5,1,0
7,1,0
13,1,0
0,1,0
5,13,0
13,1,0
14,4,0
15,1,0
0,1,0
2,2,0
3,2,0
4,1,0
5,4,0
8,2,0
9,3,0
12,1,0
13,1,0
14,1,0
3,2,0
6,2,0
8,1,0
10,1,0
13,1,0
14,2,0
1,2,0
2,4,0
8,5,0
11,3,0
3,2,0
4,1,0
7,3,0
8,1,0
15,3,0
0,6,0
4,1,0
9,2,0
12,1,0
13,1,0
14,1,0
15,1,0
8,6,0
10,8,0
13,4,0
14,3,0
0,1,0
1,2,0
2,1,0
8,22,0
11,3,0
12,2,0
13,1,0
14,2,0
0,9,0
1,2,0
2,4,0
3,4,0
7,20,0
10,1,0
12,7,0
15,1,0
0,2,0
1,3,0
2,2,0
3,3,0
4,3,0
5,8,0
11,12,0
12,7,0
14,2,0
2,3,0
3,2,0
7,16,0
14,6,0
1,19,0
2,4,0
6,1,0
12,8,0
15,1,0
2,26,0
4,12,0
5,1,0
13,2,0
2,1,0
10,1,0
12,1,0
14,6,0
15,12,0
1,2,0
3,7,0
5,7,0
6,4,0
8,3,0
12,1,0
3,1,0
4,2,0
7,1,0
9,1,0
11,3,0
12,1,0
3,2,0
4,19,0
6,8,0
7,2,0
9,2,0
12,2,0
13,6,0
15,2,0
1,11,0
2,2,0
3,6,0
6,2,0
9,2,0
10,2,0
12,6,0
14,5,0
1,3,0
2,1,0
5,3,0
6,9,0
7,3,0
8,9,0
10,2,0
12,1,0
14,1,0
1,13,0
3,1,0
5,2,0
7,2,0
12,1,0
0,6,0
3,7,0
12,7,0
14,6,0
0,1,0
1,1,0
2,1,0
3,1,0
4,3,0
5,4,0
8,7,0
9,10,0
10,3,0
12,1,0
13,5,0
14,1,0
15,1,0
3,4,0
0,2,0
6,3,0
7,2,0
10,2,0
13,14,0
2,1,0
5,1,0
11,16,0
12,1,0
3,3,0
4,4,0
7,3,0
10,3,0
13,5,0
15,3,0
3,2,0
6,4,0
7,2,0
8,1,0
3,3,0
7,2,0
9,2,0
14,14,0
2,1,0
3,2,0
5,2,0
8,2,0
10,1,0
13,1,0
15,2,0
1,2,0
5,5,0
8,1,0
12,1,0
14,1,0
3,2,0
10,17,0
12,1,0
0,6,0
3,3,0
4,4,0
10,4,0
12,4,0
13,2,0
0,1,0
1,1,0
2,1,0
3,2,0
4,6,0
6,1,0
7,1,0
10,1,0
15,6,0
2,2,0
3,1,0
6,7,0
10,1,0
11,3,0
12,2,0
13,1,0
15,1,0
2,2,0
4,5,0
7,1,0
9,2,0
10,9,0
14,2,0
15,1,0
0,1,0
2,1,0
3,1,0
4,1,0
6,1,0
7,1,0
12,1,0
13,1,0
3,2,0
2,2,0
3,3,0
5,8,0
7,5,0
14,2,0
15,10,0
0,4,0
2,3,0
3,11,0
4,6,0
6,1,0
15,6,0
0,2,0
3,4,0
10,2,0
2,1,0
14,3,0
2,1,0
3,5,0
4,1,0
6,1,0
10,12,0
11,4,0
12,1,0
13,6,0
14,1,0
15,7,0
0,1,0
3,3,0
4,1,0
7,1,0
9,1,0
13,1,0
14,1,0
2,16,0
4,10,0
11,7,0
12,1,0
0,1,0
2,8,0
9,4,0
10,2,0
12,1,0
13,1,0
14,1,0
0,8,0
2,2,0
3,3,0
4,2,0
5,3,0
6,2,0
8,3,0
10,2,0
13,3,0
14,3,0
2,3,0
3,3,0
4,21,0
9,3,0
10,1,0
12,6,0
13,1,0
14,5,0
2,2,0
9,1,0
14,5,0
15,2,0
3,1,0
4,2,0
5,3,0
9,1,0
10,3,0
13,1,0
14,1,0
15,1,0
13,1,0
0,3,0
2,8,0
3,4,0
4,7,0
7,10,0
13,2,0
2,3,0
4,4,0
6,1,0
8,2,0
9,2,0
10,44,0
12,2,0
13,7,0
14,3,0
15,2,0
0,1,0
1,4,0
5,4,0
9,2,0
10,4,0
12,3,0
14,7,0
15,1,0
2,4,0
7,3,0
10,1,0
13,10,0
14,3,0
0,2,0
1,11,0
3,2,0
6,2,0
7,2,0
8,2,0
10,1,0
11,1,0
13,2,0
3,8,0
14,2,0
0,5,0
4,2,0
14,3,0
15,1,0
0,15,0
1,2,0
2,1,0
3,1,0
4,1,0
5,1,0
8,9,0
9,1,0
11,3,0
12,1,0
13,1,0
14,1,0
15,6,0
2,7,0
5,8,0
10,5,0
12,17,0
13,4,0
0,3,0
2,2,0
4,3,0
10,1,0
12,3,0
13,7,0
15,2,0
5,4,0
10,1,0
13,1,0
3,1,0
4,3,0
5,1,0
10,2,0
12,3,0
2,4,0
11,4,0
12,4,0
13,6,0
5,9,0
7,2,0
13,1,0
0,3,0
1,5,0
3,5,0
5,6,0
6,5,0
8,4,0
10,8,0
12,4,0
13,1,0
14,4,0
1,3,0
2,4,0
6,3,0
8,3,0
13,3,0
14,3,0
15,3,0
7,1,0
10,4,0
2,3,0
3,5,0
7,9,0
8,2,0
12,5,0
13,1,0
14,2,0
1,8,0
2,1,0
6,4,0
8,2,0
10,1,0
13,1,0
14,6,0
15,2,0
2,12,0
4,5,0
5,3,0
10,9,0
12,1,0
0,1,0
1,2,0
3,1,0
4,1,0
5,4,0
8,7,0
9,4,0
12,2,0
5,1,0
8,14,0
12,15,0
14,2,0
15,7,0
2,3,0
3,3,0
9,8,0
13,3,0
14,2,0
0,4,0
1,1,0
2,2,0
4,1,0
7,1,0
10,1,0
15,4,0
1,1,0
2,1,0
6,2,0
10,1,0
15,3,0
1,3,0
2,3,0
4,2,0
6,1,0
10,1,0
14,11,0
1,1,0
3,1,0
5,10,0
13,1,0
2,2,0
5,7,0
7,1,0
13,3,0
15,1,0
0,1,0
2,1,0
3,1,0
4,1,0
5,1,0
8,3,0
11,1,0
13,1,0
14,1,0
0,5,0
2,5,0
4,6,0
7,7,0
8,4,0
9,2,0
7,3,0
12,2,0
2,2,0
5,13,0
15,2,0
0,1,0
2,1,0
3,14,0
7,2,0
10,1,0
14,1,0
2,3,0
5,2,0
7,4,0
12,2,0
13,8,0
14,3,0
1,4,0
2,1,0
10,2,0
0,1,0
3,1,0
4,1,0
5,1,0
10,32,0
11,1,0
14,1,0
0,3,0
7,3,0
9,3,0
12,3,0
14,3,0
15,3,0
2,3,0
4,1,0
7,1,0
10,1,0
14,3,0
0,7,0
1,2,0
3,2,0
5,8,0
10,2,0
13,2,0
1,14,0
3,1,0
7,1,0
10,1,0
11,3,0
13,2,0
14,1,0
2,7,0
3,3,0
8,1,0
12,4,0
15,3,0
0,1,0
2,5,0
3,1,0
7,2,0
8,1,0
12,1,0
14,1,0
15,1,0
1,1,0
3,1,0
4,1,0
10,11,0
13,1,0
14,1,0
2,16,0
6,8,0
12,1,0
2,1,0
3,1,0
5,1,0
6,1,0
11,2,0
13,1,0
0,1,0
1,2,0
3,2,0
4,2,0
8,1,0
12,2,0
13,2,0
14,2,0
1,2,0
4,2,0
11,3,0
12,2,0
14,2,0
0,2,0
1,16,0
5,2,0
11,15,0
15,1,0
0,6,0
13,1,0
15,1,0
1,5,0
2,1,0
11,1,0
13,3,0
14,1,0
0,1,0
3,2,0
4,2,0
5,3,0
7,1,0
12,3,0
14,1,0
2,3,0
13,9,0
0,1,0
3,1,0
6,1,0
7,1,0
8,2,0
10,1,0
14,1,0
5,1,0
7,5,0
8,2,0
10,2,0
12,4,0
14,1,0
1,3,0
3,7,0
5,2,0
8,6,0
10,1,0
14,1,0
13,1,0
15,1,0
3,1,0
5,1,0
12,3,0
14,1,0
1,3,0
2,3,0
3,3,0
4,16,0
5,3,0
7,3,0
8,5,0
11,2,0
14,2,0
1,1,0
2,1,0
3,1,0
5,1,0
6,2,0
7,3,0
10,1,0
12,1,0
14,1,0
15,1,0
0,1,0
2,1,0
3,1,0
4,1,0
6,1,0
7,1,0
8,1,0
9,1,0
10,5,0
12,1,0
13,1,0
14,1,0
15,1,0
0,1,0
2,3,0
3,1,0
4,1,0
5,1,0
7,1,0
8,1,0
9,1,0
10,1,0
13,2,0
14,1,0
0,3,0
2,1,0
3,2,0
6,10,0
7,3,0
8,1,0
10,1,0
12,3,0
13,2,0
14,3,0
0,1,0
2,3,0
4,2,0
6,1,0
9,1,0
12,3,0
13,1,0
14,1,0
15,2,0
2,2,0
3,1,0
4,7,0
5,1,0
6,4,0
10,11,0
12,1,0
13,1,0
14,1,0
15,7,0
2,1,0
8,10,0
9,1,0
10,1,0
13,2,0
14,1,0
15,1,0
2,1,0
4,1,0
5,33,0
11,4,0
0,5,0
5,6,0
7,1,0
12,3,0
13,1,0
15,1,0
2,3,0
5,1,0
7,1,0
8,4,0
9,1,0
10,1,0
11,28,0
12,1,0
13,1,0
14,1,0
15,4,0
2,3,0
3,2,0
4,4,0
14,2,0
0,7,0
1,2,0
2,2,0
3,1,0
4,2,0
5,22,0
7,2,0
10,2,0
11,1,0
13,10,0
14,11,0
2,3,0
3,2,0
4,3,0
5,2,0
8,2,0
10,3,0
12,2,0
13,2,0
14,1,0
1,3,0
2,2,0
14,2,0
2,1,0
5,1,0
6,1,0
8,16,0
9,1,0
13,2,0
14,9,0
2,3,0
3,3,0
4,16,0
5,6,0
7,3,0
8,3,0
10,1,0
14,2,0
15,2,0
0,1,0
2,6,0
3,4,0
5,1,0
9,1,0
12,1,0
13,4,0
14,2,0
15,1,0
1,4,0
2,4,0
3,1,0
7,2,0
13,8,0
15,4,0
2,2,0
4,3,0
7,1,0
8,1,0
9,27,0
14,1,0
15,1,0
0,1,0
3,21,0
5,1,0
8,1,0
9,1,0
10,2,0
7,2,0
1,5,0
2,6,0
3,3,0
4,13,0
5,9,0
8,1,0
9,4,0
10,8,0
12,2,0
14,3,0
9,2,0
10,5,0
12,2,0
15,2,0
0,1,0
3,1,0
4,1,0
7,1,0
8,1,0
10,1,0
11,1,0
12,1,0
13,1,0
14,9,0
15,1,0
2,1,0
4,1,0
7,1,0
10,1,0
11,1,0
14,2,0
0,1,0
2,6,0
3,2,0
5,4,0
6,1,0
8,1,0
9,1,0
10,2,0
11,1,0
13,3,0
14,1,0
15,3,0
1,2,0
2,1,0
4,4,0
7,1,0
10,1,0
12,1,0
14,4,0
5,4,0
13,3,0
14,1,0
15,1,0
1,14,0
2,1,0
4,1,0
8,3,0
9,7,0
10,3,0
15,5,0
2,10,0
3,3,0
10,5,0
11,10,0
13,1,0
14,4,0
15,7,0
0,6,0
2,2,0
3,1,0
5,1,0
6,4,0
7,10,0
8,2,0
10,5,0
13,1,0
2,5,0
3,1,0
4,6,0
5,5,0
8,8,0
12,5,0
13,4,0
14,1,0
15,1,0
2,1,0
14,1,0
0,3,0
2,3,0
3,3,0
6,3,0
8,5,0
9,2,0
10,3,0
12,3,0
13,3,0
14,5,0
15,3,0
0,5,0
2,9,0
3,1,0
4,3,0
5,3,0
7,3,0
0,3,0
1,2,0
3,2,0
4,2,0
7,5,0
8,4,0
10,2,0
12,2,0
13,2,0
14,5,0
15,2,0
0,5,0
2,4,0
9,4,0
13,7,0
14,9,0
1,11,0
3,3,0
5,10,0
12,8,0
2,2,0
3,2,0
4,1,0
5,2,0
7,5,0
8,2,0
10,2,0
14,1,0
15,2,0
3,3,0
12,6,0
0,2,0
3,2,0
4,6,0
6,5,0
9,1,0
10,6,0
12,4,0
14,2,0
4,5,0
14,5,0
12,1,0
15,2,0
2,8,0
3,2,0
5,2,0
7,1,0
8,1,0
11,2,0
14,1,0
3,9,0
4,5,0
7,9,0
9,5,0
10,1,0
14,5,0
2,1,0
9,2,0
4,21,0
5,9,0
10,7,0
14,1,0
0,4,0
1,3,0
2,2,0
3,15,0
5,2,0
7,1,0
13,4,0
14,1,0
1,2,0
3,1,0
4,1,0
11,1,0
12,1,0
1,1,0
2,14,0
5,2,0
9,3,0
10,10,0
14,1,0
15,5,0
2,1,0
3,1,0
6,7,0
7,2,0
10,1,0
12,1,0
14,2,0
15,2,0
1,8,0
3,1,0
4,1,0
6,3,0
8,9,0
12,1,0
13,1,0
14,1,0
15,4,0
2,2,0
4,1,0
5,1,0
6,6,0
7,5,0
8,17,0
9,5,0
11,1,0
13,1,0
14,1,0
15,1,0
1,2,0
2,4,0
3,3,0
14,7,0
14,2,0
7,3,0
8,2,0
10,20,0
8,1,0
1,2,0
14,6,0
15,1,0
7,3,0
13,8,0
14,1,0
15,3,0
2,1,0
3,1,0
5,2,0
9,1,0
13,1,0
14,1,0
0,18,0
4,1,0
7,1,0
12,5,0
13,1,0
14,4,0
15,3,0
3,3,0
4,1,0
12,4,0
13,4,0
0,1,0
2,1,0
3,1,0
6,1,0
8,1,0
9,1,0
10,3,0
12,1,0
13,1,0
15,1,0
3,1,0
5,5,0
8,2,0
9,1,0
13,9,0
3,1,0
6,1,0
7,6,0
9,2,0
10,1,0
12,1,0
13,2,0
14,1,0
15,1,0
6,1,0
7,4,0
9,1,0
14,1,0
15,8,0
2,1,0
12,3,0
1,5,0
3,4,0
4,1,0
7,1,0
9,3,0
10,3,0
15,4,0
0,1,0
2,1,0
3,1,0
4,1,0
7,1,0
9,1,0
10,3,0
12,1,0
13,1,0
14,3,0
0,7,0
2,9,0
3,1,0
4,2,0
9,2,0
13,11,0
15,2,0
0,5,0
3,1,0
4,1,0
5,1,0
7,1,0
10,1,0
14,1,0
0,3,0
2,1,0
3,5,0
4,3,0
5,3,0
8,8,0
12,2,0
13,1,0
14,3,0
2,6,0
10,1,0
11,1,0
12,1,0
2,1,0
4,2,0
5,1,0
7,7,0
8,1,0
10,7,0
13,1,0
14,1,0
15,3,0
2,2,0
5,1,0
7,1,0
8,1,0
10,2,0
13,1,0
15,1,0
10,1,0
12,1,0
2,1,0
3,12,0
7,2,0
12,1,0
0,3,0
4,2,0
5,1,0
8,2,0
10,2,0
13,5,0
2,9,0
5,3,0
7,2,0
8,1,0
10,7,0
12,9,0
14,4,0
15,1,0
2,1,0
11,1,0
14,1,0
15,3,0
2,1,0
3,1,0
12,3,0
14,1,0
15,1,0
0,9,0
3,2,0
4,3,0
5,1,0
6,1,0
7,3,0
13,1,0
14,1,0
15,1,0
0,1,0
2,12,0
9,1,0
13,1,0
14,10,0
5,2,0
6,1,0
14,1,0
15,1,0
3,1,0
7,1,0
12,2,0
14,1,0
0,1,0
1,1,0
2,2,0
5,2,0
6,2,0
8,1,0
12,2,0
14,1,0
15,1,0
2,18,0
13,3,0
14,1,0
15,5,0
0,5,0
1,2,0
3,5,0
6,2,0
7,1,0
10,3,0
12,2,0
13,3,0
14,1,0
3,3,0
4,3,0
6,18,0
7,7,0
8,2,0
11,2,0
13,10,0
15,2,0
3,3,0
7,6,0
13,2,0
3,1,0
4,1,0
8,1,0
2,1,0
3,13,0
8,2,0
10,1,0
13,12,0
14,1,0
2,4,0
4,2,0
7,2,0
14,1,0
15,2,0
2,4,0
5,2,0
7,1,0
8,4,0
0,1,0
1,7,0
2,13,0
3,1,0
4,3,0
6,1,0
7,5,0
8,1,0
11,1,0
13,8,0
0,1,0
1,2,0
2,4,0
5,3,0
7,1,0
10,2,0
11,2,0
13,5,0
1,1,0
2,1,0
5,3,0
6,1,0
9,1,0
10,1,0
12,1,0
13,1,0
14,1,0
0,1,0
1,3,0
4,2,0
7,3,0
10,6,0
13,1,0
14,5,0
0,4,0
2,5,0
3,4,0
4,4,0
7,8,0
11,5,0
14,7,0
1,2,0
2,3,0
3,7,0
7,2,0
13,2,0
15,8,0
0,1,0
2,1,0
3,1,0
4,2,0
6,12,0
7,2,0
8,6,0
13,1,0
14,1,0
15,4,0
3,4,0
9,4,0
10,1,0
13,1,0
14,4,0
2,3,0
3,6,0
4,4,0
7,5,0
8,3,0
9,2,0
11,4,0
0,7,0
2,1,0
14,1,0
3,3,0
8,7,0
10,3,0
12,3,0
2,1,0
2,1,0
4,2,0
6,1,0
7,10,0
9,9,0
10,1,0
15,1,0
5,2,0
0,1,0
0,1,0
3,1,0
4,1,0
10,4,0
0,3,0
3,4,0
10,3,0
1,1,0
3,4,0
10,1,0
0,4,0
1,1,0
3,2,0
7,2,0
8,1,0
13,1,0
14,1,0
15,5,0
0,1,0
1,1,0
3,1,0
10,1,0
13,1,0
14,1,0
1,7,0
2,2,0
7,4,0
10,4,0
14,1,0
15,12,0
3,3,0
5,3,0
8,3,0
10,2,0
13,4,0
14,3,0
5,1,0
0,5,0
2,1,0
3,1,0
4,2,0
5,1,0
7,1,0
8,1,0
9,3,0
11,1,0
12,1,0
14,1,0
0,1,0
1,1,0
2,9,0
3,1,0
4,2,0
5,1,0
7,2,0
9,1,0
10,2,0
11,1,0
13,1,0
14,1,0
15,3,0
0,2,0
3,2,0
5,2,0
9,7,0
12,2,0
10,6,0
14,2,0
7,1,0
12,1,0
3,3,0
8,3,0
0,3,0
1,3,0
2,4,0
3,3,0
4,4,0
5,4,0
6,8,0
8,4,0
11,1,0
12,5,0
13,4,0
14,3,0
0,1,0
3,1,0
5,1,0
7,3,0
12,5,0
13,5,0
1,3,0
3,4,0
8,4,0
10,3,0
13,3,0
14,2,0
15,1,0
3,3,0
7,1,0
9,1,0
10,4,0
15,1,0
1,3,0
2,3,0
3,3,0
5,3,0
10,9,0
11,6,0
12,2,0
2,4,0
8,2,0
10,5,0
12,5,0
14,1,0
15,3,0
2,5,0
4,2,0
10,1,0
12,3,0
13,5,0
15,7,0
15,11,0
0,3,0
1,1,0
2,2,0
4,2,0
6,3,0
7,3,0
12,4,0
14,5,0
15,3,0
0,4,0
1,1,0
2,6,0
3,8,0
4,13,0
10,1,0
13,2,0
15,1,0
2,1,0
4,2,0
7,1,0
13,1,0
0,3,0
2,5,0
3,5,0
8,10,0
9,3,0
12,3,0
14,3,0
2,3,0
7,1,0
8,1,0
2,4,0
3,1,0
10,3,0
12,2,0
1,7,0
3,2,0
1,1,0
6,1,0
12,2,0
4,7,0
6,3,0
14,4,0
0,4,0
1,1,0
3,1,0
5,1,0
7,1,0
12,1,0
13,1,0
14,1,0
3,6,0
10,1,0
12,3,0
0,12,0
1,2,0
2,1,0
10,17,0
13,1,0
14,1,0
0,4,0
2,1,0
4,1,0
0,4,0
5,4,0
7,6,0
12,8,0
14,8,0
1,1,0
2,1,0
7,1,0
15,9,0
2,1,0
3,1,0
4,4,0
7,9,0
12,1,0
2,1,0
0,1,0
1,1,0
3,1,0
13,11,0
14,1,0
2,3,0
8,4,0
9,3,0
15,1,0
3,3,0
8,12,0
11,5,0
14,4,0
2,2,0
3,2,0
12,7,0
13,3,0
14,2,0
5,7,0
7,1,0
3,12,0
8,5,0
15,4,0
4,7,0
5,2,0
10,1,0
12,4,0
0,2,0
3,3,0
5,1,0
6,2,0
13,8,0
2,3,0
3,1,0
1,2,0
3,2,0
8,1,0
11,1,0
14,1,0
3,2,0
11,1,0
12,1,0
0,3,0
3,6,0
5,8,0
6,5,0
8,1,0
9,3,0
10,2,0
2,13,0
4,1,0
5,1,0
8,1,0
9,2,0
13,2,0
10,1,0
12,4,0
0,3,0
1,1,0
2,6,0
10,7,0
12,1,0
14,1,0
15,1,0
5,5,0
10,1,0
11,1,0
12,1,0
15,1,0
3,2,0
7,1,0
9,2,0
13,1,0
14,5,0
1,9,0
2,1,0
3,35,0
7,1,0
8,6,0
14,1,0
15,7,0
2,15,0
3,1,0
12,1,0
5,4,0
12,1,0
14,1,0
1,2,0
4,2,0
10,2,0
11,1,0
1,26,0
13,1,0
2,1,0
7,2,0
10,5,0
14,5,0
3,6,0
4,5,0
5,1,0
6,1,0
12,1,0
13,1,0
0,5,0
3,5,0
6,4,0
7,2,0
9,3,0
12,6,0
14,10,0
2,1,0
10,6,0
3,2,0
5,1,0
8,2,0
13,1,0
14,2,0
2,2,0
12,4,0
14,3,0
13,1,0
15,1,0
2,4,0
4,2,0
12,4,0
15,3,0
2,4,0
8,2,0
14,2,0
0,1,0
3,1,0
6,1,0
13,1,0
14,1,0
0,1,0
1,3,0
2,1,0
5,3,0
6,1,0
7,2,0
8,3,0
10,1,0
11,1,0
14,5,0
2,1,0
4,31,0
5,2,0
8,1,0
10,19,0
13,1,0
2,1,0
5,6,0
8,2,0
12,5,0
5,5,0
10,3,0
12,1,0
13,2,0
14,5,0
1,1,0
2,6,0
10,1,0
12,2,0
13,1,0
14,1,0
0,2,0
1,1,0
5,1,0
15,2,0
0,2,0
3,2,0
4,2,0
5,2,0
7,2,0
9,2,0
10,7,0
14,2,0
2,1,0
3,13,0
5,1,0
7,1,0
8,2,0
11,1,0
13,1,0
0,1,0
1,2,0
2,1,0
4,2,0
9,5,0
1,3,0
3,1,0
6,1,0
8,1,0
12,1,0
13,1,0
14,14,0
3,8,0
8,12,0
10,7,0
13,4,0
15,5,0
2,1,0
13,1,0
3,5,0
5,1,0
11,13,0
15,2,0
2,1,0
4,1,0
0,2,0
1,1,0
2,4,0
3,1,0
4,1,0
5,1,0
6,1,0
7,3,0
8,1,0
9,1,0
10,2,0
12,1,0
13,1,0
14,1,0
15,5,0
10,2,0
5,1,0
7,2,0
11,1,0
2,2,0
3,3,0
10,3,0
13,2,0
0,2,0
3,1,0
5,2,0
7,1,0
8,1,0
10,1,0
12,1,0
14,1,0
3,2,0
4,1,0
7,1,0
10,2,0
11,1,0
12,2,0
2,1,0
5,6,0
8,3,0
13,3,0
14,11,0
15,1,0
1,1,0
2,4,0
7,1,0
12,1,0
14,1,0
15,1,0
8,1,0
11,17,0
13,5,0
14,1,0
9,1,0
14,14,0
2,8,0
3,2,0
7,2,0
9,2,0
10,2,0
12,1,0
13,1,0
14,8,0
2,7,0
5,1,0
7,1,0
8,19,0
10,5,0
0,1,0
1,5,0
9,2,0
12,1,0
13,3,0
14,1,0
15,1,0
2,1,0
3,1,0
4,1,0
7,1,0
15,1,0
2,4,0
3,1,0
4,1,0
5,2,0
10,1,0
12,3,0
13,2,0
14,1,0
15,4,0
2,1,0
3,3,0
11,1,0
15,1,0
3,2,0
4,9,0
5,7,0
9,4,0
10,5,0
12,2,0
12,1,0
2,1,0
3,1,0
4,1,0
5,4,0
7,2,0
9,1,0
12,1,0
13,18,0
14,2,0
15,1,0
2,1,0
3,7,0
4,3,0
7,2,0
10,3,0
12,2,0
15,2,0
0,2,0
3,15,0
9,1,0
14,3,0
15,1,0
1,2,0
2,4,0
7,2,0
3,1,0
4,2,0
6,4,0
7,2,0
10,1,0
11,2,0
12,2,0
14,2,0
3,1,0
13,1,0
14,3,0
1,1,0
2,3,0
7,7,0
9,1,0
14,1,0
15,9,0
1,1,0
2,1,0
4,4,0
7,5,0
9,1,0
10,6,0
14,1,0
15,1,0
0,1,0
1,2,0
3,1,0
7,2,0
10,1,0
12,2,0
13,3,0
14,2,0
4,2,0
10,6,0
3,6,0
10,2,0
15,3,0
3,1,0
4,1,0
6,3,0
14,1,0
15,1,0
2,1,0
5,1,0
7,1,0
8,3,0
12,1,0
13,1,0
14,3,0
2,3,0
7,3,0
8,6,0
2,1,0
13,2,0
5,8,0
14,2,0
7,2,0
9,1,0
13,2,0
15,2,0
1,2,0
2,2,0
7,4,0
12,1,0
2,3,0
0,2,0
3,6,0
5,2,0
6,1,0
8,2,0
10,1,0
11,3,0
13,1,0
14,6,0
7,5,0
10,8,0
14,7,0
5,5,0
7,6,0
10,5,0
12,2,0
1,2,0
2,7,0
12,1,0
14,1,0
3,1,0
7,13,0
12,1,0
13,1,0
14,1,0
15,2,0
3,1,0
10,1,0
15,1,0
2,3,0
3,1,0
6,4,0
8,1,0
9,3,0
12,4,0
13,1,0
14,8,0
9,1,0
10,1,0
12,1,0
15,1,0
13,7,0
0,2,0
2,3,0
3,8,0
10,3,0
12,6,0
14,6,0
2,1,0
15,1,0
1,1,0
3,1,0
6,4,0
12,2,0
14,1,0
15,17,0
0,1,0
4,1,0
6,1,0
13,1,0
0,1,0
1,1,0
8,1,0
12,1,0
15,1,0
0,1,0
2,1,0
4,1,0
7,4,0
12,1,0
13,7,0
14,3,0
0,3,0
2,1,0
5,1,0
10,2,0
12,2,0
13,1,0
15,1,0
2,1,0
3,3,0
5,7,0
6,2,0
10,3,0
12,2,0
14,3,0
1,1,0
2,2,0
5,1,0
6,5,0
8,9,0
9,2,0
10,1,0
12,3,0
14,1,0
1,1,0
2,1,0
3,8,0
12,3,0
13,2,0
0,1,0
2,8,0
6,1,0
7,1,0
10,1,0
12,1,0
13,1,0
14,1,0
15,1,0
1,1,0
3,2,0
4,1,0
6,9,0
8,1,0
11,5,0
12,1,0
11,1,0
2,2,0
3,2,0
4,2,0
6,2,0
9,2,0
10,3,0
12,2,0
14,2,0
0,2,0
1,2,0
12,17,0
14,1,0
1,5,0
5,2,0
6,2,0
10,3,0
14,2,0
0,11,0
2,4,0
3,3,0
8,6,0
10,7,0
1,2,0
2,2,0
3,3,0
14,1,0
5,6,0
7,2,0
9,3,0
13,1,0
14,1,0
4,5,0
0,8,0
2,7,0
4,2,0
7,3,0
12,2,0
15,1,0
2,2,0
14,2,0
15,1,0
1,18,0
3,1,0
10,5,0
12,5,0
1,2,0
3,2,0
5,1,0
9,2,0
10,2,0
12,2,0
13,2,0
14,2,0
1,2,0
3,1,0
7,1,0
10,2,0
13,7,0
0,2,0
5,2,0
8,2,0
10,2,0
13,2,0
15,9,0
0,2,0
1,1,0
3,2,0
7,1,0
10,1,0
12,1,0
15,2,0
4,3,0
5,3,0
7,5,0
8,3,0
10,9,0
14,4,0
2,1,0
3,1,0
7,1,0
15,9,0
0,1,0
2,1,0
14,2,0
1,2,0
3,1,0
8,1,0
9,1,0
13,1,0
14,1,0
15,1,0
2,4,0
3,2,0
9,2,0
10,2,0
13,8,0
15,4,0
5,1,0
6,1,0
7,1,0
10,3,0
1,1,0
2,8,0
3,2,0
4,1,0
6,1,0
7,1,0
8,1,0
10,1,0
13,1,0
14,1,0
1,2,0
2,3,0
6,3,0
7,4,0
10,8,0
14,2,0
6,1,0
9,2,0
10,1,0
14,1,0
0,1,0
7,2,0
10,5,0
13,11,0
14,8,0
4,1,0
13,1,0
2,1,0
5,2,0
7,4,0
8,1,0
10,3,0
13,2,0
14,1,0
3,1,0
4,1,0
6,10,0
7,1,0
10,1,0
11,1,0
14,1,0
1,5,0
3,2,0
7,2,0
9,3,0
15,4,0
0,1,0
8,1,0
10,1,0
12,1,0
15,1,0
0,2,0
2,1,0
3,2,0
4,2,0
5,13,0
8,2,0
9,1,0
12,1,0
13,2,0
14,2,0
15,3,0
0,2,0
3,4,0
4,1,0
5,1,0
2,1,0
10,1,0
13,1,0
1,4,0
2,2,0
3,2,0
4,2,0
6,1,0
9,6,0
11,13,0
12,1,0
14,1,0
2,1,0
3,2,0
4,1,0
6,1,0
7,1,0
9,1,0
12,1,0
14,2,0
3,3,0
10,4,0
12,3,0
13,7,0
9,1,0
10,1,0
12,2,0
3,2,0
4,1,0
11,2,0
4,2,0
7,4,0
14,1,0
15,3,0
1,2,0
2,5,0
3,1,0
7,1,0
8,8,0
11,4,0
12,2,0
3,1,0
8,1,0
11,1,0
12,1,0
10,4,0
0,8,0
1,7,0
2,3,0
14,1,0
0,1,0
2,1,0
4,1,0
10,1,0
14,2,0
0,7,0
2,2,0
6,2,0
7,8,0
9,5,0
10,12,0
13,6,0
0,1,0
2,1,0
4,2,0
11,1,0
12,1,0
2,4,0
3,5,0
4,1,0
5,1,0
8,4,0
9,3,0
12,1,0
13,1,0
14,1,0
0,13,0
1,3,0
2,2,0
4,1,0
6,1,0
13,1,0
14,2,0
15,1,0
4,2,0
5,2,0
6,1,0
7,2,0
8,3,0
10,1,0
14,1,0
0,1,0
10,1,0
13,8,0
10,1,0
15,1,0
1,2,0
2,1,0
3,1,0
7,1,0
15,1,0
3,8,0
0,1,0
1,1,0
3,1,0
4,1,0
9,2,0
10,2,0
13,1,0
14,1,0
15,10,0
0,1,0
4,1,0
5,19,0
8,1,0
14,11,0
0,1,0
6,1,0
12,1,0
0,2,0
2,1,0
3,2,0
7,4,0
10,3,0
13,2,0
15,6,0
2,1,0
3,1,0
5,1,0
9,1,0
12,1,0
2,1,0
5,29,0
7,2,0
8,4,0
13,2,0
0,1,0
5,1,0
6,3,0
7,5,0
8,1,0
13,1,0
2,2,0
4,4,0
5,4,0
6,11,0
11,6,0
14,2,0
15,4,0
8,1,0
10,7,0
13,2,0
0,19,0
1,8,0
8,1,0
9,1,0
14,1,0
15,18,0
2,1,0
4,1,0
8,2,0
9,5,0
12,1,0
14,1,0
15,3,0
7,6,0
9,1,0
15,1,0
3,3,0
12,7,0
0,3,0
2,4,0
3,3,0
4,6,0
7,3,0
9,3,0
12,2,0
13,5,0
14,3,0
15,3,0
2,3,0
3,1,0
7,3,0
14,1,0
5,2,0
7,4,0
8,2,0
5,5,0
9,1,0
12,1,0
13,1,0
15,2,0
2,1,0
4,1,0
8,12,0
10,1,0
13,1,0
14,1,0
15,1,0
2,5,0
2,2,0
3,1,0
4,8,0
6,2,0
8,5,0
12,5,0
13,4,0
14,2,0
1,3,0
3,5,0
4,3,0
5,4,0
11,3,0
14,1,0
0,1,0
2,1,0
10,6,0
13,1,0
14,1,0
0,1,0
3,2,0
12,1,0
15,2,0
2,5,0
3,1,0
12,1,0
2,1,0
10,1,0
12,1,0
13,1,0
15,1,0
2,1,0
13,3,0
14,7,0
3,3,0
5,11,0
7,6,0
9,1,0
10,2,0
13,1,0
0,13,0
2,3,0
3,3,0
9,3,0
10,5,0
13,4,0
14,3,0
15,8,0
0,6,0
1,10,0
2,2,0
3,2,0
5,5,0
7,2,0
8,2,0
10,23,0
13,1,0
14,1,0
2,1,0
8,4,0
14,1,0
15,2,0
14,2,0
2,3,0
4,1,0
6,1,0
8,1,0
14,3,0
0,1,0
2,7,0
3,3,0
8,3,0
14,5,0
1,1,0
2,6,0
4,4,0
6,1,0
7,1,0
11,1,0
14,1,0
15,2,0
2,6,0
4,13,0
5,3,0
9,1,0
14,1,0
15,5,0
7,3,0
8,3,0
10,1,0
12,3,0
13,3,0
14,3,0
0,3,0
1,1,0
2,14,0
3,5,0
4,1,0
6,1,0
7,1,0
9,1,0
12,1,0
13,1,0
14,1,0
0,2,0
3,1,0
8,6,0
10,1,0
3,1,0
4,3,0
5,1,0
6,1,0
7,5,0
8,1,0
9,2,0
11,3,0
12,1,0
13,3,0
14,1,0
15,1,0
1,1,0
7,10,0
12,1,0
0,2,0
5,8,0
9,1,0
12,3,0
13,4,0
14,1,0
15,1,0
3,17,0
7,1,0
8,2,0
2,1,0
6,1,0
11,1,0
15,1,0
0,1,0
3,1,0
13,1,0
3,1,0
5,1,0
6,1,0
10,1,0
14,1,0
13,1,0
15,2,0
7,7,0
10,1,0
12,13,0
10,1,0
11,1,0
12,1,0
14,14,0
1,1,0
8,3,0
10,1,0
13,1,0
14,1,0
2,1,0
3,1,0
4,1,0
5,1,0
6,1,0
7,4,0
8,1,0
9,3,0
12,1,0
13,2,0
14,1,0
0,1,0
1,2,0
3,8,0
6,3,0
10,4,0
15,1,0
2,2,0
4,3,0
7,4,0
9,3,0
10,4,0
12,3,0
13,10,0
14,3,0
15,3,0
0,7,0
1,9,0
4,5,0
5,14,0
10,3,0
12,3,0
14,3,0
15,4,0
1,6,0
2,1,0
4,5,0
6,1,0
8,1,0
11,1,0
12,6,0
13,1,0
15,5,0
1,4,0
13,4,0
0,5,0
2,2,0
3,2,0
4,5,0
5,5,0
6,12,0
8,2,0
11,2,0
13,2,0
14,5,0
0,2,0
3,1,0
6,1,0
7,1,0
14,2,0
0,2,0
1,14,0
2,2,0
3,4,0
4,3,0
7,2,0
10,11,0
11,1,0
1,1,0
4,7,0
5,1,0
7,2,0
8,7,0
9,5,0
11,1,0
14,1,0
13,1,0
0,16,0
1,1,0
2,1,0
3,1,0
4,1,0
5,1,0
6,1,0
8,2,0
9,1,0
10,2,0
12,4,0
13,1,0
14,1,0
15,1,0
0,1,0
3,3,0
7,1,0
9,1,0
10,3,0
12,1,0
13,2,0
15,2,0
2,5,0
14,1,0
2,1,0
5,1,0
6,2,0
7,2,0
10,1,0
13,3,0
14,2,0
0,2,0
2,1,0
10,1,0
13,1,0
15,7,0
4,3,0
6,1,0
8,3,0
9,3,0
12,4,0
0,1,0
3,7,0
10,1,0
15,1,0
2,1,0
4,5,0
7,12,0
10,1,0
15,1,0
6,1,0
2,1,0
4,5,0
10,2,0
2,1,0
12,5,0
2,4,0
10,6,0
1,1,0
7,1,0
9,2,0
12,2,0
13,5,0
14,7,0
4,1,0
5,2,0
7,9,0
9,1,0
13,2,0
14,1,0
15,1,0
3,6,0
9,3,0
1,1,0
3,1,0
4,2,0
13,1,0
14,1,0
5,4,0
4,1,0
7,1,0
9,1,0
10,1,0
13,1,0
14,2,0
15,1,0
0,3,0
1,1,0
2,1,0
5,1,0
6,1,0
7,14,0
8,3,0
9,1,0
10,1,0
12,1,0
13,1,0
14,1,0
15,1,0
0,6,0
3,3,0
6,2,0
7,3,0
8,7,0
10,12,0
13,3,0
2,6,0
3,23,0
5,1,0
15,1,0
2,2,0
12,4,0
14,2,0
0,1,0
1,13,0
2,1,0
3,1,0
4,8,0
6,2,0
7,1,0
9,2,0
12,1,0
13,3,0
0,2,0
7,2,0
9,2,0
3,1,0
5,1,0
9,9,0
10,3,0
14,1,0
1,1,0
3,2,0
4,2,0
6,2,0
7,3,0
8,2,0
10,2,0
12,3,0
14,5,0
2,1,0
4,7,0
7,1,0
10,2,0
15,1,0
7,6,0
10,4,0
0,1,0
3,1,0
4,1,0
5,2,0
7,2,0
11,1,0
14,1,0
15,1,0
9,3,0
12,8,0
1,1,0
12,1,0
13,3,0
1,2,0
3,2,0
6,4,0
8,5,0
9,1,0
10,2,0
12,2,0
14,1,0
15,1,0
0,2,0
4,2,0
7,5,0
13,1,0
1,1,0
2,1,0
4,1,0
7,17,0
10,14,0
13,2,0
3,5,0
13,2,0
14,2,0
7,1,0
13,11,0
14,1,0
5,2,0
11,2,0
14,4,0
10,1,0
9,4,0
10,8,0
0,1,0
1,2,0
7,3,0
13,2,0
15,24,0
3,1,0
14,5,0
0,6,0
1,1,0
3,1,0
4,9,0
6,3,0
7,5,0
9,4,0
15,5,0
1,1,0
6,1,0
7,1,0
8,1,0
10,2,0
11,1,0
13,7,0
15,1,0
1,14,0
12,2,0
6,2,0
7,2,0
4,14,0
7,5,0
9,1,0
13,3,0
2,1,0
3,2,0
4,3,0
8,3,0
9,1,0
11,4,0
12,1,0
13,1,0
15,1,0
2,2,0
3,3,0
4,3,0
5,3,0
6,6,0
10,2,0
11,8,0
13,17,0
14,2,0
15,1,0
2,3,0
14,3,0
3,9,0
5,6,0
6,1,0
11,1,0
13,1,0
14,8,0
2,1,0
3,1,0
6,2,0
7,1,0
12,1,0
14,1,0
2,2,0
4,4,0
9,1,0
12,2,0
15,5,0
0,1,0
3,1,0
5,6,0
6,2,0
7,1,0
8,1,0
13,1,0
4,1,0
8,1,0
9,1,0
10,7,0
13,1,0
7,1,0
10,6,0
3,2,0
4,1,0
6,1,0
7,1,0
10,2,0
15,3,0
0,1,0
2,1,0
3,1,0
5,1,0
6,1,0
7,2,0
8,1,0
11,2,0
14,1,0
0,8,0
3,1,0
10,1,0
0,1,0
3,1,0
4,2,0
5,3,0
6,3,0
10,2,0
11,1,0
13,2,0
15,2,0
10,7,0
0,1,0
1,1,0
3,1,0
8,1,0
12,1,0
13,1,0
14,1,0
15,2,0
1,2,0
2,1,0
3,1,0
11,1,0
12,1,0
13,3,0
14,1,0
15,1,0
4,1,0
8,1,0
10,1,0
13,1,0
14,1,0
2,2,0
14,4,0
2,2,0
4,12,0
10,3,0
12,3,0
15,2,0
2,5,0
3,1,0
5,1,0
8,5,0
9,20,0
10,5,0
12,4,0
0,2,0
3,1,0
5,2,0
8,4,0
10,2,0
13,4,0
2,1,0
3,3,0
4,2,0
5,1,0
13,2,0
14,1,0
0,14,0
1,2,0
3,2,0
4,5,0
6,2,0
13,2,0
15,1,0
2,5,0
6,4,0
13,13,0
14,4,0
11,10,0
15,2,0
3,1,0
8,1,0
1,7,0
2,1,0
5,3,0
8,1,0
10,2,0
0,25,0
3,8,0
9,4,0
10,3,0
7,2,0
14,2,0
1,5,0
6,2,0
8,17,0
9,1,0
11,1,0
13,1,0
1,1,0
2,1,0
4,1,0
5,2,0
7,2,0
8,1,0
11,2,0
13,2,0
14,1,0
0,4,0
12,2,0
13,1,0
2,1,0
7,3,0
8,12,0
14,1,0
0,1,0
2,1,0
3,1,0
4,1,0
6,1,0
10,1,0
12,1,0
13,1,0
14,1,0
4,1,0
7,1,0
8,4,0
13,2,0
0,1,0
2,2,0
5,2,0
13,1,0
14,9,0
15,2,0
15,1,0
1,8,0
2,1,0
9,9,0
14,1,0
15,1,0
5,2,0
8,1,0
12,1,0
14,2,0
15,1,0
1,1,0
7,1,0
12,12,0
9,2,0
13,2,0
14,10,0
15,1,0
1,1,0
13,2,0
15,1,0
1,1,0
2,1,0
3,1,0
4,1,0
5,1,0
9,1,0
11,1,0
14,1,0
0,1,0
2,6,0
3,2,0
9,2,0
10,1,0
14,1,0
1,3,0
4,2,0
10,1,0
1,1,0
2,1,0
3,1,0
4,2,0
6,1,0
7,1,0
14,1,0
2,1,0
4,5,0
13,4,0
15,1,0
0,4,0
2,2,0
4,1,0
6,1,0
8,1,0
10,1,0
13,6,0
14,1,0
5,1,0
6,1,0
10,2,0
2,8,0
12,5,0
13,4,0
1,1,0
3,1,0
12,2,0
13,6,0
2,1,0
7,1,0
13,1,0
14,12,0
15,1,0
4,19,0
5,3,0
13,4,0
8,1,0
12,3,0
0,2,0
1,1,0
2,1,0
4,3,0
5,2,0
6,4,0
11,1,0
3,1,0
4,4,0
14,1,0
2,3,0
7,1,0
13,1,0
15,2,0
1,5,0
5,7,0
10,5,0
0,1,0
1,1,0
2,1,0
3,3,0
4,1,0
5,1,0
6,1,0
7,1,0
8,1,0
9,1,0
12,1,0
13,7,0
14,1,0
15,1,0
1,6,0
2,8,0
7,11,0
10,1,0
13,2,0
14,1,0
3,3,0
8,2,0
14,5,0
2,1,0
3,5,0
5,3,0
14,1,0
15,3,0
10,2,0
0,1,0
2,1,0
7,5,0
0,10,0
8,4,0
10,4,0
13,2,0
14,3,0
15,1,0
0,3,0
2,1,0
3,2,0
4,1,0
13,1,0
1,6,0
3,14,0
13,1,0
10,3,0
15,1,0
9,2,0
14,2,0
15,1,0
3,1,0
12,1,0
13,1,0
14,1,0
15,1,0
3,2,0
7,3,0
14,2,0
0,1,0
2,1,0
3,1,0
4,1,0
5,1,0
6,3,0
7,1,0
8,2,0
9,6,0
12,1,0
13,1,0
14,1,0
2,3,0
6,2,0
8,3,0
10,4,0
1,2,0
2,4,0
3,2,0
5,6,0
3,2,0
5,1,0
7,1,0
10,2,0
15,1,0
3,4,0
4,2,0
10,4,0
13,3,0
14,2,0
4,2,0
7,4,0
8,1,0
10,1,0
11,5,0
14,5,0
0,7,0
2,1,0
13,3,0
15,1,0
4,2,0
5,9,0
6,2,0
8,2,0
9,2,0
0,1,0
4,1,0
5,1,0
6,1,0
8,1,0
9,1,0
13,1,0
14,4,0
3,4,0
5,2,0
6,3,0
12,4,0
13,1,0
3,3,0
4,3,0
6,2,0
10,5,0
13,3,0
14,6,0
15,7,0
4,3,0
7,2,0
8,1,0
15,1,0
3,9,0
7,14,0
9,2,0
13,14,0
0,4,0
2,3,0
4,1,0
10,2,0
2,3,0
4,3,0
7,1,0
11,2,0
15,3,0
13,4,0
14,1,0
13,3,0
2,1,0
7,5,0
9,1,0
14,3,0
15,1,0
4,7,0
10,2,0
13,1,0
15,2,0
8,1,0
14,3,0
0,5,0
3,1,0
14,3,0
5,2,0
12,1,0
14,1,0
3,5,0
6,1,0
9,2,0
14,12,0
1,5,0
4,7,0
6,5,0
7,11,0
8,2,0
12,3,0
13,3,0
14,3,0
1,1,0
4,1,0
6,1,0
9,1,0
10,1,0
12,1,0
14,1,0
15,1,0
2,5,0
3,5,0
5,5,0
8,9,0
9,5,0
10,5,0
12,4,0
14,5,0
15,5,0
2,6,0
10,1,0
13,1,0
3,6,0
9,10,0
14,1,0
0,8,0
7,3,0
10,2,0
14,1,0
0,1,0
2,1,0
4,1,0
10,3,0
13,1,0
14,3,0
5,1,0
7,5,0
8,2,0
10,1,0
12,1,0
14,1,0
0,1,0
3,1,0
4,1,0
8,2,0
9,1,0
12,1,0
14,1,0
15,1,0
1,6,0
3,1,0
4,1,0
5,1,0
10,3,0
11,1,0
13,2,0
14,5,0
10,1,0
13,1,0
14,1,0
0,1,0
3,2,0
9,1,0
12,2,0
14,2,0
15,1,0
0,2,0
7,9,0
10,1,0
13,2,0
14,1,0
3,2,0
11,2,0
13,1,0
14,2,0
6,8,0
7,1,0
13,1,0
0,1,0
2,1,0
3,1,0
7,1,0
10,2,0
5,4,0
13,1,0
15,1,0
2,1,0
4,1,0
10,1,0
14,2,0
1,5,0
3,2,0
4,4,0
7,12,0
10,14,0
11,1,0
13,3,0
0,8,0
8,1,0
10,9,0
13,1,0
0,2,0
1,3,0
2,3,0
6,1,0
10,4,0
12,1,0
14,1,0
1,6,0
2,3,0
6,3,0
8,3,0
10,1,0
6,1,0
0,1,0
2,3,0
3,1,0
4,1,0
6,1,0
7,1,0
9,1,0
12,9,0
14,1,0
15,1,0
2,1,0
3,2,0
7,4,0
13,3,0
2,3,0
3,4,0
7,3,0
10,3,0
13,4,0
15,4,0
2,1,0
3,2,0
7,1,0
11,6,0
12,1,0
14,4,0
15,1,0
0,3,0
3,1,0
4,1,0
7,1,0
8,1,0
12,1,0
0,2,0
2,1,0
3,3,0
4,5,0
7,1,0
10,1,0
15,1,0
0,2,0
2,1,0
3,1,0
6,1,0
7,1,0
11,3,0
12,1,0
13,5,0
7,1,0
13,2,0
3,1,0
3,1,0
6,1,0
5,1,0
7,3,0
0,3,0
3,3,0
5,1,0
8,4,0
10,3,0
13,3,0
1,1,0
2,1,0
3,1,0
7,3,0
9,1,0
10,2,0
12,2,0
14,1,0
0,1,0
2,1,0
3,3,0
4,1,0
9,1,0
11,1,0
14,1,0
10,3,0
1,2,0
3,1,0
7,3,0
8,2,0
12,1,0
1,3,0
2,4,0
3,1,0
4,1,0
5,4,0
6,2,0
8,1,0
9,1,0
10,1,0
12,7,0
14,4,0
1,1,0
10,2,0
2,1,0
8,7,0
11,9,0
13,3,0
14,1,0
2,2,0
14,1,0
15,2,0
0,1,0
2,5,0
3,1,0
4,1,0
8,2,0
11,1,0
12,2,0
13,1,0
15,1,0
3,1,0
11,2,0
3,1,0
9,1,0
12,3,0
13,1,0
15,1,0
0,2,0
2,2,0
3,1,0
2,1,0
3,1,0
7,2,0
10,1,0
11,1,0
12,1,0
13,1,0
15,11,0
0,7,0
3,1,0
4,1,0
5,1,0
12,1,0
13,2,0
14,1,0
0,5,0
14,6,0
3,4,0
5,2,0
11,2,0
0,2,0
2,1,0
3,2,0
5,2,0
6,5,0
8,2,0
9,2,0
11,3,0
12,6,0
13,2,0
14,2,0
0,8,0
2,1,0
4,1,0
9,1,0
12,3,0
13,1,0
15,1,0
2,1,0
0,1,0
1,1,0
2,1,0
3,1,0
4,1,0
5,1,0
8,1,0
9,1,0
10,5,0
11,4,0
12,1,0
13,1,0
14,1,0
15,1,0
2,2,0
3,5,0
8,1,0
11,2,0
12,1,0
14,4,0
15,1,0
12,3,0
2,1,0
4,13,0
6,1,0
7,1,0
9,2,0
15,4,0
1,1,0
4,1,0
6,1,0
8,1,0
11,2,0
13,1,0
14,2,0
0,5,0
2,1,0
4,1,0
7,1,0
8,1,0
9,1,0
15,1,0
0,1,0
2,1,0
3,11,0
7,3,0
13,2,0
14,1,0
2,2,0
3,2,0
1,1,0
2,2,0
3,1,0
4,1,0
7,1,0
8,1,0
15,4,0
4,1,0
6,1,0
7,1,0
11,3,0
12,2,0
13,1,0
14,5,0
7,6,0
0,1,0
2,2,0
10,1,0
13,1,0
14,2,0
0,1,0
0,13,0
2,2,0
4,7,0
7,3,0
8,3,0
13,3,0
14,3,0
0,2,0
7,3,0
9,1,0
10,1,0
15,3,0
1,2,0
3,1,0
13,1,0
14,5,0
3,1,0
13,1,0
7,1,0
0,3,0
1,2,0
4,3,0
7,1,0
12,3,0
13,1,0
0,1,0
2,1,0
3,1,0
4,1,0
5,2,0
9,1,0
12,1,0
14,1,0
2,1,0
3,1,0
9,2,0
0,1,0
3,1,0
4,12,0
9,1,0
11,3,0
2,5,0
5,1,0
7,1,0
10,1,0
2,1,0
6,1,0
7,1,0
10,3,0
12,1,0
14,5,0
15,4,0
0,3,0
2,1,0
9,12,0
15,12,0
2,1,0
3,1,0
8,2,0
9,1,0
12,3,0
14,1,0
15,2,0
0,1,0
2,1,0
3,5,0
5,1,0
6,1,0
10,3,0
12,1,0
13,5,0
1,1,0
3,1,0
4,3,0
6,6,0
7,1,0
8,1,0
10,3,0
12,1,0
14,2,0
2,3,0
4,3,0
5,3,0
8,3,0
9,1,0
13,2,0
14,4,0
15,7,0
2,5,0
3,2,0
5,2,0
6,3,0
13,2,0
2,1,0
5,2,0
8,2,0
15,2,0
2,1,0
3,1,0
8,1,0
10,8,0
15,2,0
2,1,0
4,4,0
7,1,0
10,2,0
14,1,0
0,1,0
8,1,0
6,2,0
8,1,0
13,10,0
3,1,0
4,1,0
9,1,0
10,8,0
11,1,0
13,1,0
15,1,0
8,2,0
14,1,0
3,2,0
0,1,0
2,1,0
3,1,0
5,13,0
8,1,0
9,4,0
14,1,0
2,1,0
5,1,0
8,2,0
9,1,0
10,1,0
13,1,0
15,1,0
4,1,0
6,1,0
7,1,0
8,1,0
10,5,0
13,1,0
5,1,0
10,1,0
12,1,0
6,2,0
12,2,0
15,13,0
4,1,0
5,1,0
6,1,0
8,1,0
10,1,0
13,1,0
15,1,0
0,2,0
1,1,0
2,1,0
3,1,0
7,5,0
13,3,0
14,1,0
3,3,0
4,4,0
5,5,0
6,11,0
8,3,0
9,4,0
0,1,0
1,1,0
3,1,0
4,1,0
5,1,0
6,1,0
8,2,0
12,1,0
13,1,0
14,1,0
15,1,0
0,3,0
1,2,0
2,1,0
7,8,0
8,1,0
9,6,0
12,1,0
13,6,0
1,2,0
3,1,0
6,1,0
7,2,0
11,1,0
0,1,0
1,4,0
2,2,0
3,5,0
5,3,0
6,13,0
7,4,0
12,4,0
13,4,0
14,2,0
1,2,0
2,3,0
3,3,0
4,3,0
5,2,0
7,2,0
12,3,0
13,7,0
14,1,0
15,1,0
10,9,0
1,1,0
5,1,0
6,2,0
9,2,0
10,2,0
12,1,0
13,1,0
15,4,0
0,2,0
3,1,0
4,4,0
7,22,0
2,9,0
3,1,0
5,1,0
8,20,0
10,9,0
13,2,0
1,1,0
2,4,0
3,3,0
4,2,0
6,2,0
7,2,0
9,2,0
10,3,0
13,3,0
14,1,0
15,1,0
2,2,0
4,2,0
5,2,0
7,1,0
10,2,0
2,8,0
4,2,0
5,2,0
6,2,0
9,2,0
10,4,0
12,2,0
13,2,0
14,2,0
15,2,0
2,1,0
4,1,0
6,1,0
8,1,0
14,2,0
15,1,0
2,1,0
3,1,0
10,1,0
13,1,0
2,1,0
5,1,0
12,1,0
0,1,0
1,7,0
7,9,0
13,9,0
15,4,0
1,2,0
2,1,0
5,2,0
7,9,0
13,1,0
0,7,0
1,3,0
2,2,0
3,3,0
5,5,0
8,4,0
9,7,0
10,3,0
12,2,0
14,3,0
2,2,0
4,1,0
14,1,0
0,6,0
2,1,0
3,1,0
4,4,0
6,1,0
8,2,0
9,1,0
11,6,0
13,1,0
5,1,0
0,14,0
8,3,0
14,2,0
15,3,0
1,5,0
1,4,0
2,1,0
7,3,0
11,2,0
15,1,0
2,2,0
4,3,0
7,1,0
15,1,0
1,5,0
2,1,0
3,3,0
8,4,0
13,3,0
0,6,0
2,2,0
5,4,0
6,3,0
7,8,0
14,3,0
2,3,0
4,1,0
5,2,0
7,1,0
14,1,0
15,1,0
2,1,0
3,2,0
7,1,0
10,4,0
14,1,0
15,5,0
2,6,0
5,3,0
8,1,0
1,1,0
2,10,0
4,1,0
6,1,0
8,2,0
9,1,0
13,1,0
10,3,0
2,4,0
6,1,0
8,1,0
12,1,0
1,3,0
2,1,0
3,1,0
4,5,0
6,1,0
8,1,0
11,1,0
13,4,0
2,1,0
9,1,0
10,1,0
15,1,0
3,5,0
4,1,0
12,11,0
13,1,0
15,1,0
0,1,0
8,1,0
15,1,0
2,2,0
3,12,0
13,2,0
15,2,0
5,1,0
10,10,0
2,3,0
3,3,0
5,2,0
8,1,0
13,3,0
15,1,0
0,3,0
14,3,0
15,4,0
6,3,0
7,2,0
10,3,0
13,3,0
14,4,0
3,2,0
4,2,0
9,1,0
11,2,0
15,1,0
3,4,0
10,5,0
13,1,0
0,1,0
2,2,0
3,1,0
5,1,0
7,2,0
12,1,0
13,1,0
14,1,0
1,8,0
3,1,0
8,15,0
10,1,0
15,1,0
3,1,0
10,10,0
15,1,0
3,1,0
11,3,0
12,1,0
15,6,0
5,3,0
8,4,0
9,1,0
10,1,0
12,6,0
13,2,0
1,1,0
3,1,0
8,1,0
10,13,0
11,1,0
13,1,0
15,1,0
2,16,0
4,11,0
10,7,0
12,1,0
5,3,0
10,1,0
14,2,0
12,1,0
14,1,0
0,2,0
2,2,0
4,11,0
6,2,0
7,1,0
8,1,0
9,2,0
10,1,0
14,3,0
3,1,0
5,2,0
6,1,0
13,1,0
14,1,0
0,1,0
1,4,0
2,1,0
3,1,0
4,1,0
7,1,0
10,3,0
11,1,0
12,7,0
13,1,0
6,2,0
7,1,0
8,1,0
3,1,0
4,1,0
10,1,0
14,7,0
15,1,0
2,1,0
6,3,0
8,1,0
12,4,0
13,3,0
14,1,0
15,2,0
0,1,0
1,1,0
2,1,0
3,1,0
5,1,0
8,1,0
10,2,0
11,2,0
12,1,0
13,1,0
14,1,0
4,3,0
5,2,0
8,2,0
12,6,0
13,2,0
15,2,0
0,2,0
4,1,0
5,3,0
7,2,0
9,1,0
10,1,0
14,2,0
7,4,0
12,1,0
10,8,0
13,3,0
2,1,0
6,2,0
7,1,0
8,3,0
10,9,0
14,1,0
4,1,0
6,1,0
7,1,0
10,1,0
12,2,0
14,2,0
15,2,0
3,6,0
8,6,0
14,4,0
0,1,0
1,1,0
2,1,0
4,7,0
6,1,0
7,1,0
15,1,0
2,1,0
3,1,0
8,1,0
13,1,0
14,2,0
1,3,0
7,1,0
10,1,0
14,1,0
2,3,0
4,1,0
5,2,0
15,2,0
2,1,0
4,1,0
7,1,0
10,11,0
14,2,0
15,1,0
2,2,0
5,1,0
13,3,0
15,1,0
2,1,0
4,3,0
5,1,0
8,1,0
9,1,0
13,1,0
14,1,0
10,4,0
1,2,0
2,9,0
3,1,0
5,1,0
7,1,0
12,1,0
0,1,0
2,2,0
8,1,0
9,8,0
11,6,0
13,3,0
14,1,0
15,1,0
5,1,0
6,4,0
10,1,0
14,2,0
2,3,0
5,7,0
3,1,0
4,1,0
12,1,0
13,1,0
3,5,0
5,5,0
7,4,0
10,5,0
13,4,0
15,2,0
0,1,0
4,1,0
15,7,0
10,6,0
13,1,0
1,8,0
2,2,0
3,1,0
7,1,0
10,4,0
11,1,0
12,1,0
14,1,0
1,14,0
4,1,0
14,2,0
15,1,0
2,1,0
8,3,0
15,3,0
2,2,0
5,1,0
9,2,0
14,3,0
15,5,0
2,1,0
7,1,0
10,3,0
15,3,0
0,3,0
5,1,0
12,4,0
14,1,0
3,1,0
7,1,0
10,1,0
15,1,0
2,3,0
3,3,0
10,2,0
15,2,0
1,2,0
2,1,0
3,1,0
6,2,0
7,1,0
8,4,0
9,1,0
10,4,0
11,1,0
12,2,0
14,1,0
1,1,0
2,1,0
3,1,0
6,1,0
7,1,0
13,2,0
14,5,0
15,1,0
2,2,0
3,1,0
5,1,0
10,1,0
11,1,0
13,3,0
14,1,0
0,4,0
1,6,0
3,4,0
6,5,0
12,5,0
13,13,0
14,1,0
2,2,0
8,3,0
9,2,0
10,1,0
14,1,0
2,1,0
15,1,0
1,1,0
2,1,0
5,1,0
7,1,0
8,3,0
11,1,0
13,10,0
14,1,0
15,2,0
2,2,0
10,2,0
3,7,0
10,3,0
12,1,0
3,2,0
4,2,0
13,1,0
15,1,0
1,4,0
3,1,0
13,1,0
15,1,0
3,4,0
4,1,0
8,1,0
9,2,0
13,1,0
14,1,0
2,1,0
11,4,0
0,4,0
3,3,0
10,5,0
2,3,0
3,4,0
5,3,0
6,10,0
10,5,0
0,8,0
1,2,0
2,2,0
3,1,0
13,2,0
5,1,0
7,1,0
12,1,0
13,1,0
3,5,0
4,4,0
12,2,0
5,1,0
12,1,0
15,3,0
2,1,0
3,3,0
14,19,0
0,1,0
1,7,0
6,1,0
8,1,0
9,1,0
10,3,0
12,1,0
0,2,0
2,1,0
8,1,0
9,1,0
11,1,0
13,2,0
1,1,0
5,1,0
10,1,0
0,1,0
2,1,0
8,3,0
11,3,0
12,1,0
13,3,0
14,2,0
15,3,0
2,9,0
7,1,0
5,1,0
11,1,0
13,1,0
3,1,0
6,3,0
9,1,0
10,1,0
14,1,0
3,3,0
9,3,0
2,5,0
7,2,0
13,5,0
1,9,0
3,3,0
8,1,0
11,1,0
8,2,0
13,5,0
3,2,0
7,1,0
12,1,0
3,3,0
10,1,0
0,1,0
1,3,0
3,2,0
4,1,0
6,1,0
11,1,0
13,1,0
15,1,0
4,5,0
7,1,0
10,3,0
12,4,0
14,2,0
2,2,0
10,1,0
15,3,0
0,4,0
2,1,0
3,5,0
4,1,0
5,1,0
13,1,0
14,1,0
0,3,0
1,2,0
3,2,0
7,5,0
10,11,0
14,4,0
15,2,0
1,3,0
2,1,0
5,2,0
10,3,0
13,1,0
14,1,0
3,9,0
5,7,0
12,6,0
14,3,0
2,4,0
8,3,0
13,3,0
1,1,0
4,1,0
8,4,0
10,2,0
3,1,0
5,1,0
7,1,0
8,2,0
13,1,0
2,1,0
3,4,0
4,1,0
8,1,0
12,1,0
14,2,0
15,1,0
4,5,0
7,3,0
9,2,0
10,2,0
14,3,0
1,1,0
6,1,0
10,1,0
15,1,0
3,1,0
10,2,0
14,1,0
15,1,0
4,1,0
5,1,0
6,1,0
2,3,0
2,1,0
7,1,0
8,2,0
9,1,0
12,1,0
14,2,0
15,3,0
6,8,0
11,9,0
13,1,0
15,11,0
10,1,0
12,6,0
14,1,0
0,1,0
1,2,0
2,1,0
3,1,0
4,1,0
5,1,0
6,1,0
8,2,0
9,1,0
10,2,0
14,1,0
15,1,0
10,1,0
13,1,0
0,2,0
1,1,0
4,1,0
10,1,0
11,1,0
13,2,0
15,1,0
10,14,0
12,1,0
13,1,0
14,2,0
4,1,0
7,13,0
8,11,0
10,5,0
14,3,0
2,4,0
6,6,0
13,3,0
0,2,0
10,1,0
2,2,0
3,2,0
7,1,0
11,1,0
13,4,0
14,1,0
5,1,0
8,1,0
10,1,0
12,1,0
13,2,0
14,1,0
0,1,0
1,1,0
2,1,0
3,1,0
4,1,0
5,1,0
6,1,0
7,1,0
8,1,0
10,1,0
12,1,0
13,4,0
14,1,0
5,3,0
7,3,0
7,2,0
2,6,0
3,3,0
4,3,0
9,2,0
14,8,0
15,2,0
1,2,0
2,4,0
3,1,0
4,1,0
12,1,0
13,1,0
1,1,0
2,1,0
3,1,0
5,2,0
10,2,0
12,1,0
13,4,0
2,3,0
0,3,0
2,1,0
3,1,0
5,5,0
7,1,0
9,1,0
10,1,0
1,1,0
2,2,0
3,2,0
9,2,0
12,2,0
14,2,0
15,2,0
2,1,0
6,2,0
11,6,0
13,1,0
14,1,0
1,4,0
2,1,0
7,1,0
8,2,0
12,1,0
13,2,0
1,1,0
2,1,0
3,1,0
4,1,0
5,1,0
6,1,0
8,1,0
9,1,0
11,6,0
12,1,0
13,1,0
14,1,0
15,3,0
2,1,0
3,1,0
4,1,0
7,1,0
8,1,0
12,1,0
14,1,0
15,6,0
2,21,0
10,1,0
14,2,0
2,1,0
4,4,0
6,3,0
8,4,0
11,2,0
1,1,0
2,1,0
3,2,0
4,1,0
5,1,0
6,1,0
9,1,0
14,1,0
15,1,0
2,2,0
4,1,0
9,2,0
10,4,0
14,2,0
15,3,0
1,1,0
2,1,0
7,1,0
8,1,0
9,1,0
11,1,0
14,1,0
15,1,0
3,1,0
10,2,0
14,4,0
2,2,0
3,1,0
4,2,0
7,1,0
9,2,0
12,3,0
13,1,0
2,1,0
3,9,0
8,5,0
13,1,0
14,1,0
15,1,0
1,2,0
2,1,0
6,2,0
8,1,0
1,2,0
6,4,0
7,1,0
8,3,0
9,10,0
13,1,0
3,1,0
4,4,0
5,3,0
10,9,0
12,1,0
13,2,0
14,1,0
15,3,0
0,3,0
1,7,0
2,5,0
3,2,0
4,6,0
7,3,0
8,2,0
13,2,0
14,7,0
15,8,0
2,1,0
8,4,0
12,1,0
13,1,0
15,1,0
2,5,0
11,1,0
2,1,0
3,10,0
7,4,0
10,5,0
12,3,0
15,7,0
1,2,0
5,12,0
6,7,0
10,1,0
11,2,0
12,3,0
0,4,0
14,3,0
0,2,0
2,1,0
5,1,0
12,5,0
10,1,0
1,1,0
2,1,0
3,1,0
5,1,0
7,3,0
9,5,0
10,4,0
12,4,0
13,5,0
14,1,0
3,2,0
6,1,0
8,1,0
10,1,0
12,1,0
13,1,0
14,8,0
15,1,0
1,7,0
3,1,0
10,2,0
4,10,0
13,1,0
15,1,0
0,3,0
2,4,0
7,3,0
0,2,0
2,1,0
3,1,0
6,14,0
10,2,0
12,1,0
13,1,0
14,1,0
4,2,0
8,1,0
9,1,0
15,1,0
0,1,0
1,1,0
8,1,0
9,9,0
13,5,0
14,1,0
4,12,0
13,4,0
1,6,0
3,3,0
4,4,0
7,2,0
15,7,0
2,1,0
3,1,0
4,1,0
7,1,0
12,1,0
1,1,0
3,4,0
6,1,0
7,1,0
9,1,0
12,1,0
13,1,0
14,1,0
15,3,0
2,5,0
10,3,0
3,1,0
10,2,0
0,1,0
1,3,0
2,4,0
3,1,0
6,1,0
7,1,0
12,1,0
3,1,0
14,1,0
2,1,0
4,1,0
0,1,0
3,2,0
4,1,0
5,1,0
7,1,0
13,1,0
14,1,0
1,12,0
2,8,0
3,1,0
4,1,0
6,1,0
10,1,0
12,1,0
13,2,0
14,1,0
4,1,0
8,22,0
1,1,0
2,2,0
5,1,0
6,4,0
7,1,0
8,4,0
12,1,0
8,11,0
12,2,0
13,1,0
14,5,0
9,3,0
1,1,0
3,2,0
4,1,0
6,1,0
8,1,0
11,2,0
15,1,0
0,1,0
2,1,0
3,1,0
4,5,0
5,1,0
6,1,0
9,5,0
11,1,0
12,1,0
13,1,0
14,1,0
3,1,0
4,2,0
5,1,0
6,1,0
7,1,0
10,5,0
14,11,0
0,13,0
2,1,0
11,6,0
13,1,0
14,1,0
3,3,0
9,4,0
10,9,0
15,3,0
1,4,0
2,2,0
5,1,0
6,1,0
7,1,0
9,1,0
10,1,0
12,1,0
13,1,0
14,1,0
4,1,0
6,2,0
12,1,0
15,1,0
3,9,0
7,3,0
13,2,0
14,2,0
2,2,0
4,1,0
13,1,0
14,1,0
2,1,0
11,3,0
0,7,0
1,7,0
7,4,0
8,6,0
12,1,0
14,4,0
3,12,0
7,11,0
10,4,0
12,2,0
0,1,0
1,1,0
4,1,0
6,1,0
10,1,0
11,2,0
12,1,0
0,2,0
1,2,0
2,2,0
4,2,0
7,2,0
9,1,0
10,5,0
12,2,0
13,4,0
14,2,0
15,2,0
2,2,0
5,2,0
10,4,0
13,1,0
14,1,0
1,2,0
11,1,0
3,2,0
6,17,0
7,3,0
11,2,0
0,1,0
8,2,0
10,5,0
12,1,0
14,1,0
4,16,0
7,3,0
13,6,0
5,1,0
14,1,0
15,3,0
5,2,0
8,7,0
1,1,0
5,1,0
8,1,0
12,1,0
15,1,0
0,1,0
3,6,0
7,3,0
12,1,0
14,13,0
2,1,0
3,1,0
5,1,0
7,1,0
12,1,0
13,1,0
14,1,0
15,1,0
1,3,0
3,6,0
4,3,0
8,6,0
0,2,0
3,1,0
4,1,0
5,1,0
8,2,0
9,1,0
10,2,0
14,1,0
15,1,0
2,3,0
5,6,0
8,1,0
9,1,0
11,7,0
13,1,0
2,1,0
7,2,0
8,1,0
9,1,0
13,1,0
5,1,0
11,1,0
14,1,0
0,4,0
3,3,0
3,3,0
7,1,0
11,1,0
1,3,0
3,2,0
5,1,0
8,1,0
2,8,0
3,5,0
6,2,0
8,4,0
9,5,0
10,1,0
15,3,0
2,2,0
5,1,0
11,1,0
14,1,0
2,1,0
3,5,0
4,2,0
10,6,0
14,2,0
2,1,0
3,6,0
5,1,0
7,1,0
8,3,0
11,1,0
14,1,0
0,1,0
3,2,0
4,2,0
6,1,0
7,2,0
8,1,0
9,1,0
10,1,0
14,2,0
15,4,0
7,2,0
10,1,0
3,3,0
7,3,0
10,1,0
13,4,0
15,3,0
4,3,0
7,1,0
9,5,0
13,1,0
6,3,0
7,4,0
8,1,0
12,1,0
0,1,0
2,1,0
13,1,0
0,11,0
3,2,0
12,1,0
14,4,0
3,2,0
5,2,0
14,1,0
2,1,0
6,1,0
7,2,0
12,2,0
13,1,0
14,4,0
15,6,0
3,1,0
5,2,0
11,1,0
2,1,0
5,1,0
6,3,0
9,4,0
10,2,0
14,1,0
10,2,0
2,1,0
4,1,0
10,1,0
4,1,0
5,1,0
2,6,0
4,1,0
10,1,0
13,2,0
14,4,0
11,1,0
13,1,0
5,3,0
14,3,0
0,1,0
3,2,0
9,2,0
10,2,0
13,3,0
14,3,0
1,1,0
5,1,0
8,1,0
14,2,0
0,5,0
4,1,0
5,5,0
13,1,0
14,2,0
1,2,0
3,1,0
6,1,0
8,2,0
11,1,0
14,1,0
2,1,0
3,1,0
1,1,0
11,2,0
2,9,0
13,11,0
2,5,0
3,4,0
10,1,0
12,1,0
2,1,0
10,1,0
1,2,0
2,1,0
10,6,0
2,1,0
8,1,0
14,1,0
0,4,0
1,1,0
3,1,0
6,2,0
7,1,0
8,3,0
11,1,0
14,1,0
0,1,0
4,1,0
5,1,0
8,1,0
12,1,0
13,1,0
4,1,0
7,1,0
13,2,0
14,1,0
0,4,0
2,5,0
3,6,0
5,12,0
9,3,0
10,1,0
11,4,0
15,4,0
7,3,0
11,1,0
2,3,0
4,6,0
5,3,0
9,3,0
13,1,0
14,2,0
15,5,0
2,1,0
7,1,0
9,3,0
11,1,0
12,2,0
1,1,0
11,1,0
14,1,0
15,1,0
0,3,0
10,7,0
15,1,0
0,1,0
5,2,0
7,1,0
9,1,0
12,1,0
13,1,0
14,1,0
3,2,0
5,2,0
6,2,0
13,2,0
5,2,0
8,4,0
12,2,0
0,1,0
3,1,0
8,1,0
13,1,0
15,1,0
8,4,0
15,2,0
1,4,0
2,6,0
3,1,0
4,5,0
5,3,0
9,1,0
10,1,0
11,4,0
12,4,0
14,1,0
15,3,0
0,5,0
3,1,0
4,1,0
5,6,0
11,2,0
7,1,0
15,5,0
0,7,0
4,11,0
8,6,0
13,8,0
2,1,0
3,3,0
5,2,0
6,3,0
8,1,0
10,1,0
2,1,0
4,4,0
14,1,0
3,1,0
6,2,0
8,2,0
0,4,0
2,3,0
3,6,0
4,2,0
7,12,0
12,1,0
13,8,0
15,1,0
12,3,0
5,2,0
8,2,0
11,2,0
14,2,0
2,1,0
2,1,0
15,1,0
2,18,0
4,1,0
6,7,0
8,3,0
13,1,0
14,1,0
11,6,0
0,4,0
7,4,0
13,3,0
2,4,0
10,7,0
12,5,0
14,4,0
1,3,0
2,3,0
3,3,0
5,3,0
7,6,0
9,1,0
12,3,0
14,3,0
2,3,0
7,2,0
12,3,0
14,2,0
15,2,0
2,1,0
9,5,0
15,1,0
0,1,0
3,8,0
4,1,0
5,1,0
6,3,0
8,1,0
9,3,0
13,7,0
14,1,0
2,1,0
3,1,0
4,1,0
7,1,0
9,1,0
10,3,0
13,1,0
2,1,0
6,1,0
9,1,0
10,4,0
4,2,0
6,3,0
7,1,0
8,1,0
14,1,0
3,1,0
8,3,0
10,5,0
13,1,0
14,3,0
0,1,0
4,1,0
6,1,0
7,3,0
13,1,0
2,1,0
3,1,0
5,1,0
7,1,0
2,2,0
3,1,0
5,1,0
12,1,0
13,1,0
15,1,0
10,1,0
0,1,0
3,2,0
4,3,0
5,1,0
9,1,0
12,1,0
14,1,0
1,1,0
3,7,0
10,1,0
12,2,0
1,3,0
8,5,0
9,6,0
12,7,0
14,1,0
1,1,0
6,2,0
12,1,0
15,2,0
14,1,0
3,5,0
4,1,0
10,3,0
14,7,0
0,2,0
4,2,0
9,2,0
14,1,0
2,1,0
8,2,0
10,2,0
0,1,0
2,1,0
3,1,0
4,1,0
5,1,0
10,1,0
11,3,0
14,1,0
2,3,0
4,3,0
5,5,0
6,5,0
7,6,0
9,3,0
10,3,0
12,8,0
14,2,0
0,2,0
1,1,0
2,1,0
3,2,0
4,1,0
6,1,0
7,4,0
8,1,0
9,1,0
12,1,0
14,3,0
15,1,0
5,3,0
9,3,0
14,1,0
0,1,0
2,1,0
3,2,0
6,3,0
7,2,0
8,2,0
9,6,0
12,1,0
13,2,0
14,1,0
2,1,0
3,1,0
10,1,0
13,1,0
2,1,0
5,1,0
7,1,0
13,1,0
0,1,0
10,1,0
12,1,0
15,1,0
2,5,0
10,4,0
3,1,0
7,3,0
8,8,0
12,1,0
13,2,0
0,2,0
1,1,0
2,1,0
6,1,0
12,2,0
14,3,0
15,1,0
3,1,0
4,5,0
7,1,0
8,2,0
11,1,0
12,1,0
13,1,0
14,3,0
0,7,0
13,2,0
15,1,0
0,1,0
14,2,0
0,1,0
1,1,0
2,2,0
3,2,0
4,3,0
5,1,0
6,1,0
7,2,0
9,1,0
14,1,0
15,5,0
2,7,0
3,2,0
9,5,0
12,2,0
13,2,0
2,2,0
3,1,0
8,1,0
9,10,0
10,1,0
14,1,0
15,1,0
10,5,0
0,1,0
3,1,0
6,1,0
10,5,0
12,1,0
15,1,0
1,1,0
4,4,0
6,1,0
8,3,0
10,1,0
13,1,0
15,1,0
0,1,0
2,1,0
8,4,0
3,1,0
14,1,0
1,3,0
3,1,0
8,1,0
11,1,0
14,1,0
2,1,0
3,3,0
5,2,0
15,2,0
1,4,0
3,4,0
5,1,0
7,5,0
3,3,0
5,1,0
8,1,0
12,1,0
13,1,0
4,1,0
6,1,0
8,1,0
9,1,0
10,11,0
13,1,0
2,1,0
4,1,0
13,5,0
14,1,0
15,1,0
0,2,0
4,1,0
9,4,0
11,4,0
0,1,0
2,1,0
4,1,0
5,2,0
7,1,0
0,2,0
2,2,0
3,1,0
6,11,0
7,2,0
11,2,0
13,2,0
14,1,0
1,2,0
4,1,0
7,1,0
8,1,0
15,1,0
3,1,0
4,1,0
5,1,0
6,2,0
11,2,0
12,2,0
14,1,0
0,7,0
2,5,0
4,1,0
10,2,0
11,1,0
3,4,0
6,3,0
9,2,0
12,3,0
13,2,0
0,2,0
1,2,0
3,2,0
4,2,0
5,6,0
6,3,0
8,1,0
9,4,0
13,1,0
15,3,0
15,2,0
2,1,0
3,1,0
4,8,0
5,1,0
8,2,0
14,1,0
15,3,0
1,7,0
6,2,0
11,2,0
13,1,0
14,1,0
3,1,0
4,1,0
7,1,0
2,1,0
5,10,0
6,4,0
8,2,0
9,2,0
11,2,0
12,1,0
13,2,0
14,1,0
2,1,0
7,1,0
8,2,0
10,2,0
1,2,0
2,2,0
12,2,0
14,3,0
10,1,0
15,9,0
3,10,0
6,4,0
8,6,0
10,1,0
11,1,0
14,1,0
7,2,0
9,7,0
12,2,0
14,2,0
15,2,0
2,3,0
8,3,0
10,3,0
13,3,0
15,1,0
0,3,0
5,2,0
7,2,0
12,4,0
15,1,0
2,2,0
3,2,0
5,1,0
7,1,0
8,2,0
0,2,0
3,2,0
6,2,0
14,2,0
0,1,0
2,1,0
5,2,0
7,1,0
10,1,0
14,1,0
8,2,0
10,1,0
15,3,0
0,1,0
1,1,0
3,1,0
7,1,0
10,1,0
13,5,0
14,4,0
15,1,0
0,3,0
1,3,0
3,1,0
4,1,0
6,1,0
7,1,0
13,2,0
15,1,0
7,1,0
14,1,0
15,1,0
0,1,0
1,1,0
2,1,0
5,1,0
2,3,0
8,1,0
1,3,0
11,3,0
12,1,0
13,5,0
3,1,0
14,1,0
3,2,0
7,1,0
8,11,0
13,2,0
15,2,0
1,1,0
2,1,0
4,3,0
8,11,0
13,1,0
1,1,0
2,1,0
4,1,0
6,5,0
7,1,0
11,3,0
12,1,0
0,2,0
1,3,0
5,1,0
6,4,0
7,1,0
15,1,0
10,1,0
14,1,0
0,2,0
2,1,0
3,1,0
4,2,0
7,1,0
10,1,0
12,4,0
14,1,0
15,1,0
2,1,0
4,1,0
6,1,0
7,1,0
9,3,0
11,2,0
13,1,0
14,1,0
3,5,0
9,3,0
10,9,0
8,1,0
3,1,0
12,1,0
13,1,0
2,1,0
4,1,0
12,2,0
14,1,0
15,2,0
2,1,0
3,1,0
5,1,0
6,1,0
8,2,0
13,1,0
14,1,0
0,3,0
1,3,0
7,2,0
10,3,0
12,3,0
14,3,0
6,1,0
10,6,0
13,2,0
0,2,0
1,2,0
6,3,0
10,1,0
0,1,0
1,1,0
3,1,0
7,2,0
10,1,0
2,1,0
8,1,0
10,1,0
0,1,0
1,6,0
5,1,0
6,1,0
7,1,0
8,1,0
9,2,0
10,6,0
12,1,0
13,1,0
14,1,0
15,3,0
8,5,0
12,1,0
13,1,0
10,2,0
12,2,0
0,1,0
4,1,0
8,1,0
13,2,0
0,1,0
8,2,0
12,2,0
2,13,0
3,2,0
4,2,0
7,3,0
14,1,0
14,2,0
3,2,0
4,8,0
7,1,0
13,1,0
14,1,0
15,1,0
2,1,0
5,1,0
15,2,0
0,1,0
1,2,0
2,1,0
3,1,0
7,1,0
9,1,0
10,1,0
12,1,0
13,2,0
14,1,0
0,16,0
1,6,0
4,1,0
13,16,0
15,2,0
13,3,0
2,1,0
10,1,0
8,4,0
2,1,0
7,2,0
13,1,0
14,1,0
15,1,0
2,1,0
10,1,0
13,1,0
2,1,0
3,1,0
6,2,0
9,2,0
10,7,0
3,1,0
9,3,0
12,1,0
15,1,0
0,1,0
3,1,0
5,1,0
9,1,0
10,1,0
14,1,0
15,1,0
1,1,0
2,2,0
3,2,0
4,3,0
6,1,0
7,9,0
8,4,0
13,3,0
14,3,0
2,1,0
4,1,0
5,1,0
6,3,0
8,1,0
9,1,0
12,2,0
13,1,0
14,1,0
4,1,0
7,11,0
9,1,0
13,3,0
14,1,0
0,1,0
2,2,0
3,1,0
4,1,0
5,1,0
9,1,0
11,1,0
12,1,0
13,2,0
14,1,0
3,1,0
8,1,0
9,1,0
10,5,0
13,1,0
14,2,0
15,1,0
1,3,0
3,1,0
4,1,0
5,1,0
7,1,0
8,4,0
9,1,0
10,3,0
11,2,0
12,5,0
14,1,0
15,1,0
1,2,0
4,5,0
14,2,0
3,1,0
4,4,0
10,4,0
13,3,0
12,1,0
0,5,0
1,6,0
2,1,0
4,3,0
5,3,0
8,1,0
9,4,0
12,3,0
13,3,0
14,4,0
15,3,0
9,1,0
14,1,0
1,5,0
2,1,0
3,1,0
13,1,0
15,6,0
12,8,0
2,2,0
6,1,0
9,1,0
14,1,0
15,1,0
0,1,0
2,2,0
3,2,0
7,2,0
8,3,0
2,3,0
3,2,0
4,3,0
6,2,0
8,3,0
13,11,0
14,2,0
15,2,0
0,2,0
4,1,0
9,1,0
10,10,0
12,1,0
2,4,0
3,3,0
7,1,0
10,3,0
13,1,0
14,1,0
3,12,0
4,1,0
7,1,0
10,1,0
11,1,0
14,5,0
15,2,0
3,4,0
4,1,0
5,1,0
7,1,0
8,1,0
9,1,0
10,1,0
11,1,0
13,1,0
3,7,0
14,2,0
15,1,0
0,1,0
3,1,0
5,1,0
7,1,0
8,1,0
10,12,0
14,1,0
0,2,0
11,2,0
12,1,0
14,2,0
0,6,0
2,1,0
9,1,0
11,5,0
14,1,0
1,1,0
3,1,0
10,1,0
14,1,0
1,1,0
3,1,0
5,1,0
7,1,0
1,1,0
2,1,0
3,1,0
4,1,0
5,4,0
6,2,0
7,1,0
8,1,0
9,1,0
12,1,0
13,1,0
14,1,0
15,3,0
1,6,0
2,1,0
13,1,0
0,1,0
10,3,0
13,2,0
14,8,0
0,2,0
2,8,0
4,1,0
5,1,0
6,1,0
7,2,0
8,2,0
9,8,0
10,3,0
12,1,0
13,3,0
14,2,0
10,4,0
1,1,0
2,1,0
4,2,0
6,1,0
8,2,0
9,1,0
10,9,0
12,1,0
13,3,0
14,1,0
15,1,0
4,5,0
9,4,0
12,3,0
13,2,0
14,3,0
2,3,0
0,3,0
10,3,0
12,3,0
13,2,0
0,1,0
3,1,0
4,1,0
5,1,0
6,1,0
10,2,0
13,1,0
14,1,0
15,1,0
9,2,0
13,2,0
14,1,0
3,2,0
9,1,0
13,1,0
3,1,0
7,2,0
14,1,0
0,1,0
2,1,0
3,1,0
6,1,0
8,1,0
10,4,0
12,1,0
13,1,0
14,1,0
15,2,0
3,1,0
5,2,0
11,16,0
14,2,0
15,1,0
7,1,0
0,2,0
2,1,0
10,3,0
11,3,0
14,2,0
9,1,0
13,1,0
15,1,0
2,1,0
3,1,0
15,3,0
2,1,0
7,2,0
11,1,0
13,2,0
14,2,0
15,1,0
1,2,0
3,1,0
9,1,0
14,1,0
15,1,0
6,1,0
9,3,0
3,2,0
12,2,0
15,2,0
8,7,0
12,3,0
14,3,0
4,1,0
6,1,0
8,1,0
9,1,0
12,1,0
13,1,0
14,1,0
15,2,0
2,3,0
7,2,0
12,1,0
15,13,0
2,1,0
4,1,0
9,7,0
11,1,0
2,1,0
4,1,0
5,2,0
7,2,0
8,2,0
11,1,0
13,1,0
4,2,0
13,2,0
0,1,0
3,1,0
10,1,0
15,1,0
2,4,0
13,18,0
0,1,0
2,1,0
4,4,0
6,2,0
12,1,0
14,2,0
0,2,0
3,2,0
5,2,0
9,5,0
11,3,0
12,3,0
15,5,0
10,13,0
14,1,0
3,1,0
13,1,0
15,4,0
2,4,0
3,3,0
6,16,0
9,2,0
12,3,0
13,2,0
14,3,0
1,2,0
14,1,0
2,3,0
5,4,0
7,1,0
9,2,0
14,2,0
3,8,0
7,3,0
10,4,0
11,6,0
13,7,0
3,2,0
6,1,0
8,2,0
0,1,0
2,1,0
5,1,0
6,4,0
9,1,0
12,2,0
14,2,0
2,5,0
4,2,0
6,4,0
7,1,0
8,1,0
10,1,0
14,1,0
2,2,0
3,2,0
1,2,0
3,4,0
5,7,0
8,3,0
10,8,0
14,2,0
2,3,0
3,2,0
6,4,0
15,2,0
2,1,0
2,2,0
3,6,0
6,3,0
7,14,0
8,2,0
9,1,0
10,1,0
14,1,0
10,1,0
6,1,0
8,1,0
10,1,0
0,3,0
5,2,0
10,3,0
12,9,0
14,2,0
15,4,0
0,3,0
2,3,0
9,1,0
3,3,0
5,2,0
6,3,0
8,2,0
9,2,0
10,2,0
13,2,0
14,3,0
2,3,0
3,1,0
7,1,0
9,1,0
10,1,0
14,1,0
15,2,0
1,2,0
5,2,0
6,3,0
13,2,0
15,6,0
14,1,0
6,1,0
10,1,0
12,1,0
11,1,0
9,1,0
10,7,0
13,1,0
1,8,0
3,3,0
9,3,0
2,5,0
3,9,0
1,1,0
3,1,0
8,1,0
9,1,0
10,4,0
12,1,0
14,1,0
7,1,0
8,1,0
2,1,0
7,1,0
11,1,0
2,2,0
8,1,0
12,1,0
14,3,0
12,1,0
7,1,0
10,2,0
2,1,0
3,7,0
7,8,0
2,10,0
2,1,0
4,1,0
6,1,0
9,1,0
11,2,0
12,1,0
13,1,0
2,7,0
3,1,0
9,1,0
0,1,0
1,1,0
2,2,0
11,1,0
12,5,0
13,1,0
15,1,0
2,4,0
4,20,0
5,1,0
10,1,0
13,1,0
15,1,0
1,1,0
4,7,0
6,1,0
7,1,0
11,5,0
12,1,0
13,1,0
7,1,0
12,4,0
3,1,0
7,2,0
13,1,0
14,2,0
0,2,0
1,3,0
3,1,0
8,4,0
10,1,0
13,2,0
14,1,0
15,2,0
0,1,0
2,1,0
3,1,0
12,1,0
14,1,0
15,1,0
1,3,0
3,7,0
6,4,0
8,4,0
9,3,0
10,8,0
13,3,0
14,3,0
1,1,0
2,1,0
7,1,0
3,2,0
5,1,0
2,2,0
3,1,0
4,1,0
10,1,0
14,2,0
3,1,0
4,1,0
5,1,0
8,5,0
9,5,0
11,1,0
2,3,0
4,1,0
6,8,0
8,4,0
10,6,0
13,3,0
14,6,0
4,2,0
5,2,0
13,3,0
14,2,0
0,1,0
3,2,0
4,1,0
5,1,0
6,1,0
8,1,0
9,1,0
10,2,0
12,1,0
13,1,0
14,1,0
15,3,0
2,4,0
4,4,0
8,4,0
13,7,0
2,2,0
4,1,0
6,1,0
8,1,0
10,2,0
13,1,0
2,1,0
3,2,0
4,1,0
5,1,0
6,1,0
7,1,0
15,1,0
7,2,0
14,2,0
10,1,0
12,8,0
13,1,0
2,1,0
8,7,0
12,1,0
0,1,0
2,1,0
7,1,0
8,5,0
10,7,0
12,3,0
13,1,0
15,1,0
0,1,0
4,1,0
15,4,0
0,2,0
2,4,0
3,1,0
6,2,0
7,1,0
9,1,0
12,4,0
14,1,0
1,1,0
0,1,0
2,2,0
5,1,0
10,1,0
15,1,0
7,1,0
9,3,0
13,2,0
14,4,0
5,6,0
8,5,0
10,3,0
4,1,0
6,1,0
7,1,0
8,1,0
10,4,0
12,5,0
14,2,0
15,1,0
0,1,0
2,1,0
3,3,0
4,1,0
10,1,0
12,1,0
14,1,0
15,1,0
0,6,0
1,3,0
5,2,0
8,7,0
13,1,0
14,1,0
1,12,0
4,3,0
13,11,0
6,1,0
15,1,0
2,3,0
3,3,0
5,3,0
12,2,0
14,1,0
2,4,0
10,11,0
12,3,0
13,3,0
15,4,0
3,3,0
5,5,0
13,3,0
12,1,0
2,1,0
7,1,0
11,8,0
12,1,0
13,1,0
14,2,0
0,3,0
1,8,0
7,2,0
8,4,0
9,4,0
12,3,0
13,2,0
14,5,0
2,1,0
3,1,0
4,1,0
11,1,0
12,6,0
13,2,0
14,2,0
15,1,0
2,2,0
3,4,0
5,6,0
6,3,0
7,8,0
12,2,0
14,2,0
2,1,0
1,5,0
14,2,0
1,9,0
2,2,0
3,5,0
4,5,0
5,3,0
9,2,0
13,2,0
2,1,0
3,1,0
7,1,0
13,1,0
0,2,0
2,2,0
10,4,0
15,1,0
2,2,0
8,2,0
11,1,0
12,2,0
2,1,0
7,1,0
9,2,0
10,1,0
12,1,0
13,1,0
14,1,0
15,3,0
0,7,0
2,1,0
3,1,0
4,2,0
5,1,0
8,2,0
10,1,0
13,1,0
14,4,0
15,6,0
2,1,0
10,1,0
12,1,0
3,2,0
10,1,0
11,1,0
13,2,0
14,1,0
4,5,0
10,1,0
2,4,0
4,1,0
8,2,0
10,4,0
13,4,0
14,2,0
1,1,0
7,1,0
9,10,0
13,1,0
15,1,0
13,1,0
1,1,0
10,10,0
13,1,0
14,2,0
2,1,0
3,1,0
4,1,0
6,2,0
10,1,0
12,1,0
2,1,0
3,1,0
5,1,0
6,4,0
10,1,0
14,2,0
0,3,0
3,1,0
2,1,0
13,2,0
2,1,0
7,3,0
10,1,0
14,5,0
15,1,0
0,1,0
2,1,0
3,6,0
4,4,0
5,1,0
7,2,0
8,1,0
10,2,0
12,1,0
13,3,0
14,2,0
15,1,0
1,4,0
4,11,0
6,1,0
8,4,0
9,1,0
10,9,0
12,1,0
13,1,0
14,1,0
15,1,0
0,1,0
0,7,0
5,1,0
7,1,0
11,2,0
12,4,0
13,1,0
2,1,0
10,3,0
11,4,0
12,2,0
15,3,0
1,2,0
3,3,0
4,2,0
8,2,0
9,2,0
12,4,0
13,2,0
12,6,0
15,2,0
3,1,0
10,4,0
14,3,0
15,4,0
2,1,0
4,1,0
7,1,0
12,2,0
14,1,0
2,1,0
7,1,0
12,5,0
13,1,0
1,1,0
5,1,0
13,10,0
14,1,0
15,2,0
14,3,0
8,2,0
15,10,0
2,1,0
3,1,0
12,2,0
13,1,0
14,3,0
2,1,0
7,1,0
14,1,0
5,2,0
8,1,0
9,1,0
15,1,0
3,3,0
5,6,0
6,2,0
8,4,0
13,2,0
14,2,0
1,1,0
2,1,0
4,1,0
6,2,0
8,1,0
10,6,0
13,2,0
0,1,0
2,1,0
4,1,0
7,1,0
14,2,0
1,3,0
2,3,0
3,3,0
4,3,0
11,4,0
12,2,0
14,3,0
0,1,0
12,1,0
1,1,0
7,2,0
8,1,0
13,3,0
2,2,0
7,1,0
10,2,0
14,3,0
15,1,0
0,2,0
1,1,0
3,1,0
5,2,0
6,1,0
8,2,0
9,2,0
10,2,0
12,8,0
13,1,0
14,3,0
10,7,0
12,2,0
14,1,0
15,2,0
7,1,0
3,2,0
3,2,0
12,2,0
14,1,0
2,1,0
7,1,0
8,3,0
9,7,0
12,5,0
13,5,0
14,1,0
11,1,0
1,1,0
2,1,0
8,1,0
10,1,0
12,2,0
14,1,0
5,1,0
14,1,0
2,10,0
4,5,0
8,5,0
10,6,0
12,4,0
13,5,0
14,6,0
15,4,0
4,1,0
5,2,0
8,1,0
12,1,0
13,1,0
1,1,0
3,1,0
4,1,0
6,1,0
7,6,0
8,1,0
9,1,0
11,4,0
12,1,0
13,1,0
14,1,0
15,1,0
4,1,0
6,1,0
8,3,0
11,1,0
13,1,0
4,2,0
2,1,0
3,1,0
4,1,0
5,1,0
14,1,0
12,1,0
1,1,0
2,1,0
4,1,0
8,2,0
10,1,0
12,2,0
13,1,0
14,1,0
1,1,0
8,1,0
15,6,0
0,3,0
3,3,0
4,3,0
6,3,0
7,6,0
14,3,0
15,3,0
3,2,0
4,1,0
7,1,0
8,1,0
9,1,0
10,7,0
12,1,0
13,3,0
14,2,0
15,1,0
3,3,0
7,1,0
9,3,0
10,2,0
11,4,0
14,3,0
2,1,0
4,6,0
10,1,0
3,1,0
13,2,0
2,1,0
7,1,0
12,1,0
14,1,0
15,1,0
2,2,0
3,1,0
4,1,0
5,1,0
6,1,0
8,1,0
12,2,0
14,1,0
0,4,0
1,3,0
3,1,0
4,1,0
7,3,0
11,1,0
13,2,0
14,6,0
15,2,0
1,1,0
2,1,0
3,1,0
4,5,0
6,1,0
7,1,0
13,1,0
14,1,0
15,1,0
2,2,0
4,2,0
10,2,0
3,2,0
6,2,0
8,4,0
0,2,0
6,3,0
10,4,0
14,1,0
2,1,0
3,1,0
7,1,0
9,1,0
10,1,0
14,1,0
2,1,0
3,2,0
4,6,0
7,2,0
9,2,0
10,2,0
13,1,0
14,3,0
2,1,0
7,6,0
11,1,0
13,1,0
15,2,0
2,1,0
9,5,0
10,1,0
13,1,0
0,2,0
4,1,0
5,3,0
7,2,0
8,2,0
10,1,0
2,1,0
13,2,0
0,1,0
2,1,0
3,1,0
4,1,0
5,7,0
6,1,0
9,1,0
12,1,0
13,1,0
14,1,0
3,1,0
3,2,0
1,1,0
6,1,0
0,3,0
1,1,0
2,1,0
3,1,0
5,2,0
8,1,0
10,5,0
11,1,0
14,1,0
15,9,0
1,4,0
10,2,0
2,3,0
15,1,0
0,1,0
2,1,0
3,3,0
6,1,0
10,2,0
14,2,0
0,2,0
1,1,0
8,6,0
3,4,0
13,6,0
0,1,0
2,1,0
7,2,0
12,2,0
4,1,0
11,3,0
2,2,0
7,4,0
10,1,0
14,1,0
0,1,0
1,1,0
2,2,0
3,5,0
4,1,0
5,1,0
9,1,0
14,1,0
9,1,0
13,2,0
14,3,0
15,2,0
2,3,0
3,1,0
7,5,0
10,4,0
12,1,0
0,3,0
2,3,0
3,2,0
5,2,0
7,4,0
10,9,0
13,11,0
14,4,0
5,2,0
11,3,0
13,1,0
0,3,0
2,3,0
3,3,0
4,6,0
7,3,0
10,1,0
12,1,0
14,3,0
15,4,0
1,1,0
7,1,0
13,1,0
3,2,0
5,4,0
8,1,0
9,1,0
12,2,0
13,1,0
14,1,0
0,6,0
2,1,0
4,2,0
5,4,0
12,6,0
14,1,0
12,6,0
14,1,0
0,1,0
2,3,0
0,4,0
1,2,0
3,1,0
4,1,0
13,1,0
14,3,0
4,1,0
8,1,0
11,1,0
15,1,0
0,1,0
4,1,0
5,1,0
7,1,0
9,1,0
10,3,0
12,1,0
13,1,0
14,1,0
15,1,0
2,5,0
14,2,0
2,1,0
3,1,0
5,1,0
6,1,0
7,3,0
8,1,0
12,1,0
15,1,0
1,1,0
2,1,0
6,1,0
7,1,0
10,7,0
12,1,0
13,1,0
14,1,0
1,1,0
14,2,0
15,1,0
0,1,0
3,1,0
4,1,0
11,2,0
0,4,0
2,4,0
4,4,0
6,4,0
10,1,0
12,2,0
13,2,0
2,1,0
4,1,0
6,3,0
13,7,0
5,1,0
12,2,0
14,1,0
3,3,0
5,1,0
6,2,0
8,2,0
9,3,0
10,1,0
13,1,0
14,1,0
2,1,0
6,2,0
10,1,0
15,3,0
1,1,0
5,1,0
12,1,0
15,2,0
0,7,0
2,1,0
3,2,0
5,2,0
6,2,0
8,1,0
9,2,0
12,1,0
13,2,0
14,2,0
2,1,0
5,6,0
6,3,0
9,5,0
1,2,0
4,4,0
5,2,0
10,2,0
0,1,0
14,1,0
3,4,0
7,2,0
12,1,0
1,1,0
8,1,0
12,5,0
14,3,0
1,4,0
2,1,0
8,5,0
14,12,0
0,1,0
7,3,0
11,1,0
13,1,0
14,1,0
2,1,0
4,2,0
6,2,0
8,2,0
14,1,0
2,1,0
3,4,0
11,1,0
13,1,0
14,2,0
2,3,0
3,1,0
0,1,0
3,4,0
5,4,0
7,1,0
9,1,0
12,3,0
7,1,0
8,1,0
13,1,0
14,1,0
5,2,0
7,2,0
10,4,0
1,2,0
2,1,0
6,2,0
7,2,0
10,1,0
14,3,0
15,1,0
0,3,0
8,1,0
14,2,0
0,1,0
2,2,0
3,5,0
5,1,0
10,1,0
13,1,0
14,2,0
2,1,0
14,1,0
2,9,0
3,1,0
5,2,0
6,1,0
8,1,0
0,5,0
1,4,0
2,2,0
3,3,0
4,4,0
6,4,0
7,3,0
9,2,0
14,4,0
15,2,0
5,5,0
7,4,0
11,5,0
12,12,0
0,2,0
2,2,0
7,2,0
9,2,0
12,3,0
13,2,0
0,15,0
3,13,0
5,2,0
6,2,0
8,2,0
11,2,0
13,2,0
15,2,0
0,2,0
3,2,0
7,2,0
12,3,0
2,1,0
4,1,0
7,1,0
9,1,0
12,1,0
15,1,0
0,3,0
10,2,0
13,2,0
2,1,0
3,1,0
7,1,0
8,1,0
0,2,0
3,2,0
4,3,0
5,3,0
12,3,0
14,7,0
0,1,0
2,3,0
4,4,0
10,1,0
0,15,0
4,1,0
7,1,0
9,1,0
14,1,0
15,4,0
4,1,0
7,7,0
8,1,0
10,3,0
14,1,0
15,1,0
3,2,0
10,10,0
12,1,0
5,1,0
2,4,0
9,1,0
10,3,0
12,2,0
5,9,0
11,1,0
12,1,0
14,1,0
10,1,0
13,4,0
2,1,0
3,4,0
6,1,0
7,1,0
9,1,0
10,1,0
12,1,0
13,1,0
14,1,0
3,7,0
4,1,0
8,1,0
10,1,0
11,1,0
12,3,0
14,1,0
15,1,0
2,1,0
8,1,0
5,1,0
6,12,0
13,2,0
2,3,0
8,1,0
2,1,0
9,5,0
15,2,0
2,3,0
3,2,0
4,5,0
10,9,0
3,1,0
4,3,0
8,1,0
1,3,0
2,1,0
3,5,0
4,3,0
5,1,0
13,1,0
14,2,0
15,3,0
1,2,0
2,1,0
2,1,0
3,3,0
4,1,0
7,2,0
10,1,0
0,2,0
2,1,0
5,2,0
8,5,0
12,2,0
13,1,0
14,2,0
15,2,0
3,1,0
5,1,0
8,1,0
11,1,0
12,6,0
13,1,0
14,2,0
0,1,0
2,1,0
4,1,0
7,1,0
8,1,0
10,1,0
13,3,0
14,4,0
1,2,0
2,2,0
3,2,0
4,2,0
5,2,0
6,2,0
8,2,0
9,2,0
12,2,0
13,2,0
14,2,0
15,3,0
1,1,0
3,1,0
12,5,0
14,1,0
0,3,0
2,2,0
3,2,0
4,3,0
9,2,0
13,2,0
15,2,0
2,2,0
5,2,0
13,3,0
15,1,0
2,1,0
4,4,0
7,1,0
8,2,0
9,1,0
12,1,0
15,1,0
4,5,0
5,1,0
10,1,0
11,1,0
13,1,0
15,1,0
1,1,0
2,1,0
3,1,0
9,4,0
10,2,0
13,3,0
1,1,0
2,5,0
7,3,0
13,2,0
10,1,0
12,2,0
13,2,0
15,3,0
0,6,0
4,6,0
5,2,0
14,3,0
2,1,0
7,1,0
12,1,0
13,2,0
1,2,0
4,2,0
7,4,0
14,2,0
5,1,0
7,1,0
2,1,0
3,1,0
4,8,0
8,3,0
10,2,0
14,2,0
6,1,0
10,1,0
0,3,0
2,1,0
5,5,0
7,1,0
9,2,0
14,1,0
15,1,0
0,1,0
12,1,0
2,1,0
4,1,0
7,1,0
13,4,0
14,1,0
15,1,0
12,3,0
13,1,0
15,2,0
3,1,0
7,1,0
9,1,0
10,3,0
15,5,0
0,1,0
1,1,0
2,2,0
3,1,0
5,1,0
6,2,0
7,11,0
8,1,0
14,1,0
2,1,0
5,1,0
12,1,0
13,1,0
8,3,0
1,2,0
2,2,0
4,1,0
7,5,0
8,1,0
12,2,0
2,1,0
4,1,0
6,1,0
7,1,0
9,1,0
12,1,0
13,9,0
14,1,0
2,1,0
5,1,0
6,1,0
7,1,0
12,2,0
4,2,0
13,3,0
15,1,0
0,1,0
1,6,0
3,1,0
4,1,0
8,3,0
11,4,0
12,2,0
15,1,0
2,1,0
5,1,0
15,2,0
2,1,0
4,2,0
7,1,0
8,2,0
10,2,0
14,1,0
2,1,0
4,2,0
7,5,0
8,2,0
14,10,0
15,2,0
1,1,0
2,2,0
3,2,0
4,4,0
7,2,0
10,7,0
13,2,0
1,1,0
2,1,0
5,3,0
6,1,0
7,6,0
8,1,0
9,1,0
12,1,0
13,1,0
14,1,0
0,13,0
2,1,0
6,1,0
7,5,0
8,1,0
9,3,0
10,8,0
13,1,0
14,4,0
4,8,0
0,3,0
4,1,0
15,2,0
2,2,0
4,1,0
8,1,0
10,1,0
11,1,0
13,2,0
14,1,0
15,2,0
3,1,0
7,15,0
9,1,0
10,3,0
13,1,0
14,15,0
15,3,0
9,2,0
12,2,0
14,2,0
15,2,0
3,1,0
4,3,0
6,2,0
7,1,0
10,1,0
13,2,0
14,1,0
2,1,0
3,11,0
9,1,0
13,1,0
14,7,0
15,4,0
4,1,0
5,2,0
9,2,0
10,1,0
13,1,0
14,1,0
0,1,0
1,1,0
2,1,0
3,1,0
4,1,0
5,1,0
12,1,0
3,2,0
12,2,0
2,2,0
3,5,0
4,7,0
9,1,0
11,2,0
12,1,0
15,1,0
2,1,0
3,1,0
12,1,0
14,2,0
15,1,0
2,1,0
3,3,0
6,1,0
7,1,0
9,2,0
10,2,0
12,3,0
14,1,0
0,3,0
2,1,0
3,1,0
4,1,0
5,2,0
6,1,0
12,1,0
13,3,0
15,2,0
7,1,0
0,3,0
1,2,0
8,3,0
12,2,0
14,2,0
14,6,0
15,5,0
0,6,0
6,3,0
12,3,0
13,2,0
2,5,0
10,2,0
12,1,0
0,1,0
3,5,0
4,1,0
5,4,0
7,1,0
14,1,0
2,1,0
3,1,0
4,1,0
9,2,0
15,1,0
0,2,0
2,1,0
4,4,0
5,5,0
6,2,0
7,4,0
9,2,0
10,3,0
12,2,0
14,3,0
3,2,0
5,4,0
7,1,0
13,3,0
1,3,0
3,3,0
6,3,0
9,2,0
10,2,0
13,8,0
14,3,0
2,1,0
5,1,0
6,1,0
9,1,0
2,6,0
3,4,0
11,1,0
14,1,0
3,1,0
7,2,0
8,1,0
9,2,0
10,1,0
11,1,0
12,1,0
0,1,0
1,1,0
2,1,0
3,1,0
5,1,0
6,1,0
9,1,0
12,1,0
13,1,0
14,1,0
15,1,0
0,1,0
7,1,0
8,1,0
12,1,0
0,1,0
2,3,0
3,1,0
10,3,0
12,4,0
1,1,0
3,6,0
4,1,0
6,1,0
7,1,0
8,1,0
11,3,0
13,1,0
0,1,0
2,1,0
3,2,0
4,1,0
6,1,0
11,1,0
14,1,0
15,1,0
1,9,0
12,1,0
13,1,0
3,1,0
9,1,0
10,1,0
11,1,0
13,1,0
14,1,0
3,1,0
7,2,0
8,1,0
10,2,0
12,4,0
13,7,0
14,1,0
1,1,0
4,2,0
5,2,0
10,1,0
12,1,0
13,1,0
14,2,0
15,1,0
0,1,0
2,1,0
3,2,0
6,1,0
7,1,0
8,3,0
9,3,0
11,3,0
0,1,0
1,4,0
10,4,0
13,10,0
14,1,0
2,1,0
3,1,0
4,1,0
10,2,0
11,1,0
2,1,0
6,1,0
8,1,0
13,1,0
15,1,0
1,1,0
2,1,0
5,2,0
6,11,0
10,4,0
14,2,0
2,3,0
3,1,0
4,2,0
9,1,0
13,4,0
14,2,0
0,1,0
2,1,0
3,1,0
7,1,0
8,2,0
10,3,0
13,1,0
14,2,0
2,2,0
4,2,0
9,1,0
12,8,0
2,1,0
6,1,0
7,1,0
8,1,0
14,1,0
15,1,0
1,5,0
6,1,0
7,3,0
12,1,0
2,1,0
9,4,0
10,1,0
13,8,0
1,3,0
5,2,0
8,2,0
10,1,0
12,1,0
15,1,0
0,2,0
8,3,0
11,1,0
13,1,0
14,1,0
0,1,0
1,4,0
2,2,0
3,1,0
5,2,0
8,3,0
10,5,0
12,4,0
13,1,0
14,2,0
5,1,0
11,2,0
15,2,0
7,1,0
8,7,0
10,6,0
14,8,0
15,2,0
2,1,0
3,1,0
10,1,0
14,1,0
15,2,0
2,6,0
4,3,0
10,1,0
13,3,0
14,3,0
15,3,0
3,1,0
4,10,0
5,1,0
12,3,0
0,1,0
3,7,0
7,1,0
13,1,0
15,1,0
6,1,0
15,1,0
0,1,0
2,1,0
13,5,0
14,1,0
15,1,0
2,1,0
6,2,0
10,1,0
12,2,0
3,2,0
2,1,0
4,1,0
7,1,0
10,6,0
12,1,0
13,1,0
15,1,0
2,2,0
0,1,0
1,4,0
3,2,0
4,2,0
8,5,0
14,1,0
4,2,0
5,2,0
9,8,0
10,10,0
13,1,0
14,1,0
2,1,0
3,2,0
4,1,0
9,4,0
10,3,0
11,1,0
13,1,0
14,4,0
4,1,0
10,3,0
13,5,0
2,2,0
3,8,0
0,1,0
1,1,0
3,1,0
12,1,0
2,1,0
7,1,0
13,4,0
14,1,0
0,1,0
3,1,0
4,1,0
5,1,0
9,1,0
10,1,0
14,1,0
0,2,0
2,2,0
4,2,0
1,2,0
4,1,0
5,2,0
8,2,0
9,1,0
14,2,0
1,2,0
2,1,0
4,4,0
5,1,0
6,2,0
10,1,0
13,3,0
14,2,0
15,8,0
1,2,0
7,1,0
15,1,0
1,1,0
2,1,0
8,1,0
4,3,0
9,3,0
12,2,0
13,3,0
14,2,0
0,6,0
2,5,0
4,8,0
6,6,0
9,3,0
12,8,0
13,1,0
14,2,0
0,4,0
1,4,0
2,4,0
3,8,0
8,5,0
13,4,0
14,5,0
1,3,0
4,4,0
6,10,0
8,5,0
9,4,0
10,2,0
14,5,0
3,2,0
5,1,0
7,2,0
2,1,0
5,1,0
7,2,0
2,2,0
6,3,0
13,2,0
14,2,0
15,2,0
1,1,0
2,4,0
3,1,0
4,2,0
5,1,0
7,2,0
8,2,0
13,1,0
14,1,0
1,1,0
14,1,0
2,4,0
3,4,0
10,1,0
14,3,0
1,2,0
2,2,0
3,1,0
7,1,0
9,1,0
10,2,0
15,1,0
3,1,0
5,3,0
6,1,0
2,1,0
13,1,0
1,1,0
3,2,0
4,1,0
2,3,0
11,8,0
13,4,0
0,1,0
3,1,0
11,1,0
13,1,0
14,4,0
3,1,0
2,1,0
3,1,0
6,6,0
7,1,0
0,1,0
2,1,0
5,1,0
12,1,0
14,2,0
2,1,0
12,1,0
13,5,0
15,1,0
10,1,0
0,4,0
2,6,0
9,8,0
13,8,0
0,1,0
2,5,0
3,2,0
4,1,0
10,1,0
14,1,0
15,4,0
0,3,0
12,3,0
0,1,0
3,1,0
6,2,0
13,4,0
14,1,0
15,1,0
0,1,0
9,1,0
12,1,0
2,1,0
4,1,0
5,2,0
8,1,0
10,1,0
13,6,0
14,4,0
15,2,0
1,1,0
6,1,0
9,2,0
0,2,0
2,1,0
5,1,0
6,1,0
14,1,0
15,1,0
8,3,0
14,1,0
1,2,0
11,2,0
13,4,0
3,1,0
0,1,0
1,1,0
3,2,0
10,2,0
13,8,0
14,1,0
1,2,0
14,1,0
1,1,0
14,1,0
2,4,0
6,1,0
7,6,0
14,1,0
5,1,0
12,6,0
0,1,0
3,1,0
8,3,0
2,3,0
4,3,0
9,3,0
10,20,0
13,2,0
2,5,0
6,2,0
1,4,0
2,2,0
4,3,0
5,4,0
7,1,0
10,4,0
12,2,0
14,2,0
15,3,0
0,1,0
3,1,0
4,1,0
7,1,0
9,2,0
12,1,0
3,1,0
10,1,0
11,1,0
2,1,0
4,3,0
14,1,0
1,1,0
2,1,0
3,3,0
4,5,0
8,1,0
10,3,0
11,1,0
12,1,0
14,3,0
2,1,0
3,2,0
5,5,0
10,6,0
13,2,0
15,2,0
4,1,0
13,2,0
14,3,0
2,1,0
5,2,0
7,1,0
2,1,0
3,2,0
15,1,0
0,1,0
1,1,0
2,1,0
7,1,0
8,1,0
10,1,0
12,2,0
13,1,0
14,1,0
7,1,0
0,1,0
4,2,0
5,1,0
6,2,0
8,3,0
9,13,0
12,3,0
13,3,0
1,6,0
6,3,0
8,3,0
9,4,0
10,1,0
14,1,0
0,1,0
3,2,0
5,1,0
6,1,0
14,1,0
1,1,0
3,1,0
12,1,0
14,1,0
0,1,0
7,2,0
1,2,0
3,2,0
5,2,0
6,2,0
8,3,0
9,5,0
15,6,0
0,1,0
1,2,0
3,8,0
9,1,0
10,1,0
12,1,0
13,1,0
2,1,0
5,1,0
15,1,0
1,2,0
2,1,0
4,1,0
5,1,0
6,5,0
8,1,0
11,1,0
13,1,0
14,1,0
0,1,0
1,1,0
2,4,0
8,9,0
9,1,0
4,1,0
3,1,0
8,1,0
14,1,0
1,1,0
0,1,0
1,1,0
5,1,0
7,1,0
11,1,0
14,1,0
3,1,0
5,2,0
8,1,0
0,2,0
1,3,0
3,1,0
4,3,0
7,4,0
8,5,0
9,2,0
10,1,0
12,3,0
13,2,0
14,3,0
15,3,0
14,11,0
0,7,0
5,1,0
14,1,0
0,2,0
2,1,0
7,2,0
10,2,0
11,3,0
13,1,0
15,1,0
7,1,0
10,2,0
2,1,0
5,1,0
9,1,0
10,4,0
12,1,0
15,5,0
3,3,0
4,3,0
13,2,0
15,2,0
13,1,0
1,1,0
2,2,0
4,2,0
8,2,0
10,4,0
12,2,0
0,2,0
13,1,0
1,1,0
2,1,0
3,6,0
10,3,0
14,1,0
2,2,0
12,3,0
11,1,0
15,2,0
0,1,0
3,3,0
4,1,0
5,1,0
8,2,0
9,1,0
14,1,0
2,1,0
3,4,0
8,1,0
9,2,0
11,1,0
12,2,0
14,1,0
3,3,0
4,4,0
7,2,0
8,2,0
13,1,0
0,1,0
7,1,0
10,1,0
12,1,0
2,2,0
8,2,0
3,1,0
2,5,0
14,5,0
0,1,0
3,1,0
4,1,0
7,2,0
9,1,0
11,1,0
12,4,0
13,2,0
14,2,0
15,1,0
0,1,0
2,1,0
3,1,0
5,2,0
6,1,0
7,1,0
9,5,0
12,1,0
13,10,0
14,1,0
15,5,0
3,1,0
9,2,0
10,1,0
14,5,0
14,1,0
3,2,0
4,2,0
8,3,0
3,1,0
4,5,0
6,2,0
10,1,0
11,1,0
13,1,0
2,2,0
4,1,0
6,1,0
7,2,0
8,2,0
10,6,0
11,1,0
12,2,0
13,4,0
14,3,0
6,1,0
10,3,0
11,1,0
1,4,0
10,1,0
5,2,0
15,4,0
3,3,0
2,1,0
8,1,0
10,3,0
14,1,0
3,3,0
10,4,0
12,1,0
2,2,0
12,2,0
0,2,0
3,2,0
10,1,0
3,1,0
15,1,0
5,1,0
2,3,0
2,5,0
3,5,0
4,6,0
5,6,0
8,10,0
13,6,0
14,4,0
15,6,0
2,3,0
3,2,0
4,1,0
8,2,0
0,1,0
1,2,0
2,1,0
3,2,0
4,1,0
5,1,0
7,5,0
3,1,0
5,1,0
10,2,0
13,4,0
13,1,0
1,4,0
2,4,0
9,4,0
12,4,0
2,1,0
9,1,0
10,1,0
12,2,0
14,1,0
15,3,0
7,1,0
12,1,0
14,1,0
2,5,0
7,1,0
11,1,0
13,1,0
2,1,0
4,1,0
6,1,0
14,1,0
0,5,0
5,1,0
13,1,0
14,3,0
4,1,0
10,4,0
14,3,0
3,1,0
4,1,0
7,1,0
9,2,0
10,1,0
12,1,0
15,1,0
2,2,0
5,2,0
12,1,0
14,1,0
3,8,0
4,2,0
7,4,0
9,4,0
10,5,0
13,5,0
0,2,0
2,1,0
3,1,0
5,1,0
8,1,0
9,4,0
13,2,0
14,2,0
1,1,0
2,5,0
7,2,0
8,5,0
13,1,0
0,3,0
5,4,0
12,2,0
5,1,0
6,3,0
7,1,0
11,3,0
0,1,0
3,2,0
15,1,0
13,7,0
1,2,0
2,1,0
3,3,0
4,1,0
15,2,0
9,1,0
10,2,0
14,1,0
0,1,0
2,2,0
4,1,0
13,1,0
3,1,0
13,1,0
14,3,0
15,1,0
2,1,0
6,2,0
2,2,0
12,1,0
13,1,0
2,1,0
3,1,0
5,1,0
7,1,0
14,1,0
7,5,0
10,1,0
9,3,0
14,2,0
8,2,0
0,1,0
1,1,0
2,1,0
4,1,0
6,1,0
8,1,0
9,1,0
10,1,0
12,1,0
13,1,0
14,1,0
2,1,0
3,1,0
8,1,0
10,2,0
13,2,0
14,1,0
3,1,0
9,2,0
12,1,0
13,8,0
14,1,0
15,2,0
0,1,0
2,1,0
5,2,0
7,2,0
8,2,0
10,1,0
14,2,0
15,1,0
0,3,0
2,2,0
4,4,0
7,8,0
3,1,0
4,1,0
13,1,0
3,3,0
9,4,0
12,5,0
13,4,0
14,4,0
15,5,0
2,2,0
13,2,0
4,6,0
12,1,0
5,1,0
13,3,0
0,2,0
3,3,0
4,3,0
9,8,0
10,4,0
12,4,0
14,3,0
3,1,0
8,1,0
1,18,0
2,4,0
5,2,0
7,2,0
8,1,0
13,2,0
1,5,0
3,12,0
4,2,0
7,2,0
11,1,0
14,2,0
2,1,0
3,1,0
7,1,0
0,1,0
3,3,0
14,1,0
15,1,0
0,6,0
10,2,0
2,1,0
4,1,0
10,2,0
15,4,0
5,4,0
13,1,0
1,1,0
3,1,0
9,1,0
12,1,0
14,2,0
15,1,0
0,1,0
3,1,0
7,1,0
10,2,0
13,1,0
15,1,0
3,1,0
12,1,0
13,1,0
3,9,0
6,2,0
7,2,0
8,2,0
9,2,0
11,8,0
0,2,0
9,5,0
13,2,0
14,2,0
15,2,0
0,4,0
6,1,0
7,1,0
15,1,0
2,1,0
5,1,0
7,1,0
8,1,0
9,1,0
10,1,0
13,1,0
14,1,0
14,2,0
2,1,0
6,1,0
7,1,0
8,1,0
14,1,0
0,1,0
2,1,0
3,1,0
5,1,0
6,2,0
8,2,0
13,2,0
14,2,0
15,3,0
3,3,0
5,2,0
6,1,0
7,1,0
9,1,0
14,1,0
14,1,0
2,3,0
5,1,0
6,1,0
8,5,0
10,1,0
13,3,0
14,1,0
3,4,0
12,7,0
14,5,0
2,1,0
8,1,0
9,1,0
10,1,0
14,3,0
0,1,0
3,1,0
4,1,0
5,3,0
7,1,0
8,4,0
14,1,0
3,6,0
14,1,0
2,1,0
3,4,0
4,5,0
6,1,0
8,1,0
10,3,0
11,1,0
15,1,0
10,1,0
14,1,0
2,2,0
10,1,0
14,1,0
0,1,0
15,1,0
2,6,0
13,5,0
14,1,0
1,2,0
4,3,0
8,3,0
10,2,0
13,2,0
14,2,0
2,3,0
10,1,0
14,3,0
1,2,0
2,2,0
3,2,0
4,2,0
5,2,0
8,2,0
9,3,0
12,2,0
13,2,0
14,2,0
15,2,0
0,1,0
2,1,0
3,1,0
4,1,0
7,4,0
10,1,0
13,6,0
3,1,0
10,7,0
1,1,0
2,1,0
3,1,0
5,3,0
9,1,0
10,3,0
14,1,0
2,1,0
5,1,0
8,1,0
9,1,0
12,1,0
13,1,0
14,1,0
0,1,0
2,1,0
3,1,0
4,2,0
7,1,0
10,3,0
2,2,0
3,1,0
14,1,0
0,1,0
2,1,0
3,1,0
6,4,0
9,1,0
10,1,0
13,2,0
14,1,0
1,1,0
13,3,0
14,1,0
1,2,0
13,1,0
14,1,0
0,2,0
1,1,0
5,1,0
7,2,0
10,1,0
0,4,0
2,1,0
9,1,0
11,2,0
12,1,0
2,2,0
12,1,0
15,1,0
2,2,0
3,1,0
11,1,0
15,1,0
9,1,0
7,7,0
1,1,0
2,1,0
3,2,0
4,1,0
6,2,0
8,1,0
11,6,0
12,1,0
13,1,0
1,1,0
2,1,0
3,1,0
4,1,0
8,1,0
10,1,0
13,6,0
3,5,0
4,1,0
6,3,0
8,1,0
0,1,0
1,1,0
10,1,0
12,1,0
9,3,0
13,1,0
2,7,0
3,2,0
6,2,0
10,9,0
11,14,0
12,1,0
0,1,0
0,4,0
3,2,0
4,1,0
14,1,0
0,1,0
2,1,0
7,1,0
9,7,0
13,1,0
14,2,0
1,8,0
10,1,0
13,1,0
14,1,0
5,1,0
15,1,0
0,1,0
3,3,0
14,1,0
15,3,0
3,1,0
7,1,0
8,6,0
10,1,0
13,6,0
14,1,0
2,1,0
10,5,0
14,1,0
0,4,0
2,10,0
15,1,0
1,2,0
3,1,0
4,1,0
9,3,0
13,1,0
1,1,0
2,2,0
6,1,0
8,1,0
14,1,0
0,3,0
10,1,0
3,7,0
7,1,0
8,1,0
10,4,0
15,3,0
2,1,0
6,1,0
10,5,0
12,1,0
2,1,0
0,5,0
3,4,0
13,1,0
3,1,0
4,1,0
8,1,0
14,1,0
2,1,0
3,1,0
4,1,0
10,2,0
11,1,0
13,7,0
10,3,0
0,1,0
3,1,0
4,2,0
15,1,0
1,1,0
2,1,0
3,1,0
4,1,0
9,1,0
10,1,0
12,1,0
13,1,0
14,1,0
1,1,0
4,3,0
5,3,0
10,3,0
15,1,0
1,1,0
12,1,0
14,1,0
14,1,0
5,2,0
8,1,0
13,1,0
14,1,0
15,2,0
0,3,0
3,1,0
9,4,0
11,3,0
2,1,0
0,4,0
3,2,0
5,2,0
14,2,0
0,4,0
2,3,0
5,4,0
7,8,0
10,3,0
13,5,0
14,3,0
15,4,0
2,1,0
10,1,0
13,1,0
0,1,0
3,1,0
13,1,0
14,1,0
6,1,0
10,1,0
14,1,0
1,7,0
1,4,0
2,1,0
3,6,0
5,2,0
9,2,0
11,13,0
12,2,0
13,1,0
14,2,0
6,4,0
15,1,0
3,2,0
11,2,0
14,1,0
2,2,0
14,1,0
0,1,0
2,1,0
4,5,0
6,1,0
12,1,0
13,3,0
14,1,0
15,1,0
14,2,0
1,1,0
3,1,0
5,1,0
6,1,0
10,2,0
14,1,0
15,1,0
2,1,0
3,3,0
5,2,0
8,1,0
11,2,0
14,1,0
3,1,0
12,2,0
5,3,0
8,1,0
13,1,0
14,1,0
15,2,0
5,1,0
8,1,0
10,4,0
11,1,0
14,5,0
2,2,0
3,2,0
5,2,0
8,2,0
9,4,0
10,3,0
13,2,0
3,1,0
8,4,0
13,1,0
14,1,0
3,1,0
5,1,0
8,1,0
14,2,0
7,2,0
7,1,0
8,1,0
10,1,0
11,1,0
12,1,0
13,1,0
2,1,0
4,1,0
6,1,0
10,3,0
11,2,0
13,1,0
14,1,0
2,1,0
4,2,0
5,1,0
6,1,0
8,1,0
10,1,0
14,1,0
0,1,0
10,1,0
3,1,0
8,1,0
13,1,0
0,1,0
3,1,0
14,1,0
2,2,0
5,1,0
7,1,0
8,2,0
13,1,0
3,2,0
10,2,0
12,4,0
1,2,0
2,1,0
3,1,0
6,1,0
9,1,0
14,1,0
6,1,0
14,1,0
7,1,0
14,1,0
3,1,0
14,1,0
0,1,0
13,1,0
15,4,0
3,1,0
6,1,0
7,1,0
8,1,0
9,2,0
14,3,0
15,1,0
2,1,0
10,1,0
14,1,0
5,2,0
9,2,0
10,3,0
0,1,0
4,1,0
6,1,0
11,2,0
12,1,0
13,3,0
14,1,0
3,1,0
4,1,0
7,3,0
10,1,0
15,2,0
7,3,0
8,1,0
14,1,0
0,2,0
4,2,0
2,1,0
3,1,0
4,1,0
7,1,0
11,5,0
14,1,0
15,1,0
2,3,0
8,4,0
6,1,0
7,1,0
10,2,0
14,1,0
6,1,0
10,1,0
4,1,0
15,1,0
0,1,0
2,2,0
3,1,0
6,1,0
7,4,0
9,1,0
10,1,0
12,1,0
13,2,0
14,1,0
2,2,0
4,1,0
5,1,0
6,1,0
8,1,0
12,1,0
14,1,0
0,3,0
2,2,0
3,2,0
5,4,0
8,8,0
10,4,0
14,2,0
0,1,0
2,1,0
4,1,0
6,1,0
8,1,0
11,1,0
13,1,0
14,3,0
1,4,0
2,1,0
10,1,0
12,1,0
1,4,0
13,1,0
0,2,0
10,3,0
13,3,0
15,2,0
2,3,0
3,2,0
13,1,0
5,3,0
2,1,0
7,1,0
10,1,0
11,1,0
12,1,0
10,1,0
2,2,0
3,1,0
4,3,0
8,1,0
13,1,0
14,1,0
0,1,0
2,1,0
3,1,0
4,1,0
5,1,0
9,4,0
12,1,0
14,1,0
13,1,0
0,11,0
2,2,0
12,1,0
2,3,0
3,1,0
4,2,0
5,2,0
6,1,0
8,1,0
10,3,0
14,1,0
15,2,0
0,2,0
2,1,0
3,1,0
4,1,0
7,1,0
10,1,0
12,1,0
13,2,0
14,1,0
3,4,0
12,1,0
14,3,0
3,1,0
7,1,0
12,1,0
13,1,0
8,3,0
12,1,0
15,2,0
5,4,0
14,3,0
1,5,0
2,2,0
7,1,0
13,1,0
2,1,0
8,1,0
10,3,0
14,5,0
3,1,0
4,1,0
7,1,0
12,1,0
14,1,0
1,1,0
3,1,0
10,1,0
14,1,0
2,1,0
14,3,0
8,1,0
3,5,0
9,8,0
11,1,0
12,1,0
10,1,0
13,2,0
1,1,0
2,1,0
5,2,0
8,1,0
10,2,0
11,1,0
14,1,0
7,2,0
8,3,0
2,1,0
7,1,0
8,1,0
12,2,0
13,1,0
14,5,0
6,3,0
8,1,0
9,2,0
13,8,0
14,6,0
15,1,0
6,1,0
7,5,0
12,7,0
13,1,0
1,1,0
2,1,0
10,1,0
0,3,0
1,3,0
2,1,0
3,3,0
5,2,0
6,2,0
8,2,0
13,1,0
14,1,0
1,2,0
8,2,0
10,3,0
11,3,0
14,3,0
3,2,0
7,1,0
9,2,0
10,3,0
15,2,0
15,4,0
3,2,0
4,1,0
6,8,0
7,1,0
8,1,0
0,1,0
1,1,0
12,1,0
1,1,0
4,1,0
14,1,0
15,1,0
0,1,0
4,1,0
6,1,0
9,1,0
11,7,0
13,1,0
14,3,0
2,1,0
14,1,0
2,2,0
6,2,0
12,2,0
13,2,0
15,2,0
5,1,0
6,3,0
8,1,0
10,1,0
14,4,0
4,5,0
2,1,0
3,2,0
10,4,0
0,4,0
2,1,0
4,2,0
9,2,0
0,1,0
3,1,0
4,3,0
9,1,0
11,1,0
12,3,0
3,1,0
4,2,0
7,1,0
14,2,0
3,2,0
9,1,0
2,1,0
3,1,0
4,1,0
5,1,0
8,1,0
4,1,0
7,1,0
9,2,0
3,1,0
6,1,0
12,1,0
2,1,0
3,1,0
14,1,0
14,1,0
0,1,0
1,1,0
6,1,0
9,1,0
10,1,0
11,1,0
12,1,0
13,1,0
14,3,0
2,1,0
9,4,0
13,1,0
0,1,0
2,1,0
3,1,0
4,1,0
7,3,0
10,6,0
11,1,0
13,1,0
3,7,0
4,1,0
11,4,0
14,2,0
2,3,0
3,4,0
8,3,0
13,11,0
14,2,0
15,3,0
1,1,0
2,1,0
4,1,0
7,1,0
2,1,0
3,2,0
4,4,0
6,1,0
7,1,0
8,1,0
9,1,0
12,1,0
13,1,0
14,1,0
15,1,0
4,2,0
6,2,0
7,2,0
9,3,0
13,5,0
15,6,0
0,4,0
1,4,0
2,3,0
3,4,0
5,4,0
9,3,0
12,4,0
13,4,0
14,3,0
15,3,0
2,1,0
3,2,0
7,1,0
8,1,0
15,1,0
3,4,0
15,1,0
12,1,0
14,1,0
3,2,0
4,2,0
7,2,0
3,1,0
0,4,0
3,1,0
7,1,0
15,4,0
3,1,0
10,2,0
15,1,0
5,4,0
7,7,0
10,3,0
0,2,0
3,3,0
10,2,0
15,2,0
0,1,0
5,1,0
14,1,0
7,1,0
3,1,0
12,1,0
2,3,0
4,1,0
8,1,0
13,1,0
2,2,0
3,1,0
10,4,0
3,3,0
13,6,0
15,1,0
1,5,0
2,1,0
4,1,0
5,1,0
8,1,0
9,1,0
10,1,0
14,1,0
15,3,0
0,1,0
5,5,0
7,1,0
8,1,0
0,5,0
2,2,0
3,6,0
13,1,0
0,1,0
3,1,0
5,1,0
6,1,0
7,1,0
8,1,0
10,1,0
13,1,0
14,1,0
2,1,0
3,1,0
5,4,0
6,3,0
7,3,0
8,2,0
10,1,0
12,5,0
14,1,0
0,3,0
5,2,0
7,1,0
13,1,0
2,4,0
7,5,0
9,2,0
13,3,0
15,1,0
2,1,0
3,1,0
4,1,0
8,1,0
12,2,0
3,4,0
6,1,0
1,1,0
15,2,0
0,2,0
1,3,0
3,1,0
11,1,0
0,3,0
2,1,0
3,3,0
4,1,0
5,1,0
7,2,0
10,1,0
14,2,0
6,3,0
9,2,0
13,2,0
15,2,0
1,1,0
4,2,0
1,8,0
2,1,0
6,9,0
11,1,0
12,1,0
13,3,0
2,1,0
3,1,0
3,1,0
4,1,0
14,1,0
1,2,0
2,2,0
3,1,0
5,5,0
7,4,0
10,2,0
14,1,0
15,2,0
4,4,0
7,1,0
6,5,0
8,1,0
10,2,0
12,2,0
13,3,0
2,1,0
1,2,0
11,1,0
14,3,0
5,2,0
7,1,0
10,1,0
0,1,0
4,1,0
7,1,0
2,1,0
8,1,0
1,1,0
2,1,0
5,7,0
6,4,0
8,3,0
10,2,0
14,3,0
0,1,0
1,6,0
4,6,0
12,1,0
13,1,0
0,2,0
1,1,0
2,5,0
3,2,0
6,1,0
8,2,0
12,1,0
14,2,0
2,2,0
4,6,0
9,3,0
13,2,0
15,2,0
1,1,0
3,1,0
7,1,0
10,1,0
12,4,0
15,1,0
2,3,0
3,4,0
7,2,0
9,1,0
10,1,0
14,2,0
4,1,0
5,2,0
6,3,0
1,1,0
3,1,0
5,1,0
6,1,0
8,1,0
14,1,0
15,1,0
1,5,0
3,4,0
6,3,0
7,1,0
11,5,0
14,1,0
15,1,0
1,9,0
3,3,0
6,2,0
8,5,0
13,3,0
14,2,0
15,3,0
3,3,0
11,1,0
14,1,0
0,1,0
2,1,0
3,2,0
10,1,0
15,4,0
2,2,0
3,2,0
4,1,0
10,1,0
13,2,0
14,2,0
0,1,0
3,1,0
5,1,0
7,2,0
8,1,0
15,1,0
3,1,0
4,1,0
5,1,0
6,1,0
8,1,0
11,2,0
12,2,0
13,1,0
2,4,0
1,2,0
4,1,0
12,1,0
14,2,0
15,1,0
1,1,0
4,4,0
8,1,0
14,1,0
2,1,0
6,1,0
13,1,0
14,1,0
2,1,0
5,4,0
9,1,0
13,1,0
0,1,0
2,1,0
3,1,0
4,1,0
7,1,0
9,1,0
10,3,0
14,1,0
6,3,0
10,1,0
2,1,0
7,1,0
14,1,0
2,1,0
7,2,0
13,1,0
14,1,0
15,1,0
3,1,0
4,2,0
5,1,0
6,7,0
13,1,0
14,2,0
15,1,0
3,5,0
7,1,0
9,4,0
10,1,0
1,1,0
9,1,0
10,1,0
14,1,0
1,1,0
3,1,0
13,2,0
4,1,0
7,1,0
10,3,0
14,3,0
15,1,0
8,1,0
12,9,0
14,1,0
15,1,0
14,1,0
15,1,0
3,1,0
9,2,0
10,1,0
12,1,0
3,1,0
4,1,0
11,2,0
7,2,0
14,3,0
0,2,0
1,3,0
2,1,0
3,2,0
8,1,0
11,1,0
13,1,0
6,1,0
7,1,0
13,2,0
3,1,0
8,1,0
12,3,0
10,2,0
2,1,0
5,5,0
10,3,0
12,4,0
13,1,0
14,1,0
7,2,0
8,1,0
11,1,0
1,4,0
2,3,0
3,1,0
7,1,0
8,1,0
10,2,0
11,1,0
13,1,0
14,1,0
15,1,0
2,5,0
6,1,0
7,5,0
10,2,0
11,2,0
12,3,0
13,3,0
14,2,0
0,1,0
3,2,0
5,1,0
13,1,0
14,1,0
15,1,0
10,1,0
1,6,0
5,2,0
10,1,0
13,7,0
14,2,0
0,1,0
12,1,0
2,1,0
12,1,0
13,1,0
14,1,0
9,3,0
13,6,0
4,2,0
7,2,0
12,2,0
15,2,0
2,1,0
12,1,0
2,2,0
3,1,0
4,1,0
13,2,0
3,2,0
7,1,0
11,1,0
12,2,0
13,1,0
15,1,0
0,1,0
5,2,0
13,7,0
13,4,0
1,1,0
8,2,0
12,1,0
2,1,0
4,3,0
13,2,0
3,3,0
4,1,0
6,3,0
15,3,0
10,1,0
13,2,0
12,1,0
4,2,0
7,1,0
0,2,0
1,1,0
2,1,0
4,1,0
6,4,0
9,1,0
12,3,0
14,1,0
15,5,0
1,1,0
6,1,0
7,1,0
12,1,0
2,1,0
3,1,0
11,1,0
13,2,0
7,1,0
15,4,0
0,1,0
5,1,0
6,1,0
8,1,0
14,1,0
1,4,0
3,1,0
14,1,0
0,2,0
1,3,0
2,4,0
3,4,0
5,6,0
7,3,0
9,3,0
11,4,0
12,3,0
13,10,0
14,5,0
15,3,0
5,1,0
0,4,0
8,6,0
10,2,0
13,1,0
2,1,0
8,1,0
9,4,0
3,1,0
5,1,0
8,1,0
12,5,0
1,1,0
3,2,0
7,6,0
2,1,0
3,1,0
7,1,0
12,4,0
14,2,0
1,2,0
3,1,0
5,4,0
14,10,0
2,1,0
3,1,0
4,1,0
6,1,0
11,1,0
12,8,0
15,2,0
7,3,0
2,1,0
10,4,0
12,1,0
13,1,0
2,1,0
9,5,0
2,2,0
7,1,0
13,1,0
14,2,0
10,3,0
4,1,0
7,4,0
12,1,0
13,1,0
15,1,0
1,2,0
3,1,0
4,2,0
13,1,0
7,1,0
9,4,0
2,1,0
14,5,0
2,1,0
5,1,0
8,1,0
9,1,0
11,1,0
13,3,0
14,2,0
2,4,0
12,6,0
15,2,0
2,3,0
3,3,0
8,3,0
9,4,0
4,1,0
5,2,0
8,1,0
10,1,0
15,1,0
2,3,0
5,1,0
12,2,0
15,2,0
14,1,0
2,3,0
10,4,0
12,4,0
1,1,0
5,2,0
14,1,0
5,2,0
12,1,0
0,1,0
2,3,0
7,2,0
14,1,0
15,1,0
9,2,0
15,4,0
13,1,0
14,1,0
8,3,0
0,4,0
1,3,0
3,2,0
11,2,0
13,1,0
14,1,0
9,6,0
13,4,0
14,1,0
15,5,0
5,1,0
7,1,0
8,1,0
13,1,0
14,1,0
5,1,0
10,1,0
13,1,0
0,1,0
1,1,0
6,1,0
8,1,0
12,1,0
14,1,0
2,9,0
4,1,0
8,2,0
11,1,0
2,1,0
10,1,0
3,2,0
10,1,0
4,1,0
12,8,0
13,2,0
2,2,0
10,5,0
3,1,0
9,1,0
14,1,0
2,6,0
3,1,0
10,1,0
11,4,0
14,1,0
0,1,0
4,1,0
6,1,0
9,1,0
10,3,0
13,3,0
15,5,0
13,1,0
0,1,0
2,1,0
10,3,0
12,1,0
0,2,0
3,1,0
5,2,0
7,1,0
8,2,0
14,1,0
2,1,0
8,2,0
15,1,0
9,4,0
15,2,0
2,2,0
3,3,0
7,2,0
10,1,0
13,3,0
15,2,0
1,1,0
6,2,0
13,1,0
15,1,0
1,9,0
15,2,0
2,9,0
9,2,0
11,2,0
14,2,0
2,1,0
6,3,0
8,1,0
10,1,0
13,1,0
14,1,0
3,1,0
9,1,0
10,1,0
14,1,0
1,1,0
2,1,0
3,6,0
5,1,0
7,1,0
8,2,0
11,7,0
13,2,0
15,1,0
4,1,0
7,1,0
8,1,0
11,2,0
13,1,0
15,1,0
0,1,0
3,6,0
8,1,0
9,1,0
10,1,0
3,3,0
6,3,0
12,3,0
15,4,0
3,1,0
5,4,0
13,1,0
14,1,0
2,2,0
14,1,0
0,1,0
8,2,0
12,13,0
2,1,0
3,1,0
4,1,0
5,1,0
9,1,0
12,1,0
13,2,0
14,1,0
2,3,0
0,5,0
4,2,0
5,4,0
11,2,0
12,2,0
0,1,0
5,1,0
14,1,0
1,2,0
4,1,0
6,2,0
7,2,0
8,2,0
10,1,0
11,1,0
12,2,0
13,2,0
0,1,0
1,1,0
12,1,0
15,1,0
0,3,0
5,4,0
12,4,0
13,2,0
14,2,0
2,2,0
4,3,0
10,1,0
14,2,0
7,1,0
11,1,0
2,1,0
10,3,0
12,1,0
2,1,0
4,1,0
8,1,0
9,1,0
11,1,0
12,1,0
13,1,0
14,1,0
0,3,0
2,3,0
3,2,0
5,3,0
14,3,0
1,1,0
13,1,0
14,1,0
0,3,0
9,4,0
13,3,0
14,2,0
0,1,0
10,2,0
13,2,0
0,1,0
2,4,0
3,1,0
4,3,0
7,1,0
9,1,0
13,4,0
14,1,0
15,3,0
0,3,0
3,1,0
4,1,0
6,2,0
10,1,0
12,2,0
13,3,0
14,1,0
10,1,0
1,1,0
8,1,0
13,1,0
14,3,0
3,1,0
2,3,0
6,2,0
8,4,0
14,2,0
0,1,0
2,1,0
4,1,0
7,1,0
2,1,0
3,1,0
8,1,0
13,1,0
1,10,0
6,2,0
10,11,0
3,1,0
7,1,0
14,1,0
3,1,0
4,2,0
6,2,0
8,1,0
9,1,0
13,4,0
14,1,0
15,4,0
1,2,0
10,3,0
13,5,0
15,3,0
1,1,0
3,1,0
4,1,0
5,1,0
6,1,0
13,1,0
2,2,0
12,2,0
14,2,0
4,1,0
6,1,0
8,2,0
14,1,0
4,1,0
0,1,0
1,1,0
3,1,0
4,1,0
6,1,0
7,1,0
8,1,0
13,2,0
3,2,0
5,1,0
9,2,0
13,2,0
15,1,0
11,5,0
11,1,0
9,2,0
1,3,0
5,1,0
10,5,0
13,1,0
14,1,0
15,1,0
13,2,0
4,1,0
15,4,0
14,1,0
2,5,0
10,1,0
2,1,0
15,2,0
2,2,0
3,2,0
12,3,0
14,5,0
7,3,0
13,1,0
14,3,0
2,2,0
14,1,0
0,1,0
10,1,0
2,1,0
7,1,0
15,1,0
2,6,0
3,6,0
9,1,0
10,2,0
13,3,0
1,1,0
2,3,0
5,1,0
7,1,0
8,1,0
11,1,0
2,1,0
0,2,0
2,2,0
3,1,0
4,1,0
7,1,0
12,1,0
13,1,0
14,1,0
14,1,0
1,4,0
3,4,0
4,4,0
5,7,0
6,3,0
9,1,0
10,2,0
15,2,0
4,1,0
6,1,0
8,1,0
14,2,0
12,3,0
2,1,0
14,1,0
1,1,0
1,1,0
3,1,0
4,1,0
5,1,0
14,1,0
0,8,0
1,3,0
3,6,0
7,5,0
8,4,0
13,1,0
14,1,0
4,1,0
10,1,0
8,5,0
0,1,0
3,5,0
9,8,0
12,2,0
13,1,0
14,2,0
2,1,0
7,4,0
10,1,0
14,1,0
0,1,0
6,1,0
3,1,0
6,2,0
10,1,0
12,1,0
13,2,0
14,3,0
12,3,0
13,3,0
2,1,0
5,1,0
7,1,0
11,1,0
15,3,0
2,1,0
5,7,0
7,3,0
14,5,0
3,3,0
12,2,0
14,2,0
8,1,0
14,1,0
15,5,0
0,1,0
3,2,0
7,2,0
8,1,0
13,1,0
2,1,0
3,1,0
6,2,0
8,1,0
11,4,0
12,1,0
13,1,0
14,1,0
2,4,0
6,2,0
8,2,0
12,3,0
13,6,0
14,3,0
15,3,0
0,8,0
7,3,0
15,6,0
3,2,0
4,2,0
10,1,0
13,1,0
14,2,0
1,1,0
2,3,0
4,1,0
6,3,0
8,4,0
5,1,0
13,1,0
14,1,0
15,1,0
1,2,0
15,2,0
2,1,0
12,3,0
4,2,0
7,1,0
10,4,0
14,1,0
15,2,0
0,2,0
1,2,0
3,2,0
4,2,0
6,2,0
7,2,0
8,2,0
10,1,0
14,2,0
15,2,0
3,8,0
7,1,0
12,2,0
13,1,0
5,3,0
10,1,0
12,4,0
13,1,0
15,1,0
1,1,0
7,1,0
12,1,0
14,1,0
2,2,0
10,1,0
13,1,0
2,1,0
5,2,0
8,2,0
13,1,0
14,2,0
3,3,0
0,1,0
6,1,0
11,3,0
14,1,0
15,1,0
5,1,0
7,1,0
12,3,0
13,1,0
14,1,0
3,1,0
7,1,0
5,1,0
8,2,0
10,1,0
14,3,0
1,4,0
2,1,0
9,3,0
10,1,0
14,1,0
15,1,0
3,2,0
8,2,0
2,1,0
5,2,0
13,1,0
15,1,0
7,2,0
14,5,0
0,1,0
2,1,0
3,1,0
14,2,0
1,1,0
5,2,0
6,1,0
7,1,0
9,1,0
14,2,0
3,1,0
13,1,0
15,1,0
0,1,0
1,1,0
5,1,0
12,1,0
2,3,0
3,1,0
8,4,0
14,1,0
0,5,0
1,1,0
3,5,0
4,11,0
5,5,0
7,6,0
8,1,0
9,1,0
10,7,0
12,4,0
13,1,0
14,4,0
2,1,0
3,1,0
5,1,0
12,1,0
14,1,0
1,1,0
2,3,0
3,6,0
4,1,0
9,3,0
11,1,0
13,1,0
15,1,0
1,2,0
2,2,0
3,2,0
5,3,0
8,3,0
9,2,0
12,4,0
13,3,0
2,5,0
4,1,0
5,6,0
6,1,0
7,1,0
9,1,0
14,3,0
15,12,0
1,1,0
3,2,0
5,1,0
7,5,0
8,1,0
10,1,0
14,1,0
1,3,0
10,1,0
13,1,0
0,2,0
3,4,0
6,3,0
7,2,0
8,3,0
9,2,0
13,2,0
5,2,0
11,1,0
5,2,0
6,4,0
7,3,0
9,2,0
10,2,0
12,2,0
14,2,0
15,3,0
2,1,0
3,1,0
4,3,0
6,1,0
8,1,0
9,1,0
14,1,0
1,1,0
10,1,0
13,1,0
15,1,0
2,2,0
3,1,0
5,1,0
7,1,0
8,1,0
10,2,0
12,1,0
13,1,0
14,1,0
1,2,0
3,2,0
4,5,0
15,3,0
1,6,0
4,1,0
6,1,0
11,1,0
13,2,0
7,1,0
14,2,0
0,4,0
3,1,0
7,2,0
4,1,0
11,1,0
4,1,0
14,1,0
15,1,0
5,1,0
9,1,0
11,2,0
12,1,0
15,2,0
0,1,0
2,1,0
3,1,0
6,2,0
10,1,0
12,1,0
15,2,0
8,1,0
13,5,0
2,1,0
10,1,0
14,1,0
2,1,0
3,1,0
7,1,0
10,2,0
12,1,0
13,3,0
14,1,0
4,1,0
7,1,0
10,1,0
13,1,0
15,1,0
3,1,0
6,1,0
13,1,0
2,1,0
3,1,0
4,1,0
6,6,0
8,1,0
12,1,0
1,2,0
2,1,0
8,2,0
10,1,0
11,8,0
14,4,0
1,1,0
2,2,0
7,1,0
0,1,0
1,1,0
3,1,0
5,1,0
8,1,0
13,1,0
14,1,0
15,1,0
6,2,0
15,1,0
2,1,0
3,1,0
7,2,0
8,1,0
9,1,0
10,1,0
12,1,0
14,1,0
0,2,0
5,2,0
7,2,0
11,2,0
15,1,0
7,1,0
12,1,0
2,3,0
3,1,0
10,1,0
11,1,0
13,1,0
14,1,0
15,1,0
1,3,0
2,1,0
3,3,0
6,2,0
9,1,0
10,2,0
13,1,0
14,1,0
3,1,0
6,1,0
2,1,0
10,1,0
0,9,0
2,1,0
3,1,0
6,1,0
7,1,0
8,1,0
3,1,0
5,1,0
10,1,0
13,1,0
15,1,0
2,2,0
8,2,0
13,2,0
2,1,0
3,1,0
4,1,0
5,1,0
3,3,0
7,6,0
10,2,0
14,1,0
2,1,0
8,2,0
14,2,0
2,1,0
7,1,0
12,1,0
13,1,0
14,1,0
0,1,0
5,1,0
14,1,0
2,3,0
3,2,0
5,1,0
9,3,0
10,6,0
13,2,0
14,1,0
15,2,0
3,2,0
7,3,0
14,1,0
4,1,0
7,1,0
10,9,0
0,1,0
3,1,0
4,2,0
7,1,0
10,3,0
13,1,0
14,1,0
0,3,0
1,3,0
8,1,0
11,1,0
12,2,0
14,1,0
15,1,0
3,1,0
7,1,0
8,2,0
11,1,0
0,5,0
2,2,0
3,2,0
5,3,0
12,2,0
13,2,0
14,2,0
1,1,0
2,1,0
3,1,0
4,6,0
5,1,0
6,1,0
7,4,0
8,1,0
9,9,0
10,5,0
11,1,0
14,3,0
15,1,0
5,1,0
13,1,0
2,1,0
3,1,0
5,1,0
9,1,0
10,1,0
12,1,0
13,1,0
15,8,0
0,1,0
4,3,0
5,1,0
9,1,0
13,1,0
15,2,0
2,1,0
4,1,0
2,1,0
4,1,0
7,7,0
10,1,0
13,1,0
14,1,0
5,2,0
9,2,0
10,2,0
12,4,0
2,1,0
3,2,0
5,2,0
7,2,0
10,2,0
15,1,0
3,1,0
4,1,0
6,1,0
13,1,0
14,2,0
6,1,0
5,1,0
11,1,0
10,1,0
1,2,0
3,1,0
9,1,0
10,10,0
12,2,0
15,3,0
4,1,0
8,1,0
9,3,0
10,1,0
15,1,0
7,2,0
15,2,0
2,1,0
7,6,0
8,4,0
10,4,0
14,1,0
15,2,0
4,1,0
8,1,0
2,1,0
3,1,0
4,12,0
10,3,0
12,3,0
1,1,0
2,1,0
3,1,0
4,1,0
6,1,0
7,1,0
8,2,0
9,1,0
10,2,0
12,1,0
14,1,0
15,1,0
5,1,0
13,1,0
11,1,0
14,2,0
3,2,0
5,3,0
8,2,0
12,2,0
14,1,0
7,1,0
2,1,0
3,3,0
5,3,0
12,2,0
1,4,0
2,2,0
3,3,0
15,4,0
3,2,0
15,3,0
1,3,0
4,1,0
8,1,0
10,1,0
12,1,0
13,2,0
15,1,0
7,1,0
12,4,0
2,1,0
4,1,0
7,1,0
14,2,0
15,1,0
2,1,0
5,2,0
8,1,0
13,1,0
2,2,0
4,3,0
8,3,0
13,2,0
15,7,0
2,3,0
3,1,0
7,1,0
11,1,0
13,7,0
3,2,0
4,1,0
13,1,0
1,2,0
2,1,0
14,1,0
2,4,0
6,1,0
7,1,0
9,1,0
10,1,0
12,1,0
13,1,0
0,1,0
5,1,0
8,1,0
13,1,0
14,2,0
0,6,0
1,1,0
2,1,0
3,2,0
4,1,0
5,1,0
8,1,0
9,1,0
10,1,0
12,1,0
13,3,0
14,1,0
15,1,0
2,3,0
8,2,0
12,2,0
15,3,0
4,3,0
6,1,0
10,1,0
15,1,0
2,1,0
3,1,0
4,1,0
7,1,0
12,3,0
14,1,0
3,6,0
4,2,0
8,2,0
2,5,0
12,5,0
12,4,0
2,2,0
3,4,0
5,3,0
9,4,0
14,3,0
9,1,0
12,1,0
0,1,0
4,4,0
6,1,0
10,3,0
2,2,0
7,2,0
9,3,0
13,2,0
14,3,0
3,1,0
1,1,0
13,1,0
15,1,0
2,6,0
5,2,0
11,1,0
7,4,0
12,1,0
0,2,0
2,1,0
3,1,0
8,1,0
11,1,0
12,1,0
13,1,0
14,2,0
2,2,0
7,3,0
12,5,0
14,2,0
3,1,0
4,1,0
6,1,0
8,1,0
3,2,0
8,1,0
11,1,0
13,1,0
0,1,0
5,1,0
12,1,0
13,6,0
2,1,0
14,1,0
9,2,0
11,4,0
14,2,0
15,2,0
2,1,0
4,3,0
5,3,0
8,3,0
12,1,0
1,2,0
2,9,0
7,3,0
8,3,0
10,2,0
11,3,0
15,3,0
6,3,0
8,2,0
10,1,0
13,7,0
15,4,0
5,1,0
7,1,0
1,3,0
2,2,0
15,1,0
0,2,0
3,2,0
5,1,0
7,3,0
11,2,0
14,3,0
0,1,0
2,1,0
9,1,0
10,4,0
12,3,0
0,1,0
1,1,0
5,2,0
10,1,0
12,1,0
15,1,0
3,1,0
5,1,0
8,1,0
10,1,0
14,2,0
1,2,0
2,1,0
3,1,0
13,2,0
15,1,0
1,1,0
2,1,0
3,1,0
5,1,0
9,1,0
13,1,0
14,1,0
10,5,0
2,1,0
3,2,0
14,2,0
7,3,0
13,3,0
1,1,0
10,6,0
11,1,0
12,1,0
2,1,0
5,1,0
15,1,0
10,1,0
15,1,0
0,1,0
6,2,0
7,5,0
10,4,0
12,1,0
13,1,0
15,1,0
0,9,0
2,1,0
3,1,0
8,1,0
9,1,0
13,1,0
14,2,0
15,1,0
3,3,0
7,1,0
10,3,0
13,4,0
14,3,0
15,4,0
0,6,0
6,2,0
9,5,0
10,1,0
12,6,0
14,9,0
2,7,0
3,1,0
4,1,0
12,6,0
13,1,0
0,1,0
3,1,0
6,1,0
9,1,0
13,1,0
14,1,0
0,1,0
1,1,0
4,3,0
6,1,0
8,1,0
11,1,0
13,1,0
8,2,0
12,2,0
14,1,0
15,1,0
1,6,0
9,2,0
2,1,0
4,5,0
7,4,0
3,1,0
4,1,0
6,1,0
9,1,0
11,1,0
13,1,0
2,1,0
7,1,0
8,1,0
3,1,0
11,1,0
15,1,0
4,1,0
6,2,0
12,3,0
14,1,0
0,2,0
2,1,0
3,1,0
4,1,0
5,1,0
9,1,0
10,3,0
14,1,0
15,1,0
4,1,0
5,2,0
6,2,0
8,2,0
13,1,0
14,1,0
6,11,0
12,4,0
12,1,0
13,1,0
14,1,0
2,1,0
7,2,0
10,2,0
11,2,0
6,1,0
12,5,0
13,3,0
2,3,0
14,2,0
12,1,0
4,2,0
10,1,0
14,1,0
2,5,0
14,3,0
4,1,0
10,1,0
13,1,0
14,1,0
0,1,0
3,1,0
6,1,0
8,1,0
12,3,0
13,1,0
2,2,0
12,2,0
5,1,0
13,1,0
14,2,0
2,3,0
7,1,0
10,2,0
13,3,0
14,1,0
2,2,0
3,1,0
5,4,0
9,1,0
11,5,0
14,1,0
15,1,0
0,2,0
0,4,0
5,3,0
7,2,0
0,2,0
1,2,0
3,2,0
2,1,0
2,2,0
3,2,0
10,7,0
12,7,0
13,1,0
14,1,0
7,1,0
13,3,0
3,1,0
3,1,0
4,1,0
6,1,0
10,6,0
13,2,0
15,1,0
2,4,0
3,2,0
13,1,0
7,1,0
10,1,0
13,2,0
15,1,0
3,1,0
4,1,0
15,2,0
2,1,0
3,1,0
11,3,0
12,1,0
2,2,0
3,3,0
4,2,0
6,1,0
8,4,0
10,3,0
11,1,0
15,7,0
3,1,0
4,1,0
7,1,0
8,1,0
9,1,0
12,1,0
13,1,0
14,6,0
1,2,0
3,2,0
4,2,0
14,1,0
15,1,0
4,3,0
12,3,0
15,1,0
2,2,0
5,1,0
9,5,0
12,1,0
13,1,0
15,3,0
5,1,0
6,2,0
8,1,0
9,1,0
10,1,0
14,1,0
3,1,0
4,5,0
10,1,0
2,3,0
10,8,0
1,1,0
2,1,0
3,4,0
13,1,0
14,1,0
15,1,0
2,2,0
6,2,0
9,3,0
14,3,0
10,3,0
14,1,0
1,1,0
2,1,0
6,1,0
7,1,0
9,1,0
13,1,0
14,1,0
15,1,0
4,4,0
10,1,0
12,1,0
15,1,0
2,1,0
4,1,0
6,1,0
15,1,0
2,1,0
3,1,0
4,1,0
5,4,0
8,3,0
11,2,0
2,1,0
3,1,0
4,1,0
5,1,0
8,1,0
14,1,0
1,1,0
5,5,0
6,2,0
8,2,0
12,3,0
14,2,0
1,2,0
2,3,0
3,2,0
4,2,0
5,3,0
14,3,0
15,3,0
0,2,0
5,2,0
6,4,0
7,4,0
8,6,0
9,2,0
11,3,0
12,2,0
13,2,0
14,2,0
0,1,0
2,1,0
13,1,0
15,1,0
11,1,0
12,2,0
14,1,0
2,1,0
10,1,0
11,1,0
12,3,0
13,1,0
2,1,0
7,1,0
8,1,0
13,1,0
15,1,0
4,1,0
8,2,0
9,1,0
11,5,0
12,1,0
13,5,0
3,2,0
4,1,0
5,1,0
10,1,0
13,1,0
15,1,0
2,1,0
3,1,0
4,1,0
10,1,0
12,1,0
14,1,0
2,2,0
4,1,0
9,2,0
14,1,0
2,1,0
3,1,0
4,1,0
3,1,0
6,2,0
14,4,0
15,1,0
14,2,0
0,2,0
1,3,0
2,1,0
3,1,0
4,2,0
5,5,0
9,1,0
10,1,0
14,2,0
15,2,0
2,3,0
4,1,0
8,1,0
12,1,0
13,4,0
15,1,0
8,1,0
15,6,0
1,2,0
2,4,0
9,1,0
12,1,0
14,1,0
15,1,0
6,1,0
12,1,0
14,1,0
7,2,0
13,6,0
1,2,0
5,1,0
14,1,0
2,1,0
4,2,0
5,1,0
7,2,0
1,1,0
2,1,0
10,1,0
12,1,0
0,1,0
3,1,0
12,1,0
7,1,0
15,1,0
2,1,0
3,1,0
4,1,0
7,1,0
12,3,0
13,1,0
14,1,0
15,1,0
2,1,0
5,6,0
10,3,0
13,3,0
14,1,0
3,1,0
2,2,0
3,4,0
0,2,0
8,4,0
11,2,0
15,1,0
2,3,0
4,1,0
9,1,0
10,1,0
15,3,0
7,1,0
15,1,0
3,3,0
12,1,0
5,1,0
0,3,0
2,1,0
3,3,0
4,1,0
9,1,0
10,2,0
15,3,0
3,1,0
1,3,0
2,1,0
4,1,0
14,1,0
0,2,0
1,1,0
2,2,0
3,2,0
5,3,0
8,1,0
12,1,0
13,1,0
14,1,0
4,1,0
10,1,0
0,1,0
10,1,0
11,4,0
12,4,0
13,1,0
15,1,0
1,1,0
3,1,0
7,1,0
10,1,0
0,1,0
2,5,0
3,1,0
4,1,0
11,1,0
14,1,0
15,1,0
3,1,0
4,1,0
10,1,0
9,1,0
10,1,0
11,2,0
14,1,0
1,1,0
10,1,0
15,1,0
0,1,0
3,9,0
5,2,0
10,3,0
3,1,0
4,5,0
9,2,0
11,1,0
13,1,0
0,1,0
5,1,0
13,1,0
2,1,0
7,2,0
12,1,0
14,1,0
15,1,0
12,1,0
14,1,0
3,1,0
8,1,0
11,1,0
14,1,0
10,1,0
5,1,0
0,1,0
1,1,0
2,1,0
5,2,0
7,1,0
8,1,0
10,1,0
15,1,0
1,16,0
1,1,0
2,3,0
9,2,0
2,2,0
3,3,0
2,1,0
3,1,0
7,1,0
8,1,0
10,1,0
8,1,0
10,1,0
3,2,0
12,1,0
8,1,0
9,2,0
14,1,0
3,3,0
10,2,0
12,3,0
14,1,0
0,1,0
4,2,0
5,2,0
10,1,0
13,3,0
14,2,0
0,4,0
1,1,0
12,1,0
0,2,0
2,1,0
3,1,0
4,1,0
8,1,0
9,2,0
12,1,0
15,1,0
2,1,0
9,1,0
3,8,0
13,2,0
14,2,0
0,2,0
1,3,0
2,1,0
10,2,0
13,2,0
15,5,0
5,2,0
8,3,0
13,2,0
0,1,0
2,1,0
8,1,0
9,2,0
10,2,0
11,7,0
12,1,0
14,1,0
1,1,0
5,3,0
10,1,0
13,1,0
0,1,0
2,1,0
3,1,0
4,1,0
5,2,0
7,1,0
8,1,0
12,1,0
2,3,0
5,2,0
7,1,0
8,2,0
9,1,0
13,1,0
14,1,0
15,6,0
3,1,0
4,1,0
5,4,0
9,1,0
14,1,0
2,4,0
10,7,0
12,5,0
13,2,0
15,2,0
1,1,0
5,1,0
12,1,0
0,1,0
2,1,0
5,2,0
10,1,0
14,1,0
0,2,0
1,2,0
7,1,0
8,5,0
15,4,0
2,1,0
4,2,0
7,1,0
0,3,0
2,7,0
3,1,0
4,1,0
5,1,0
9,2,0
11,1,0
12,1,0
13,1,0
14,2,0
11,3,0
13,1,0
1,1,0
3,1,0
7,1,0
8,1,0
11,1,0
12,1,0
14,1,0
15,1,0
7,1,0
12,4,0
5,2,0
8,5,0
9,2,0
10,2,0
14,2,0
0,1,0
7,1,0
10,11,0
13,1,0
1,3,0
2,3,0
3,4,0
4,5,0
5,5,0
6,3,0
8,5,0
9,4,0
13,3,0
14,4,0
15,4,0
0,1,0
1,2,0
2,1,0
7,1,0
12,1,0
2,3,0
3,1,0
4,1,0
4,1,0
5,1,0
8,3,0
9,4,0
10,1,0
14,1,0
2,1,0
4,1,0
8,1,0
9,2,0
14,1,0
0,6,0
2,1,0
3,1,0
12,1,0
13,2,0
14,1,0
6,2,0
13,4,0
1,1,0
3,1,0
5,2,0
6,1,0
7,1,0
12,1,0
14,1,0
2,1,0
3,2,0
5,1,0
6,1,0
12,1,0
13,1,0
15,1,0
6,1,0
7,1,0
8,1,0
9,5,0
14,1,0
3,1,0
4,1,0
7,1,0
13,1,0
14,1,0
0,1,0
3,1,0
12,1,0
14,1,0
1,4,0
2,1,0
3,3,0
4,1,0
5,2,0
6,1,0
7,1,0
8,1,0
9,1,0
10,2,0
11,1,0
12,2,0
13,2,0
14,2,0
4,1,0
5,2,0
8,1,0
10,1,0
14,1,0
15,1,0
2,1,0
7,1,0
8,1,0
9,2,0
12,1,0
13,1,0
14,1,0
4,3,0
7,3,0
12,2,0
1,1,0
3,1,0
5,1,0
6,4,0
8,1,0
10,1,0
11,1,0
13,1,0
14,1,0
1,1,0
3,7,0
11,3,0
14,1,0
0,1,0
1,3,0
8,1,0
9,6,0
12,2,0
13,1,0
2,4,0
5,1,0
8,3,0
10,3,0
14,1,0
0,1,0
2,1,0
3,3,0
7,2,0
9,1,0
0,3,0
2,2,0
8,4,0
9,4,0
13,6,0
2,2,0
3,1,0
4,1,0
5,1,0
8,1,0
9,1,0
12,5,0
14,1,0
2,5,0
13,1,0
2,1,0
10,1,0
12,1,0
13,1,0
14,1,0
3,1,0
5,1,0
6,1,0
3,1,0
13,2,0
6,1,0
9,1,0
11,1,0
12,1,0
13,1,0
15,1,0
9,2,0
14,1,0
2,3,0
3,3,0
7,3,0
9,1,0
10,1,0
12,3,0
14,3,0
15,3,0
4,1,0
9,1,0
14,1,0
0,2,0
3,2,0
4,2,0
7,2,0
8,2,0
13,2,0
14,2,0
1,1,0
3,1,0
8,1,0
15,1,0
2,1,0
12,1,0
0,1,0
1,1,0
2,1,0
3,1,0
8,1,0
10,1,0
13,1,0
4,4,0
10,1,0
12,1,0
1,2,0
3,1,0
4,1,0
8,2,0
9,1,0
12,1,0
14,1,0
6,1,0
7,1,0
8,1,0
10,3,0
12,1,0
14,1,0
15,1,0
11,1,0
15,1,0
3,1,0
5,1,0
7,1,0
15,1,0
12,5,0
14,8,0
1,1,0
6,1,0
11,1,0
12,1,0
13,1,0
5,1,0
13,1,0
15,1,0
1,1,0
2,1,0
4,2,0
7,1,0
8,1,0
12,1,0
2,2,0
13,2,0
3,1,0
9,1,0
10,1,0
14,1,0
7,1,0
12,1,0
14,1,0
2,2,0
9,1,0
12,1,0
13,1,0
14,1,0
3,4,0
10,1,0
0,7,0
13,1,0
1,1,0
3,1,0
10,1,0
15,1,0
0,4,0
1,4,0
4,1,0
5,1,0
6,1,0
7,1,0
12,2,0
14,1,0
2,1,0
9,1,0
15,2,0
1,2,0
2,3,0
5,1,0
12,1,0
14,1,0
7,1,0
15,1,0
2,3,0
7,2,0
12,1,0
2,1,0
11,1,0
15,1,0
0,1,0
1,1,0
3,2,0
6,4,0
8,1,0
3,1,0
8,1,0
12,3,0
13,1,0
14,1,0
11,5,0
2,1,0
3,1,0
4,1,0
5,4,0
6,1,0
12,1,0
14,1,0
3,1,0
7,1,0
15,1,0
2,1,0
4,1,0
1,1,0
2,1,0
3,1,0
4,2,0
6,1,0
13,1,0
14,1,0
15,2,0
2,2,0
8,1,0
9,3,0
1,1,0
5,1,0
10,1,0
13,1,0
14,2,0
3,2,0
14,11,0
15,1,0
0,1,0
3,1,0
12,1,0
14,1,0
3,2,0
5,1,0
7,2,0
3,1,0
5,1,0
7,1,0
9,1,0
12,1,0
13,1,0
14,1,0
15,1,0
1,2,0
2,1,0
3,1,0
8,1,0
9,1,0
10,1,0
12,1,0
14,1,0
15,2,0
3,1,0
12,1,0
14,1,0
3,2,0
13,1,0
14,1,0
15,1,0
9,1,0
10,1,0
13,1,0
14,1,0
3,1,0
1,1,0
2,1,0
3,1,0
8,5,0
10,2,0
14,1,0
1,2,0
2,1,0
5,1,0
2,1,0
6,1,0
9,1,0
10,2,0
12,1,0
13,1,0
14,1,0
15,2,0
5,1,0
13,1,0
2,1,0
6,1,0
7,1,0
8,2,0
9,1,0
10,5,0
11,1,0
13,1,0
1,1,0
10,1,0
11,2,0
14,1,0
7,2,0
13,1,0
14,9,0
12,2,0
5,2,0
7,1,0
10,2,0
12,5,0
13,1,0
14,2,0
15,1,0
0,2,0
3,2,0
9,2,0
10,5,0
11,2,0
12,2,0
13,2,0
14,2,0
2,6,0
3,5,0
4,9,0
8,6,0
9,5,0
10,5,0
12,5,0
13,3,0
14,6,0
15,1,0
1,1,0
2,1,0
4,1,0
8,3,0
11,1,0
12,1,0
0,1,0
12,1,0
3,1,0
10,2,0
14,1,0
0,1,0
3,1,0
5,2,0
7,1,0
9,1,0
13,1,0
15,1,0
2,4,0
4,1,0
5,1,0
7,1,0
4,4,0
7,1,0
8,7,0
14,1,0
0,4,0
2,1,0
3,1,0
7,1,0
10,1,0
14,1,0
10,1,0
12,1,0
0,3,0
3,1,0
12,1,0
15,1,0
5,1,0
14,2,0
1,2,0
4,1,0
6,1,0
8,1,0
11,2,0
1,1,0
2,1,0
2,1,0
4,2,0
8,1,0
9,1,0
10,1,0
14,1,0
4,1,0
6,1,0
15,1,0
2,1,0
3,1,0
7,1,0
13,1,0
2,2,0
3,4,0
4,2,0
6,2,0
10,1,0
11,2,0
13,1,0
14,2,0
15,4,0
7,1,0
7,1,0
1,2,0
3,1,0
1,1,0
14,1,0
2,2,0
13,2,0
3,1,0
7,1,0
10,1,0
13,1,0
14,1,0
1,1,0
7,1,0
12,1,0
0,2,0
5,1,0
8,1,0
13,2,0
14,1,0
15,1,0
2,5,0
3,1,0
6,1,0
10,1,0
3,1,0
4,1,0
10,1,0
14,1,0
0,1,0
2,1,0
4,1,0
7,1,0
8,1,0
9,1,0
12,1,0
14,1,0
15,1,0
12,2,0
13,2,0
10,1,0
0,1,0
10,1,0
15,1,0
0,1,0
2,1,0
10,1,0
14,1,0
15,1,0
3,1,0
10,1,0
14,1,0
3,5,0
4,5,0
8,8,0
9,5,0
12,2,0
1,1,0
15,1,0
0,3,0
10,1,0
14,4,0
0,1,0
13,3,0
14,1,0
2,1,0
7,2,0
8,1,0
12,1,0
13,1,0
15,1,0
9,5,0
12,3,0
13,1,0
3,3,0
4,2,0
5,3,0
7,3,0
9,2,0
11,3,0
14,3,0
15,3,0
2,7,0
1,1,0
0,5,0
3,2,0
4,2,0
5,1,0
9,1,0
13,1,0
2,3,0
7,4,0
13,1,0
0,1,0
1,1,0
2,1,0
3,2,0
5,2,0
8,3,0
9,1,0
14,1,0
3,3,0
5,2,0
8,1,0
9,1,0
10,1,0
12,3,0
13,2,0
3,1,0
7,1,0
12,1,0
14,1,0
15,1,0
4,1,0
13,1,0
14,1,0
2,2,0
4,1,0
6,1,0
8,2,0
11,1,0
12,3,0
2,1,0
4,1,0
14,1,0
15,5,0
2,1,0
3,1,0
7,2,0
12,1,0
13,1,0
15,1,0
0,1,0
3,1,0
4,1,0
7,2,0
11,1,0
15,1,0
2,2,0
3,1,0
4,1,0
6,1,0
9,2,0
12,1,0
15,1,0
8,1,0
12,1,0
1,1,0
2,1,0
3,4,0
6,1,0
7,1,0
8,1,0
10,1,0
12,1,0
13,1,0
14,1,0
2,1,0
13,1,0
14,4,0
10,1,0
14,2,0
3,3,0
4,3,0
5,2,0
8,3,0
13,1,0
2,4,0
5,1,0
8,1,0
10,1,0
8,1,0
10,1,0
1,1,0
2,1,0
3,1,0
4,1,0
6,1,0
7,2,0
8,1,0
10,1,0
11,1,0
12,1,0
13,1,0
15,2,0
2,1,0
3,1,0
4,1,0
5,1,0
6,1,0
7,1,0
8,1,0
9,1,0
12,1,0
13,1,0
14,1,0
15,2,0
3,1,0
4,1,0
12,1,0
1,1,0
4,1,0
6,1,0
8,1,0
10,1,0
13,1,0
0,7,0
3,9,0
12,3,0
14,1,0
0,1,0
3,1,0
4,1,0
5,1,0
6,1,0
7,1,0
8,1,0
12,1,0
13,1,0
15,1,0
5,1,0
12,2,0
13,3,0
4,1,0
10,2,0
15,1,0
1,1,0
2,1,0
3,1,0
7,1,0
13,1,0
2,1,0
3,1,0
6,7,0
7,1,0
11,1,0
14,1,0
15,1,0
6,1,0
7,2,0
8,1,0
2,2,0
7,1,0
12,1,0
3,1,0
7,1,0
7,2,0
12,1,0
13,1,0
0,1,0
2,1,0
11,1,0
2,4,0
10,2,0
1,2,0
14,1,0
3,1,0
4,1,0
5,1,0
11,1,0
14,1,0
15,1,0
3,2,0
7,2,0
10,4,0
14,5,0
15,1,0
1,2,0
3,2,0
5,1,0
12,1,0
13,2,0
14,1,0
7,3,0
14,2,0
15,1,0
3,3,0
8,1,0
13,1,0
14,1,0
3,1,0
7,4,0
1,1,0
2,1,0
3,1,0
5,1,0
8,1,0
9,1,0
10,1,0
12,1,0
14,1,0
13,7,0
3,2,0
10,1,0
12,1,0
14,1,0
15,1,0
7,1,0
9,2,0
10,3,0
12,1,0
13,1,0
14,3,0
2,1,0
4,1,0
7,1,0
8,1,0
14,1,0
3,1,0
6,1,0
8,3,0
14,1,0
7,1,0
9,1,0
11,2,0
13,1,0
1,1,0
9,7,0
12,2,0
13,2,0
15,3,0
3,1,0
5,1,0
13,2,0
14,1,0
0,1,0
2,1,0
3,2,0
4,2,0
6,1,0
8,2,0
9,1,0
13,2,0
15,1,0
1,1,0
3,1,0
13,3,0
5,2,0
9,2,0
12,2,0
0,1,0
5,1,0
12,2,0
14,1,0
5,1,0
6,1,0
9,2,0
12,1,0
14,1,0
0,3,0
6,3,0
7,3,0
8,9,0
9,2,0
10,2,0
15,3,0
5,1,0
2,1,0
6,1,0
8,1,0
4,1,0
8,1,0
10,1,0
13,5,0
14,1,0
5,1,0
10,1,0
12,3,0
13,1,0
14,1,0
0,1,0
1,1,0
2,2,0
4,1,0
5,1,0
6,2,0
7,1,0
8,1,0
9,1,0
10,2,0
12,1,0
14,1,0
12,1,0
1,1,0
3,1,0
8,2,0
12,4,0
15,2,0
7,1,0
15,2,0
3,7,0
7,2,0
3,2,0
7,2,0
9,2,0
7,1,0
8,1,0
12,2,0
5,1,0
7,2,0
1,5,0
2,3,0
3,3,0
5,7,0
7,1,0
8,2,0
10,3,0
14,1,0
0,2,0
3,1,0
4,1,0
0,3,0
2,1,0
4,1,0
5,2,0
9,2,0
3,2,0
13,1,0
8,3,0
13,4,0
1,1,0
2,2,0
3,3,0
4,2,0
5,2,0
9,2,0
12,3,0
14,2,0
5,1,0
7,5,0
10,5,0
15,1,0
2,1,0
7,2,0
15,1,0
2,1,0
6,1,0
8,2,0
13,1,0
15,1,0
3,2,0
11,1,0
12,1,0
14,1,0
2,1,0
3,4,0
5,1,0
7,3,0
9,1,0
14,3,0
4,1,0
2,3,0
3,1,0
13,1,0
0,1,0
1,1,0
3,1,0
13,1,0
14,1,0
2,1,0
12,1,0
13,3,0
2,1,0
4,3,0
1,3,0
2,4,0
7,1,0
9,2,0
13,1,0
14,2,0
3,1,0
8,1,0
9,3,0
10,2,0
12,3,0
14,2,0
15,2,0
13,1,0
12,1,0
0,3,0
12,3,0
0,1,0
3,1,0
4,1,0
11,1,0
1,1,0
3,4,0
10,5,0
2,2,0
9,1,0
10,2,0
12,1,0
13,1,0
14,2,0
10,1,0
4,4,0
7,2,0
11,3,0
14,1,0
0,1,0
2,1,0
4,1,0
7,1,0
8,2,0
13,1,0
14,2,0
15,1,0
0,1,0
3,2,0
5,1,0
10,4,0
3,1,0
7,1,0
9,1,0
13,1,0
2,1,0
3,3,0
14,2,0
2,1,0
3,1,0
10,1,0
14,1,0
6,3,0
14,1,0
3,8,0
12,1,0
0,1,0
2,4,0
3,2,0
6,1,0
7,1,0
11,1,0
15,1,0
8,6,0
1,2,0
8,1,0
2,3,0
8,1,0
15,1,0
2,1,0
7,5,0
14,1,0
0,3,0
4,3,0
7,1,0
10,3,0
12,3,0
14,3,0
1,4,0
3,1,0
10,1,0
12,1,0
14,1,0
13,1,0
8,1,0
11,1,0
3,1,0
9,1,0
12,1,0
14,2,0
3,1,0
4,1,0
5,1,0
6,2,0
12,1,0
13,1,0
15,1,0
3,2,0
10,5,0
13,2,0
0,1,0
12,1,0
2,2,0
5,1,0
2,6,0
5,1,0
10,1,0
13,1,0
0,3,0
2,1,0
4,3,0
8,3,0
9,1,0
12,3,0
14,2,0
0,1,0
1,1,0
5,1,0
6,1,0
8,1,0
10,1,0
12,1,0
13,1,0
14,1,0
15,2,0
2,1,0
4,1,0
0,1,0
1,2,0
2,3,0
3,2,0
10,1,0
12,6,0
14,2,0
5,1,0
13,2,0
0,1,0
2,3,0
5,1,0
8,1,0
10,1,0
13,2,0
14,1,0
15,9,0
1,14,0
13,3,0
11,1,0
6,2,0
10,2,0
13,7,0
14,1,0
1,3,0
3,1,0
1,2,0
3,2,0
5,2,0
7,2,0
10,3,0
12,2,0
14,2,0
15,2,0
10,1,0
4,1,0
5,1,0
7,1,0
8,1,0
15,1,0
3,1,0
7,1,0
13,1,0
3,1,0
8,2,0
10,1,0
11,1,0
13,1,0
4,1,0
0,4,0
2,4,0
5,4,0
8,4,0
10,7,0
14,4,0
15,14,0
3,1,0
9,2,0
10,1,0
11,1,0
4,5,0
8,3,0
13,1,0
14,2,0
15,7,0
2,1,0
8,1,0
10,1,0
13,4,0
15,3,0
0,1,0
1,1,0
2,1,0
3,1,0
4,2,0
5,7,0
3,1,0
5,1,0
6,1,0
8,1,0
11,1,0
12,1,0
13,1,0
5,2,0
1,1,0
2,1,0
3,1,0
8,1,0
9,1,0
11,3,0
12,1,0
13,1,0
14,1,0
0,1,0
4,1,0
5,1,0
6,1,0
11,1,0
12,1,0
13,1,0
14,2,0
10,1,0
12,1,0
6,1,0
2,2,0
10,1,0
11,1,0
13,1,0
15,1,0
3,1,0
4,1,0
6,1,0
7,1,0
12,1,0
13,1,0
15,1,0
2,1,0
3,1,0
8,2,0
11,3,0
3,1,0
7,1,0
1,4,0
4,1,0
2,1,0
14,4,0
0,1,0
2,1,0
4,2,0
9,1,0
10,5,0
15,1,0
1,1,0
2,2,0
3,5,0
8,1,0
14,1,0
15,1,0
8,1,0
11,1,0
2,1,0
4,2,0
5,2,0
12,3,0
2,4,0
3,1,0
4,1,0
8,1,0
10,1,0
13,1,0
7,1,0
10,1,0
11,1,0
2,4,0
3,2,0
14,1,0
0,3,0
5,2,0
10,2,0
1,1,0
2,2,0
11,2,0
1,2,0
12,2,0
13,1,0
12,4,0
15,4,0
2,1,0
3,1,0
13,1,0
1,1,0
2,1,0
2,1,0
3,4,0
7,2,0
10,2,0
13,1,0
2,1,0
2,2,0
3,1,0
7,2,0
9,2,0
11,1,0
13,1,0
15,6,0
15,1,0
2,1,0
10,1,0
3,1,0
4,2,0
5,1,0
8,3,0
9,1,0
11,5,0
13,1,0
14,2,0
5,4,0
9,5,0
13,4,0
15,4,0
10,2,0
12,1,0
13,1,0
1,9,0
3,2,0
4,2,0
8,2,0
9,2,0
14,1,0
2,1,0
5,1,0
8,1,0
10,1,0
14,2,0
0,1,0
1,1,0
3,1,0
4,1,0
5,1,0
9,1,0
10,2,0
14,1,0
1,1,0
3,1,0
4,1,0
8,1,0
11,1,0
13,3,0
4,1,0
8,5,0
2,1,0
3,1,0
13,1,0
15,1,0
0,2,0
2,1,0
3,1,0
4,1,0
5,3,0
6,1,0
9,1,0
12,4,0
13,1,0
14,1,0
15,1,0
0,4,0
5,5,0
8,4,0
10,3,0
14,1,0
2,1,0
3,1,0
4,6,0
7,1,0
9,11,0
12,2,0
14,1,0
2,3,0
10,1,0
2,1,0
6,3,0
8,1,0
12,1,0
14,1,0
12,2,0
13,3,0
1,1,0
4,1,0
8,1,0
10,1,0
11,1,0
14,6,0
0,2,0
14,1,0
0,1,0
1,1,0
3,1,0
9,1,0
15,1,0
4,1,0
7,1,0
8,1,0
12,4,0
15,1,0
2,1,0
8,1,0
9,1,0
14,1,0
2,2,0
5,1,0
6,2,0
14,2,0
2,1,0
8,1,0
12,1,0
2,2,0
3,3,0
6,6,0
3,1,0
5,1,0
6,1,0
10,1,0
12,1,0
0,6,0
3,2,0
7,1,0
8,5,0
9,4,0
10,1,0
1,1,0
10,1,0
15,1,0
1,1,0
3,1,0
6,4,0
2,3,0
7,2,0
15,1,0
8,1,0
4,1,0
3,3,0
5,1,0
8,1,0
1,1,0
6,1,0
11,1,0
1,2,0
8,1,0
0,2,0
1,3,0
2,4,0
3,4,0
4,7,0
5,3,0
7,3,0
9,3,0
11,5,0
12,3,0
13,3,0
14,5,0
2,2,0
5,1,0
10,1,0
11,1,0
13,2,0
14,2,0
1,2,0
2,1,0
7,1,0
9,1,0
13,1,0
14,1,0
15,1,0
2,1,0
3,2,0
1,1,0
2,2,0
10,1,0
12,1,0
13,3,0
15,1,0
7,1,0
10,1,0
3,1,0
5,1,0
2,1,0
3,2,0
4,1,0
6,1,0
12,1,0
13,1,0
15,1,0
1,1,0
13,1,0
15,3,0
10,1,0
0,3,0
4,2,0
13,1,0
14,1,0
2,2,0
7,8,0
14,5,0
3,1,0
12,2,0
10,1,0
12,2,0
2,1,0
4,2,0
6,1,0
9,1,0
13,1,0
15,1,0
1,1,0
2,2,0
3,1,0
4,1,0
9,1,0
13,1,0
14,1,0
15,1,0
0,1,0
3,1,0
4,1,0
7,1,0
9,1,0
12,1,0
13,1,0
8,1,0
3,2,0
6,1,0
8,6,0
12,4,0
13,9,0
1,1,0
2,1,0
3,1,0
4,1,0
10,2,0
2,1,0
4,2,0
6,1,0
8,1,0
10,1,0
13,1,0
5,4,0
6,7,0
9,3,0
10,2,0
12,7,0
13,5,0
14,4,0
15,2,0
2,1,0
14,1,0
3,2,0
0,2,0
8,9,0
0,2,0
2,2,0
4,1,0
6,2,0
7,2,0
10,1,0
12,2,0
13,6,0
10,1,0
14,1,0
6,1,0
2,2,0
7,1,0
10,2,0
12,2,0
13,1,0
6,1,0
11,1,0
12,1,0
13,1,0
2,1,0
3,3,0
4,1,0
5,5,0
6,1,0
8,1,0
12,6,0
13,1,0
14,1,0
15,1,0
0,1,0
1,2,0
10,1,0
15,1,0
4,4,0
10,1,0
13,1,0
0,5,0
0,1,0
1,2,0
7,7,0
9,1,0
12,2,0
14,1,0
15,1,0
0,2,0
10,8,0
15,2,0
2,2,0
8,2,0
9,1,0
10,1,0
12,2,0
14,2,0
5,1,0
13,1,0
14,1,0
1,2,0
3,1,0
7,1,0
8,1,0
9,1,0
10,1,0
11,5,0
12,1,0
13,1,0
5,2,0
0,1,0
3,3,0
5,1,0
8,1,0
12,1,0
14,1,0
15,3,0
4,4,0
7,1,0
12,1,0
3,1,0
4,3,0
6,2,0
10,1,0
12,1,0
10,2,0
4,2,0
13,2,0
3,1,0
15,1,0
13,1,0
2,1,0
3,1,0
4,3,0
6,1,0
9,1,0
12,1,0
14,1,0
2,1,0
10,1,0
5,1,0
6,1,0
14,1,0
1,1,0
2,1,0
12,1,0
2,1,0
3,1,0
5,2,0
7,1,0
12,1,0
13,1,0
14,1,0
15,2,0
1,1,0
6,1,0
8,2,0
9,1,0
13,1,0
4,1,0
12,3,0
15,1,0
2,2,0
0,2,0
3,1,0
4,1,0
11,1,0
2,1,0
10,1,0
14,1,0
4,5,0
13,3,0
0,1,0
3,3,0
14,1,0
15,1,0
0,1,0
10,1,0
11,1,0
12,1,0
13,3,0
2,1,0
3,1,0
5,1,0
7,1,0
8,1,0
14,1,0
2,1,0
4,1,0
6,1,0
7,1,0
8,1,0
10,1,0
11,2,0
12,1,0
13,3,0
10,1,0
11,1,0
13,3,0
14,1,0
10,1,0
11,1,0
12,1,0
3,1,0
6,6,0
9,2,0
12,1,0
14,1,0
15,3,0
3,1,0
7,1,0
11,1,0
11,5,0
13,1,0
14,2,0
5,2,0
0,1,0
1,1,0
5,2,0
14,1,0
0,1,0
4,2,0
14,1,0
7,1,0
1,1,0
3,1,0
5,1,0
8,1,0
15,2,0
2,2,0
5,1,0
7,3,0
10,1,0
14,1,0
1,1,0
6,2,0
2,1,0
13,1,0
3,6,0
14,2,0
15,2,0
12,1,0
14,9,0
2,2,0
12,1,0
2,1,0
3,1,0
6,1,0
7,1,0
10,4,0
13,1,0
14,1,0
15,1,0
5,1,0
7,1,0
15,1,0
4,1,0
14,3,0
15,3,0
0,1,0
3,3,0
6,3,0
1,1,0
2,1,0
4,1,0
8,2,0
10,3,0
12,2,0
14,1,0
15,1,0
2,2,0
3,4,0
2,1,0
4,1,0
9,2,0
12,2,0
14,1,0
4,1,0
15,2,0
1,1,0
1,1,0
3,1,0
4,4,0
7,1,0
11,1,0
14,3,0
2,1,0
10,4,0
11,2,0
15,2,0
4,1,0
7,2,0
10,1,0
12,1,0
13,1,0
7,1,0
13,1,0
13,1,0
2,1,0
3,3,0
4,1,0
6,1,0
7,1,0
9,2,0
10,1,0
11,1,0
12,1,0
14,2,0
3,1,0
7,4,0
7,1,0
12,1,0
14,2,0
3,1,0
1,1,0
4,6,0
8,1,0
12,2,0
15,3,0
6,1,0
7,1,0
11,1,0
15,2,0
3,2,0
7,2,0
12,1,0
4,22,0
12,3,0
3,1,0
5,1,0
6,3,0
7,3,0
10,3,0
12,3,0
1,5,0
13,3,0
2,1,0
4,1,0
6,1,0
8,3,0
9,1,0
12,2,0
5,1,0
7,1,0
14,2,0
3,1,0
7,2,0
10,3,0
0,4,0
2,5,0
3,4,0
3,1,0
9,1,0
10,1,0
2,2,0
13,1,0
6,2,0
8,1,0
12,1,0
1,3,0
3,3,0
8,1,0
14,2,0
1,1,0
2,1,0
4,1,0
6,2,0
8,1,0
12,1,0
14,1,0
0,1,0
1,3,0
2,1,0
3,2,0
4,14,0
5,1,0
13,1,0
14,1,0
3,2,0
7,1,0
9,1,0
14,1,0
2,1,0
3,1,0
13,1,0
14,1,0
4,2,0
5,1,0
14,1,0
2,2,0
3,2,0
8,2,0
3,1,0
5,1,0
7,1,0
12,1,0
1,1,0
5,1,0
14,1,0
1,1,0
4,1,0
5,1,0
1,1,0
3,1,0
10,1,0
12,3,0
2,1,0
8,1,0
3,1,0
6,1,0
7,1,0
11,1,0
14,1,0
2,1,0
3,1,0
4,1,0
10,4,0
11,2,0
13,1,0
3,1,0
5,5,0
11,1,0
13,3,0
14,1,0
3,1,0
4,1,0
6,1,0
8,1,0
1,1,0
4,1,0
8,1,0
14,1,0
10,1,0
15,1,0
0,2,0
7,1,0
8,2,0
10,1,0
13,2,0
2,1,0
1,2,0
10,2,0
11,1,0
12,1,0
14,1,0
15,1,0
4,1,0
9,1,0
10,1,0
13,1,0
12,7,0
14,2,0
2,1,0
6,2,0
7,6,0
8,1,0
13,2,0
14,1,0
15,1,0
0,1,0
2,1,0
4,1,0
6,1,0
9,3,0
13,1,0
1,1,0
3,1,0
8,1,0
9,2,0
12,2,0
14,1,0
5,2,0
13,2,0
0,1,0
2,1,0
3,1,0
6,2,0
15,2,0
2,1,0
7,4,0
8,3,0
15,1,0
10,3,0
14,1,0
15,1,0
2,1,0
3,1,0
6,1,0
7,1,0
10,1,0
12,1,0
13,1,0
14,1,0
2,1,0
11,1,0
15,1,0
1,1,0
7,1,0
2,3,0
3,3,0
4,3,0
8,4,0
14,1,0
15,2,0
0,1,0
5,1,0
15,3,0
0,1,0
2,2,0
5,1,0
6,6,0
9,2,0
13,1,0
15,1,0
3,1,0
4,1,0
5,1,0
2,2,0
3,2,0
4,2,0
8,1,0
10,1,0
12,2,0
13,2,0
14,1,0
15,2,0
8,2,0
14,5,0
1,1,0
6,2,0
9,2,0
10,2,0
0,1,0
1,1,0
4,1,0
15,1,0
1,1,0
2,1,0
3,1,0
4,1,0
6,3,0
8,1,0
14,1,0
14,1,0
2,2,0
4,1,0
6,2,0
14,1,0
2,1,0
7,1,0
11,1,0
2,1,0
2,1,0
3,1,0
8,1,0
9,1,0
10,1,0
14,1,0
2,3,0
10,5,0
3,3,0
4,3,0
8,3,0
9,5,0
10,3,0
12,3,0
14,6,0
1,1,0
3,1,0
15,1,0
3,1,0
4,1,0
8,1,0
9,1,0
15,1,0
1,2,0
2,1,0
7,1,0
9,1,0
13,1,0
4,2,0
8,1,0
15,2,0
0,1,0
2,1,0
5,1,0
7,1,0
13,1,0
12,2,0
14,4,0
15,1,0
12,1,0
0,4,0
3,2,0
4,3,0
9,2,0
10,2,0
13,2,0
14,3,0
15,2,0
0,1,0
1,1,0
7,5,0
10,1,0
15,4,0
0,1,0
1,1,0
2,2,0
7,2,0
13,2,0
14,2,0
1,1,0
3,2,0
12,1,0
13,4,0
2,4,0
8,3,0
13,1,0
14,1,0
0,1,0
14,2,0
0,4,0
1,2,0
7,1,0
10,2,0
11,2,0
13,1,0
14,1,0
10,1,0
13,2,0
3,1,0
4,2,0
7,1,0
9,1,0
0,1,0
2,1,0
13,1,0
3,3,0
14,1,0
10,1,0
1,3,0
6,4,0
7,5,0
8,2,0
9,2,0
12,3,0
13,4,0
14,2,0
9,1,0
13,1,0
0,1,0
5,1,0
6,1,0
7,1,0
0,1,0
1,2,0
3,1,0
8,1,0
14,3,0
6,1,0
8,3,0
9,1,0
12,8,0
13,2,0
14,2,0
10,2,0
2,2,0
6,1,0
7,2,0
9,1,0
12,1,0
7,1,0
9,1,0
12,1,0
13,1,0
2,3,0
5,2,0
1,1,0
2,1,0
5,7,0
6,1,0
9,1,0
14,1,0
3,2,0
4,1,0
6,5,0
13,1,0
7,1,0
0,1,0
2,3,0
3,3,0
8,1,0
13,2,0
14,3,0
0,1,0
3,1,0
4,2,0
6,4,0
8,2,0
10,1,0
11,1,0
13,2,0
15,2,0
2,2,0
4,3,0
6,1,0
2,1,0
6,3,0
9,1,0
10,1,0
12,1,0
14,1,0
9,2,0
15,2,0
0,1,0
4,1,0
12,2,0
6,4,0
7,3,0
12,3,0
14,2,0
2,2,0
3,4,0
8,3,0
13,3,0
15,2,0
7,1,0
8,5,0
10,1,0
0,1,0
1,1,0
3,1,0
5,2,0
7,6,0
14,1,0
0,1,0
2,2,0
3,1,0
11,5,0
13,1,0
9,5,0
10,5,0
13,1,0
12,1,0
3,2,0
7,1,0
12,1,0
14,1,0
2,2,0
9,2,0
14,2,0
0,1,0
2,1,0
3,1,0
5,2,0
2,1,0
3,1,0
4,1,0
9,2,0
11,1,0
13,1,0
14,1,0
5,1,0
10,1,0
0,2,0
3,3,0
5,3,0
6,1,0
7,2,0
10,2,0
11,2,0
13,4,0
14,3,0
1,1,0
3,1,0
6,2,0
12,2,0
15,1,0
3,1,0
6,1,0
14,1,0
15,2,0
2,2,0
6,3,0
2,5,0
5,1,0
9,1,0
12,1,0
13,1,0
14,1,0
15,1,0
6,1,0
8,1,0
10,3,0
14,1,0
1,2,0
2,2,0
3,1,0
14,1,0
2,1,0
5,1,0
7,1,0
13,1,0
14,1,0
15,1,0
0,1,0
2,1,0
6,2,0
8,1,0
10,1,0
11,2,0
13,1,0
14,1,0
0,5,0
2,3,0
3,6,0
4,1,0
7,1,0
14,1,0
15,1,0
2,1,0
4,2,0
7,1,0
14,1,0
2,1,0
7,1,0
13,1,0
0,1,0
2,2,0
1,1,0
2,1,0
4,2,0
1,1,0
3,1,0
11,2,0
1,2,0
3,1,0
7,2,0
14,1,0
5,1,0
10,2,0
12,1,0
3,1,0
2,1,0
7,1,0
10,2,0
12,1,0
13,4,0
0,1,0
7,2,0
14,2,0
2,1,0
9,1,0
4,1,0
5,4,0
7,2,0
9,1,0
14,2,0
0,2,0
3,1,0
8,1,0
10,1,0
11,1,0
13,1,0
14,1,0
1,2,0
4,2,0
7,2,0
12,1,0
14,1,0
1,2,0
3,2,0
5,2,0
6,2,0
8,2,0
9,2,0
11,2,0
13,2,0
14,2,0
3,1,0
8,1,0
14,7,0
1,2,0
2,3,0
3,1,0
10,1,0
2,1,0
3,3,0
7,1,0
8,3,0
15,1,0
1,4,0
5,4,0
9,1,0
12,5,0
13,1,0
4,1,0
7,1,0
9,2,0
10,1,0
12,2,0
14,1,0
15,1,0
2,1,0
14,1,0
0,1,0
4,1,0
5,1,0
6,2,0
13,1,0
15,1,0
1,2,0
14,3,0
4,1,0
5,3,0
9,1,0
3,2,0
11,1,0
13,2,0
14,1,0
3,2,0
8,1,0
9,3,0
13,1,0
14,1,0
1,2,0
2,1,0
3,1,0
8,1,0
10,1,0
12,1,0
13,1,0
14,1,0
8,2,0
3,1,0
12,1,0
1,7,0
12,1,0
13,1,0
0,3,0
4,1,0
8,2,0
14,1,0
2,3,0
7,2,0
9,2,0
11,2,0
12,2,0
13,2,0
14,2,0
15,4,0
2,1,0
13,6,0
7,4,0
14,2,0
3,1,0
9,1,0
12,1,0
14,1,0
3,1,0
11,1,0
13,1,0
2,1,0
10,1,0
1,2,0
5,2,0
15,3,0
2,2,0
14,1,0
1,2,0
5,2,0
7,1,0
3,1,0
14,1,0
2,1,0
12,1,0
14,1,0
2,1,0
3,1,0
4,1,0
14,1,0
0,4,0
1,1,0
3,1,0
8,1,0
13,1,0
14,1,0
2,2,0
6,4,0
9,1,0
13,1,0
14,1,0
2,1,0
4,2,0
7,1,0
10,1,0
13,1,0
14,1,0
0,2,0
2,2,0
9,2,0
10,2,0
12,2,0
15,2,0
4,1,0
5,1,0
7,1,0
12,1,0
14,1,0
15,1,0
3,5,0
4,10,0
14,5,0
8,3,0
13,2,0
0,1,0
2,4,0
4,1,0
9,1,0
2,1,0
5,1,0
7,1,0
12,1,0
13,1,0
14,1,0
2,5,0
3,2,0
13,2,0
14,1,0
1,2,0
2,1,0
3,2,0
5,3,0
6,2,0
8,1,0
9,2,0
12,3,0
14,1,0
2,1,0
1,1,0
5,1,0
8,1,0
10,5,0
11,1,0
14,1,0
3,2,0
7,4,0
15,4,0
3,4,0
5,4,0
6,1,0
9,1,0
14,2,0
15,1,0
4,3,0
0,1,0
1,3,0
3,1,0
6,1,0
10,1,0
11,2,0
13,1,0
0,1,0
4,1,0
7,1,0
13,1,0
14,1,0
5,3,0
14,1,0
0,1,0
2,1,0
3,1,0
4,1,0
7,6,0
10,4,0
15,1,0
0,1,0
4,1,0
7,1,0
8,1,0
13,1,0
3,1,0
5,1,0
6,1,0
8,1,0
9,1,0
14,1,0
15,1,0
11,1,0
1,1,0
2,2,0
3,4,0
4,1,0
8,1,0
10,1,0
13,1,0
14,2,0
15,1,0
0,1,0
3,1,0
10,2,0
14,1,0
4,1,0
8,1,0
9,1,0
11,1,0
13,2,0
14,1,0
3,1,0
12,1,0
13,1,0
14,1,0
15,1,0
2,3,0
0,3,0
3,3,0
10,3,0
0,1,0
5,1,0
14,1,0
7,1,0
0,2,0
3,2,0
7,2,0
13,2,0
14,2,0
2,2,0
0,3,0
1,2,0
3,2,0
6,1,0
7,1,0
8,1,0
9,1,0
13,1,0
2,1,0
13,1,0
2,4,0
5,2,0
8,1,0
9,2,0
12,1,0
14,2,0
15,2,0
0,1,0
2,1,0
12,1,0
3,1,0
7,1,0
8,1,0
10,1,0
11,2,0
0,1,0
3,1,0
5,1,0
9,2,0
14,1,0
0,1,0
0,1,0
1,1,0
5,3,0
13,1,0
14,1,0
1,3,0
3,3,0
4,4,0
6,2,0
7,3,0
12,4,0
13,3,0
14,1,0
2,1,0
7,1,0
10,2,0
12,1,0
2,1,0
12,1,0
13,1,0
15,1,0
10,2,0
2,1,0
4,3,0
6,1,0
8,1,0
10,2,0
2,1,0
5,4,0
7,1,0
11,2,0
14,1,0
3,2,0
4,1,0
8,1,0
15,1,0
2,1,0
9,3,0
12,1,0
3,2,0
13,1,0
14,1,0
2,1,0
3,1,0
4,1,0
5,1,0
6,1,0
8,1,0
14,1,0
3,3,0
7,3,0
2,3,0
5,3,0
2,1,0
4,1,0
8,1,0
2,2,0
12,1,0
4,1,0
10,1,0
13,1,0
15,1,0
14,1,0
15,3,0
13,1,0
5,1,0
8,4,0
2,1,0
3,1,0
11,1,0
10,3,0
13,1,0
14,3,0
2,4,0
3,1,0
7,1,0
8,1,0
10,1,0
12,1,0
14,1,0
3,1,0
5,1,0
11,1,0
14,1,0
0,2,0
2,1,0
3,1,0
5,2,0
9,1,0
11,2,0
13,2,0
14,1,0
3,2,0
3,1,0
8,2,0
0,1,0
2,3,0
3,1,0
5,3,0
6,1,0
7,6,0
14,1,0
1,1,0
7,2,0
13,1,0
1,1,0
4,1,0
7,1,0
9,1,0
12,1,0
0,6,0
2,1,0
7,4,0
1,3,0
2,1,0
5,1,0
7,1,0
9,1,0
11,3,0
12,1,0
13,1,0
14,1,0
15,2,0
3,1,0
4,1,0
7,3,0
8,6,0
13,1,0
9,2,0
12,2,0
13,1,0
14,1,0
15,1,0
0,6,0
2,3,0
5,2,0
8,3,0
9,4,0
13,4,0
2,1,0
8,1,0
12,2,0
15,2,0
0,2,0
3,2,0
4,6,0
0,1,0
4,4,0
6,3,0
2,1,0
1,1,0
3,1,0
6,2,0
11,1,0
12,1,0
13,3,0
14,1,0
1,1,0
2,1,0
6,1,0
10,1,0
14,5,0
15,1,0
0,2,0
3,1,0
5,1,0
8,2,0
10,2,0
11,1,0
0,1,0
1,1,0
2,2,0
3,1,0
6,1,0
7,1,0
8,1,0
10,1,0
12,1,0
14,1,0
1,2,0
15,1,0
1,2,0
14,3,0
0,5,0
1,1,0
2,1,0
4,3,0
13,1,0
14,1,0
3,1,0
6,2,0
2,6,0
11,1,0
3,1,0
13,1,0
1,1,0
3,1,0
4,1,0
13,2,0
14,1,0
2,1,0
4,1,0
14,1,0
3,2,0
4,2,0
7,3,0
11,2,0
7,1,0
1,1,0
2,1,0
4,1,0
15,1,0
1,1,0
13,3,0
15,1,0
12,1,0
1,1,0
6,1,0
7,4,0
14,1,0
15,1,0
2,1,0
3,1,0
7,1,0
9,1,0
10,1,0
2,2,0
3,1,0
4,3,0
8,3,0
9,1,0
12,3,0
7,1,0
5,2,0
8,1,0
13,1,0
14,1,0
0,1,0
1,1,0
6,1,0
0,1,0
5,1,0
13,1,0
2,1,0
0,2,0
5,2,0
9,4,0
11,1,0
13,3,0
14,2,0
2,1,0
6,1,0
7,1,0
10,4,0
11,4,0
13,1,0
0,1,0
15,1,0
4,1,0
9,2,0
14,1,0
5,3,0
9,2,0
12,1,0
2,1,0
5,2,0
7,2,0
14,1,0
2,2,0
4,2,0
6,2,0
10,3,0
0,2,0
2,2,0
4,2,0
5,2,0
10,2,0
13,2,0
15,3,0
3,1,0
4,1,0
5,1,0
7,3,0
12,1,0
14,4,0
15,1,0
2,2,0
10,3,0
12,2,0
3,1,0
14,1,0
2,1,0
7,2,0
3,1,0
5,1,0
10,1,0
12,2,0
13,1,0
14,1,0
10,1,0
5,2,0
2,1,0
3,1,0
7,1,0
10,1,0
11,9,0
12,1,0
15,1,0
2,1,0
8,1,0
10,1,0
14,1,0
15,2,0
7,1,0
8,1,0
12,1,0
2,2,0
3,3,0
4,2,0
5,1,0
7,2,0
12,2,0
14,2,0
5,1,0
10,1,0
15,1,0
7,1,0
9,1,0
12,1,0
14,1,0
15,1,0
0,1,0
1,1,0
2,1,0
3,1,0
4,3,0
8,1,0
9,1,0
10,1,0
12,1,0
13,1,0
15,1,0
2,1,0
7,2,0
10,1,0
12,1,0
14,1,0
1,1,0
2,1,0
3,2,0
7,2,0
10,1,0
12,1,0
15,1,0
8,3,0
12,1,0
8,1,0
9,2,0
2,2,0
5,2,0
0,1,0
1,1,0
10,4,0
13,1,0
5,2,0
12,1,0
13,1,0
1,2,0
2,3,0
3,4,0
4,2,0
7,2,0
8,2,0
11,2,0
13,2,0
2,2,0
12,1,0
0,1,0
2,1,0
4,1,0
7,1,0
13,1,0
15,1,0
14,1,0
2,1,0
4,1,0
7,1,0
2,1,0
14,1,0
0,2,0
2,3,0
13,4,0
3,1,0
0,3,0
5,4,0
7,3,0
13,3,0
14,7,0
1,1,0
3,1,0
10,1,0
13,1,0
9,3,0
10,2,0
2,1,0
3,1,0
7,1,0
9,1,0
12,2,0
14,1,0
15,1,0
0,1,0
2,1,0
3,3,0
4,1,0
5,1,0
6,1,0
7,1,0
8,1,0
11,1,0
12,1,0
13,1,0
14,1,0
15,3,0
8,1,0
3,1,0
5,1,0
11,3,0
14,1,0
1,1,0
2,1,0
1,2,0
5,1,0
12,2,0
14,2,0
0,1,0
2,1,0
4,1,0
5,1,0
12,1,0
14,2,0
1,3,0
2,2,0
8,3,0
10,4,0
13,1,0
14,1,0
15,3,0
14,3,0
0,1,0
2,1,0
7,1,0
8,1,0
10,3,0
1,1,0
0,1,0
8,1,0
2,1,0
4,1,0
7,1,0
10,2,0
14,1,0
3,9,0
0,1,0
1,1,0
4,3,0
5,1,0
7,1,0
8,1,0
13,1,0
14,1,0
15,1,0
1,7,0
2,3,0
3,3,0
4,4,0
10,3,0
11,3,0
13,3,0
14,3,0
2,1,0
3,1,0
8,1,0
13,1,0
14,3,0
0,1,0
4,1,0
7,1,0
14,1,0
1,1,0
12,1,0
14,1,0
0,1,0
2,1,0
3,1,0
5,1,0
9,1,0
13,1,0
14,1,0
2,1,0
3,1,0
7,2,0
2,2,0
3,2,0
4,2,0
7,1,0
8,1,0
10,3,0
13,2,0
14,2,0
2,5,0
12,3,0
14,3,0
3,1,0
7,2,0
12,1,0
14,1,0
0,2,0
1,1,0
8,1,0
10,1,0
0,1,0
2,1,0
3,1,0
10,1,0
13,1,0
14,1,0
15,3,0
3,1,0
4,1,0
6,2,0
8,1,0
9,2,0
10,1,0
11,1,0
0,2,0
13,1,0
3,1,0
12,1,0
1,1,0
5,1,0
14,1,0
4,1,0
7,2,0
0,1,0
1,1,0
3,1,0
5,1,0
6,1,0
7,1,0
13,1,0
1,1,0
2,3,0
11,1,0
15,1,0
7,1,0
0,1,0
9,2,0
0,1,0
4,1,0
9,1,0
14,1,0
0,1,0
3,1,0
4,3,0
6,1,0
9,1,0
10,1,0
14,1,0
15,1,0
2,3,0
11,1,0
2,1,0
14,1,0
0,1,0
2,1,0
5,3,0
8,1,0
10,1,0
14,1,0
1,1,0
12,3,0
14,1,0
4,1,0
6,1,0
7,1,0
0,1,0
3,2,0
9,1,0
13,1,0
13,1,0
4,2,0
2,3,0
15,1,0
7,2,0
8,1,0
12,1,0
15,2,0
0,3,0
2,2,0
7,3,0
10,1,0
3,1,0
7,2,0
14,1,0
2,1,0
3,1,0
5,3,0
9,1,0
10,1,0
13,1,0
14,1,0
15,1,0
0,1,0
9,1,0
10,5,0
0,1,0
9,1,0
1,3,0
2,1,0
3,1,0
8,1,0
9,1,0
12,1,0
14,1,0
7,1,0
5,2,0
0,4,0
3,5,0
6,4,0
10,1,0
13,4,0
15,1,0
2,2,0
3,2,0
4,5,0
13,2,0
0,1,0
3,1,0
5,2,0
7,1,0
11,1,0
13,1,0
14,1,0
15,1,0
3,5,0
15,4,0
8,1,0
9,1,0
2,2,0
10,1,0
0,1,0
2,1,0
9,2,0
13,1,0
14,1,0
15,1,0
7,2,0
10,2,0
8,1,0
12,1,0
15,2,0
0,1,0
1,1,0
2,1,0
3,1,0
4,1,0
9,2,0
4,1,0
5,1,0
12,2,0
14,1,0
2,1,0
6,2,0
8,3,0
9,1,0
12,1,0
13,2,0
14,1,0
15,1,0
12,2,0
13,1,0
2,1,0
3,1,0
10,1,0
12,1,0
15,1,0
2,2,0
1,3,0
3,1,0
3,1,0
5,2,0
7,1,0
1,1,0
7,1,0
12,1,0
14,1,0
15,1,0
2,3,0
12,1,0
3,3,0
4,2,0
8,2,0
0,1,0
10,1,0
12,1,0
15,1,0
2,2,0
3,1,0
14,1,0
0,1,0
2,1,0
4,2,0
6,2,0
9,1,0
10,1,0
13,2,0
14,1,0
0,3,0
1,1,0
2,1,0
4,1,0
6,2,0
7,1,0
3,1,0
5,1,0
13,2,0
14,1,0
1,2,0
2,1,0
4,6,0
14,1,0
15,1,0
13,2,0
14,2,0
4,1,0
6,1,0
9,1,0
13,2,0
3,1,0
13,1,0
2,1,0
3,3,0
5,1,0
1,1,0
2,2,0
15,1,0
0,1,0
2,1,0
3,4,0
4,1,0
7,2,0
9,1,0
12,2,0
13,1,0
14,2,0
15,1,0
0,5,0
3,3,0
4,2,0
10,1,0
12,4,0
14,3,0
15,3,0
2,1,0
3,1,0
7,1,0
9,1,0
11,1,0
12,1,0
13,1,0
5,1,0
4,1,0
10,2,0
10,2,0
14,1,0
3,2,0
1,1,0
15,1,0
2,1,0
10,1,0
13,1,0
13,1,0
5,1,0
8,1,0
0,1,0
1,1,0
13,1,0
14,1,0
4,1,0
12,2,0
14,6,0
1,6,0
2,1,0
3,1,0
4,1,0
5,2,0
7,1,0
14,1,0
13,1,0
14,1,0
10,1,0
12,1,0
4,5,0
13,1,0
7,2,0
9,1,0
13,1,0
14,1,0
9,1,0
13,1,0
0,1,0
2,1,0
5,2,0
12,2,0
13,2,0
0,1,0
3,1,0
4,1,0
7,1,0
8,1,0
11,1,0
14,2,0
3,2,0
8,2,0
14,2,0
3,1,0
12,1,0
13,1,0
15,1,0
0,2,0
2,2,0
4,1,0
5,1,0
7,1,0
10,1,0
3,1,0
0,1,0
2,3,0
7,2,0
9,1,0
11,1,0
12,1,0
13,1,0
0,2,0
1,1,0
3,1,0
5,2,0
8,2,0
9,1,0
10,1,0
12,2,0
14,2,0
3,2,0
15,2,0
0,1,0
2,1,0
3,1,0
7,1,0
8,1,0
12,1,0
14,1,0
0,1,0
8,1,0
2,3,0
7,1,0
10,3,0
12,3,0
14,3,0
15,1,0
13,1,0
10,1,0
10,1,0
11,1,0
14,1,0
15,1,0
9,1,0
15,1,0
14,1,0
1,1,0
2,1,0
8,2,0
13,1,0
14,2,0
0,1,0
2,1,0
4,1,0
5,1,0
7,1,0
10,1,0
12,1,0
14,1,0
2,1,0
7,1,0
8,2,0
12,5,0
15,2,0
1,1,0
3,1,0
7,2,0
4,1,0
2,2,0
10,1,0
2,2,0
13,1,0
5,2,0
10,1,0
13,1,0
0,1,0
4,1,0
6,1,0
8,1,0
9,1,0
11,1,0
5,1,0
14,2,0
10,3,0
0,3,0
2,1,0
3,1,0
7,5,0
9,3,0
14,1,0
15,1,0
4,2,0
6,1,0
12,1,0
2,2,0
3,1,0
4,2,0
5,1,0
6,1,0
7,1,0
8,3,0
9,1,0
12,1,0
13,1,0
14,1,0
15,1,0
2,1,0
4,1,0
11,1,0
10,1,0
12,5,0
4,2,0
4,3,0
13,1,0
10,3,0
14,6,0
3,3,0
4,1,0
5,3,0
7,3,0
8,1,0
9,1,0
10,1,0
14,1,0
0,1,0
1,1,0
1,3,0
3,4,0
4,4,0
7,5,0
12,3,0
13,3,0
15,4,0
2,1,0
3,1,0
4,1,0
12,1,0
14,1,0
15,1,0
14,1,0
6,1,0
7,1,0
9,1,0
14,2,0
0,1,0
2,1,0
4,1,0
7,1,0
10,1,0
14,1,0
1,1,0
4,1,0
6,1,0
8,2,0
13,1,0
14,9,0
1,1,0
2,2,0
6,1,0
7,1,0
14,1,0
0,1,0
3,1,0
5,3,0
7,1,0
12,1,0
13,1,0
0,1,0
3,1,0
6,1,0
10,1,0
13,1,0
14,1,0
15,1,0
6,1,0
2,2,0
3,2,0
4,2,0
5,3,0
7,2,0
12,2,0
2,5,0
6,1,0
8,1,0
11,1,0
5,1,0
13,2,0
0,1,0
2,1,0
7,1,0
9,3,0
6,1,0
15,1,0
1,1,0
4,2,0
5,1,0
10,1,0
13,1,0
14,1,0
15,1,0
4,1,0
10,1,0
12,3,0
4,1,0
14,1,0
1,2,0
3,1,0
12,1,0
14,1,0
1,2,0
7,1,0
13,1,0
4,2,0
4,1,0
7,1,0
15,1,0
2,1,0
12,1,0
0,2,0
1,1,0
15,1,0
8,1,0
0,1,0
6,1,0
10,1,0
12,3,0
13,1,0
14,1,0
3,4,0
7,5,0
8,5,0
12,4,0
14,3,0
15,3,0
10,5,0
1,7,0
2,3,0
3,1,0
8,2,0
10,1,0
11,1,0
0,1,0
4,1,0
5,1,0
8,1,0
9,1,0
12,1,0
13,1,0
2,1,0
6,3,0
9,1,0
14,1,0
0,1,0
2,1,0
5,1,0
7,1,0
9,1,0
10,2,0
14,1,0
7,3,0
2,2,0
15,3,0
1,4,0
3,1,0
12,1,0
15,1,0
12,1,0
9,1,0
10,1,0
6,1,0
13,1,0
14,1,0
1,1,0
3,1,0
7,1,0
9,1,0
10,1,0
0,3,0
2,3,0
3,1,0
10,3,0
12,3,0
13,3,0
14,1,0
0,1,0
6,1,0
7,1,0
9,1,0
11,2,0
12,2,0
1,4,0
14,3,0
4,1,0
6,1,0
7,1,0
10,1,0
0,1,0
1,5,0
4,1,0
7,1,0
8,4,0
9,1,0
10,1,0
13,2,0
0,1,0
2,3,0
3,1,0
15,2,0
1,1,0
11,1,0
12,1,0
7,1,0
4,1,0
10,1,0
15,1,0
2,2,0
5,1,0
6,2,0
15,1,0
4,2,0
12,1,0
2,2,0
4,1,0
14,1,0
15,1,0
0,3,0
3,1,0
6,3,0
10,4,0
0,1,0
2,1,0
10,1,0
14,1,0
15,1,0
0,1,0
2,3,0
3,3,0
5,1,0
8,2,0
9,1,0
13,2,0
0,1,0
2,2,0
10,1,0
12,1,0
13,1,0
14,1,0
1,1,0
2,1,0
3,1,0
5,1,0
7,1,0
8,1,0
9,1,0
10,1,0
12,1,0
13,2,0
14,1,0
15,1,0
0,2,0
1,2,0
5,2,0
8,2,0
13,2,0
14,2,0
0,1,0
1,1,0
3,1,0
4,3,0
5,2,0
6,2,0
7,1,0
8,1,0
9,1,0
12,1,0
13,1,0
14,1,0
4,1,0
13,1,0
15,2,0
0,1,0
2,1,0
3,1,0
5,1,0
8,2,0
12,3,0
13,1,0
14,1,0
4,1,0
13,1,0
14,1,0
7,1,0
0,4,0
1,2,0
5,2,0
9,2,0
10,2,0
1,2,0
2,2,0
11,2,0
14,2,0
15,1,0
3,2,0
4,2,0
8,3,0
9,3,0
11,5,0
13,2,0
3,2,0
4,2,0
7,1,0
6,3,0
9,1,0
10,1,0
13,1,0
2,1,0
3,1,0
6,2,0
8,1,0
9,2,0
10,1,0
14,1,0
0,1,0
2,1,0
3,1,0
4,1,0
12,1,0
13,1,0
2,1,0
13,2,0
2,2,0
6,1,0
6,1,0
10,1,0
15,1,0
0,1,0
2,1,0
15,1,0
0,2,0
3,3,0
4,1,0
5,1,0
9,1,0
12,1,0
13,1,0
14,1,0
15,1,0
2,1,0
3,3,0
4,1,0
5,1,0
7,1,0
9,2,0
13,1,0
14,1,0
0,1,0
2,1,0
3,3,0
5,1,0
10,1,0
12,2,0
13,1,0
15,1,0
7,1,0
15,1,0
6,2,0
2,1,0
5,3,0
15,1,0
3,1,0
0,1,0
2,1,0
3,1,0
10,1,0
14,1,0
4,1,0
14,6,0
0,1,0
5,1,0
0,4,0
1,2,0
3,1,0
6,1,0
11,1,0
14,1,0
15,2,0
3,1,0
10,1,0
12,3,0
0,1,0
3,1,0
5,5,0
14,1,0
3,1,0
5,2,0
8,8,0
9,1,0
14,2,0
2,1,0
3,1,0
4,1,0
6,1,0
8,1,0
9,1,0
10,1,0
12,1,0
13,1,0
14,1,0
15,1,0
12,1,0
0,1,0
12,1,0
2,3,0
3,1,0
10,1,0
12,1,0
1,2,0
2,1,0
3,1,0
5,1,0
7,1,0
13,1,0
3,1,0
4,1,0
6,1,0
7,2,0
10,2,0
14,2,0
1,5,0
5,1,0
9,1,0
8,2,0
14,2,0
3,1,0
5,1,0
6,1,0
7,1,0
8,1,0
9,1,0
12,1,0
13,1,0
14,1,0
4,3,0
7,1,0
9,1,0
3,1,0
4,1,0
6,1,0
8,1,0
11,1,0
12,1,0
14,1,0
11,1,0
2,1,0
3,1,0
4,1,0
13,4,0
15,1,0
10,2,0
3,1,0
4,1,0
10,1,0
0,1,0
2,3,0
3,2,0
4,2,0
5,2,0
4,1,0
15,1,0
2,1,0
3,1,0
4,1,0
7,2,0
8,1,0
12,1,0
1,1,0
7,1,0
14,1,0
9,1,0
15,1,0
3,1,0
8,1,0
9,1,0
11,1,0
15,1,0
3,1,0
4,1,0
8,1,0
14,1,0
10,2,0
13,2,0
15,2,0
2,1,0
6,1,0
9,1,0
14,3,0
7,1,0
8,1,0
7,1,0
12,1,0
14,3,0
3,1,0
10,1,0
15,1,0
2,1,0
4,1,0
6,4,0
8,1,0
9,1,0
14,1,0
2,1,0
10,1,0
2,1,0
3,1,0
12,8,0
14,1,0
5,1,0
13,1,0
14,1,0
3,3,0
9,1,0
10,2,0
12,1,0
2,1,0
4,1,0
10,3,0
3,2,0
4,2,0
2,1,0
9,2,0
12,1,0
0,2,0
1,2,0
3,1,0
4,1,0
8,2,0
9,2,0
10,1,0
14,3,0
15,2,0
2,1,0
3,1,0
10,1,0
12,1,0
13,1,0
14,1,0
15,1,0
1,1,0
5,1,0
13,1,0
14,1,0
6,1,0
8,1,0
12,2,0
15,1,0
2,1,0
7,4,0
11,1,0
14,1,0
3,1,0
4,1,0
5,1,0
9,1,0
12,2,0
1,1,0
2,1,0
4,1,0
8,1,0
10,1,0
13,1,0
14,3,0
1,2,0
5,1,0
7,2,0
14,1,0
3,6,0
12,1,0
0,3,0
3,1,0
4,1,0
6,1,0
8,1,0
9,1,0
11,1,0
13,1,0
14,1,0
2,1,0
3,2,0
10,1,0
12,4,0
14,1,0
4,1,0
12,1,0
13,1,0
14,1,0
5,1,0
10,1,0
14,1,0
15,1,0
4,1,0
5,1,0
14,1,0
1,1,0
2,2,0
12,1,0
15,1,0
2,1,0
3,2,0
7,1,0
14,1,0
0,1,0
2,1,0
3,3,0
4,1,0
6,2,0
8,1,0
13,2,0
14,1,0
7,1,0
4,1,0
0,1,0
11,1,0
0,1,0
4,1,0
5,2,0
8,1,0
5,3,0
6,3,0
7,5,0
10,1,0
1,1,0
5,1,0
14,1,0
0,1,0
2,1,0
7,1,0
12,7,0
12,1,0
13,2,0
8,1,0
9,1,0
13,1,0
14,2,0
1,1,0
6,1,0
10,1,0
12,1,0
13,1,0
15,4,0
0,1,0
2,1,0
3,1,0
4,1,0
5,1,0
8,1,0
9,3,0
12,1,0
13,1,0
14,4,0
2,1,0
4,1,0
5,1,0
6,2,0
7,1,0
9,1,0
14,3,0
3,1,0
4,1,0
5,1,0
7,1,0
13,1,0
14,1,0
15,1,0
3,1,0
15,1,0
9,1,0
12,3,0
14,1,0
2,1,0
4,2,0
3,1,0
2,1,0
10,1,0
14,3,0
15,1,0
0,1,0
4,3,0
10,1,0
14,1,0
0,1,0
4,1,0
7,1,0
15,1,0
7,1,0
10,1,0
12,1,0
2,1,0
5,1,0
8,1,0
14,2,0
0,1,0
2,1,0
9,4,0
11,2,0
12,1,0
14,1,0
2,1,0
10,1,0
14,1,0
8,3,0
12,3,0
15,1,0
0,2,0
9,3,0
2,1,0
3,1,0
9,1,0
11,1,0
12,1,0
13,1,0
14,1,0
15,3,0
3,1,0
7,1,0
9,1,0
10,2,0
3,4,0
4,3,0
7,2,0
9,3,0
10,1,0
14,2,0
15,2,0
2,1,0
5,4,0
7,1,0
12,1,0
14,1,0
15,1,0
1,4,0
3,3,0
10,3,0
14,5,0
3,1,0
8,1,0
9,1,0
13,7,0
5,3,0
10,1,0
14,2,0
0,1,0
3,1,0
4,2,0
5,1,0
6,1,0
7,1,0
8,1,0
9,1,0
10,1,0
11,1,0
12,1,0
13,2,0
14,1,0
15,1,0
1,1,0
7,1,0
13,3,0
3,1,0
5,1,0
14,1,0
15,1,0
3,2,0
7,2,0
2,1,0
3,1,0
4,1,0
8,1,0
13,1,0
7,2,0
2,1,0
3,2,0
8,1,0
9,1,0
13,1,0
15,1,0
10,1,0
0,1,0
8,2,0
10,2,0
12,1,0
2,2,0
4,2,0
6,4,0
11,2,0
14,2,0
0,1,0
14,1,0
15,1,0
1,2,0
2,3,0
5,2,0
7,2,0
8,2,0
10,1,0
12,1,0
13,1,0
2,1,0
5,1,0
14,1,0
2,1,0
5,2,0
12,1,0
2,3,0
12,3,0
13,3,0
4,3,0
6,3,0
8,2,0
14,4,0
0,1,0
5,1,0
6,1,0
13,3,0
14,1,0
15,1,0
10,1,0
13,1,0
0,1,0
2,2,0
7,2,0
14,1,0
2,1,0
3,1,0
4,2,0
8,1,0
9,1,0
11,1,0
12,1,0
13,1,0
14,1,0
0,4,0
2,1,0
7,2,0
12,1,0
13,2,0
14,2,0
1,1,0
2,1,0
3,1,0
5,1,0
8,1,0
12,1,0
14,3,0
15,1,0
3,1,0
8,1,0
13,1,0
14,1,0
7,1,0
11,1,0
15,1,0
3,1,0
5,1,0
14,1,0
8,4,0
0,1,0
2,1,0
3,2,0
4,1,0
6,1,0
2,2,0
3,2,0
6,2,0
8,2,0
9,2,0
12,2,0
14,3,0
2,1,0
2,1,0
0,1,0
7,1,0
12,1,0
14,1,0
2,1,0
4,1,0
2,2,0
3,2,0
5,2,0
11,2,0
2,1,0
10,1,0
14,1,0
1,2,0
8,1,0
12,2,0
1,1,0
3,1,0
4,1,0
5,1,0
3,1,0
10,1,0
3,1,0
4,4,0
7,1,0
14,1,0
1,1,0
2,1,0
3,1,0
6,1,0
8,2,0
10,1,0
12,1,0
13,1,0
14,1,0
15,1,0
12,3,0
2,1,0
12,1,0
3,1,0
5,5,0
7,1,0
8,1,0
12,1,0
14,2,0
0,1,0
4,1,0
5,1,0
7,2,0
9,1,0
11,1,0
12,1,0
15,1,0
5,1,0
3,2,0
10,2,0
2,3,0
5,4,0
8,3,0
13,4,0
15,3,0
1,1,0
5,1,0
12,3,0
7,1,0
10,1,0
3,1,0
9,1,0
14,1,0
7,1,0
14,2,0
0,1,0
0,1,0
2,1,0
4,1,0
8,8,0
15,1,0
1,1,0
2,2,0
3,1,0
4,1,0
5,1,0
8,1,0
9,1,0
13,1,0
14,1,0
1,1,0
12,2,0
13,1,0
14,1,0
15,1,0
0,1,0
3,1,0
4,3,0
11,1,0
14,1,0
0,1,0
2,1,0
10,1,0
0,1,0
4,1,0
6,1,0
9,1,0
12,1,0
13,1,0
14,1,0
0,1,0
4,1,0
6,1,0
9,1,0
11,1,0
12,1,0
15,1,0
2,1,0
3,2,0
14,1,0
3,2,0
14,2,0
2,2,0
1,1,0
3,1,0
5,1,0
7,1,0
9,3,0
14,1,0
15,4,0
3,1,0
1,1,0
3,1,0
4,2,0
7,1,0
12,1,0
14,1,0
15,1,0
0,1,0
1,1,0
3,1,0
4,1,0
6,1,0
11,1,0
12,1,0
15,1,0
1,1,0
4,1,0
7,4,0
9,2,0
10,1,0
11,2,0
12,2,0
13,2,0
2,1,0
3,1,0
13,1,0
3,1,0
6,1,0
14,2,0
15,1,0
6,1,0
13,1,0
7,1,0
12,1,0
3,2,0
9,2,0
10,2,0
14,2,0
13,1,0
2,2,0
3,2,0
14,3,0
2,1,0
12,1,0
2,1,0
7,1,0
5,1,0
12,1,0
3,1,0
4,1,0
11,1,0
12,1,0
0,1,0
2,1,0
3,4,0
7,1,0
10,1,0
14,1,0
15,1,0
0,6,0
3,2,0
7,1,0
15,1,0
2,1,0
10,1,0
15,1,0
3,2,0
4,2,0
2,1,0
7,1,0
3,2,0
10,1,0
0,1,0
13,1,0
0,2,0
7,3,0
14,2,0
15,3,0
9,1,0
2,1,0
7,1,0
8,1,0
0,2,0
4,1,0
6,1,0
8,1,0
9,2,0
11,1,0
4,6,0
3,1,0
10,2,0
12,1,0
13,1,0
14,1,0
3,2,0
5,2,0
15,3,0
2,3,0
3,1,0
12,2,0
15,1,0
1,1,0
2,1,0
7,1,0
11,2,0
13,1,0
14,1,0
2,1,0
3,2,0
4,2,0
10,1,0
2,1,0
14,1,0
15,1,0
0,1,0
1,1,0
12,1,0
13,1,0
14,1,0
1,1,0
5,1,0
6,1,0
13,2,0
2,1,0
4,1,0
9,1,0
12,2,0
5,1,0
10,1,0
1,1,0
3,5,0
10,2,0
12,1,0
1,2,0
3,2,0
4,2,0
12,3,0
0,2,0
5,1,0
7,1,0
14,3,0
2,8,0
4,2,0
6,3,0
11,3,0
2,2,0
10,2,0
12,1,0
15,1,0
3,1,0
6,1,0
8,1,0
12,1,0
14,1,0
2,1,0
3,1,0
5,1,0
10,2,0
14,1,0
1,1,0
7,1,0
8,1,0
9,2,0
13,1,0
15,1,0
3,1,0
10,1,0
2,1,0
12,1,0
14,1,0
2,1,0
5,3,0
10,1,0
2,3,0
3,3,0
10,2,0
12,4,0
13,3,0
14,2,0
7,1,0
9,4,0
2,1,0
10,2,0
13,1,0
15,1,0
0,2,0
5,2,0
0,1,0
2,2,0
5,1,0
8,3,0
9,3,0
14,3,0
2,1,0
3,3,0
7,2,0
13,4,0
15,2,0
1,1,0
2,1,0
5,1,0
6,1,0
7,1,0
8,2,0
3,1,0
8,5,0
4,1,0
7,3,0
10,1,0
11,1,0
15,1,0
2,3,0
13,3,0
14,4,0
13,1,0
2,3,0
5,1,0
7,2,0
10,1,0
2,1,0
3,2,0
4,1,0
5,1,0
8,1,0
10,1,0
12,1,0
13,1,0
14,1,0
1,1,0
11,1,0
12,1,0
14,2,0
5,1,0
7,1,0
14,3,0
5,1,0
10,2,0
13,2,0
14,1,0
4,1,0
10,1,0
15,2,0
0,1,0
2,1,0
3,1,0
8,1,0
9,1,0
12,1,0
2,1,0
4,1,0
10,1,0
12,1,0
13,1,0
14,1,0
3,1,0
9,2,0
10,1,0
14,3,0
13,1,0
0,1,0
1,1,0
3,2,0
4,1,0
7,1,0
8,3,0
15,2,0
1,5,0
3,1,0
7,2,0
11,1,0
15,2,0
2,3,0
4,2,0
8,5,0
9,2,0
12,2,0
14,2,0
6,2,0
8,3,0
10,1,0
13,1,0
14,1,0
0,2,0
1,2,0
2,2,0
3,1,0
5,1,0
9,1,0
13,1,0
14,2,0
15,3,0
0,2,0
2,2,0
3,1,0
4,2,0
5,2,0
7,2,0
11,2,0
12,2,0
13,2,0
2,1,0
3,1,0
9,1,0
12,1,0
13,1,0
14,1,0
6,1,0
10,5,0
14,1,0
3,1,0
6,1,0
12,1,0
0,1,0
1,1,0
2,1,0
4,2,0
10,1,0
11,1,0
14,1,0
15,1,0
5,1,0
12,1,0
14,1,0
10,3,0
14,1,0
13,1,0
3,1,0
4,1,0
2,1,0
9,1,0
14,1,0
4,2,0
12,2,0
14,2,0
5,1,0
0,1,0
10,1,0
14,1,0
1,2,0
3,1,0
7,2,0
8,1,0
12,1,0
13,1,0
10,1,0
0,10,0
3,1,0
14,1,0
0,2,0
2,2,0
7,1,0
10,1,0
11,2,0
12,1,0
14,1,0
15,1,0
4,2,0
10,1,0
11,1,0
13,1,0
2,3,0
3,2,0
11,2,0
13,2,0
14,2,0
1,1,0
4,1,0
5,1,0
6,1,0
8,2,0
11,2,0
12,2,0
13,1,0
15,1,0
10,2,0
14,4,0
1,1,0
3,1,0
4,1,0
5,1,0
11,1,0
14,1,0
4,1,0
0,1,0
2,1,0
3,1,0
4,1,0
11,2,0
13,1,0
14,1,0
2,4,0
3,1,0
10,1,0
0,1,0
5,1,0
13,1,0
15,3,0
0,2,0
1,1,0
3,2,0
8,2,0
10,1,0
13,3,0
15,1,0
12,2,0
13,3,0
14,2,0
7,5,0
8,3,0
5,1,0
7,2,0
14,1,0
15,1,0
2,1,0
0,3,0
2,3,0
7,2,0
8,3,0
10,1,0
3,1,0
5,1,0
6,2,0
7,1,0
8,1,0
10,1,0
13,1,0
15,1,0
0,3,0
2,2,0
3,3,0
5,2,0
7,3,0
12,3,0
13,2,0
14,2,0
13,2,0
0,2,0
5,2,0
6,1,0
7,1,0
0,1,0
10,1,0
12,1,0
13,1,0
2,1,0
3,1,0
7,1,0
9,2,0
12,1,0
14,1,0
15,1,0
12,2,0
8,2,0
10,3,0
3,1,0
4,1,0
9,1,0
5,1,0
13,1,0
1,2,0
2,1,0
5,2,0
6,1,0
12,2,0
15,7,0
1,3,0
2,1,0
11,2,0
14,1,0
7,1,0
10,3,0
12,2,0
2,1,0
3,1,0
10,1,0
13,1,0
14,1,0
15,1,0
2,1,0
3,1,0
10,5,0
14,1,0
3,1,0
10,1,0
1,6,0
2,3,0
3,3,0
6,4,0
10,3,0
14,2,0
1,1,0
2,1,0
10,1,0
12,1,0
2,1,0
3,1,0
4,1,0
11,1,0
2,1,0
3,1,0
6,2,0
0,1,0
14,1,0
1,1,0
2,1,0
4,1,0
6,1,0
7,1,0
8,1,0
10,1,0
13,1,0
2,2,0
7,1,0
8,1,0
12,1,0
15,1,0
2,1,0
6,1,0
14,2,0
14,2,0
8,2,0
2,1,0
3,1,0
13,1,0
15,1,0
3,1,0
12,2,0
2,2,0
8,2,0
1,1,0
2,2,0
3,4,0
7,1,0
8,2,0
9,1,0
10,1,0
13,1,0
14,1,0
2,2,0
7,1,0
14,2,0
7,1,0
14,1,0
3,2,0
2,1,0
15,6,0
3,2,0
13,2,0
2,2,0
3,2,0
5,2,0
8,2,0
9,1,0
10,1,0
12,2,0
14,2,0
2,1,0
6,1,0
8,1,0
10,1,0
3,2,0
4,1,0
6,1,0
12,1,0
13,1,0
1,3,0
2,1,0
8,2,0
15,1,0
14,1,0
5,1,0
8,1,0
13,1,0
8,2,0
9,2,0
10,3,0
2,1,0
3,1,0
10,1,0
2,3,0
4,1,0
10,1,0
12,1,0
13,1,0
15,1,0
2,1,0
7,3,0
14,1,0
4,2,0
12,2,0
1,1,0
2,1,0
3,1,0
4,1,0
6,1,0
7,1,0
8,2,0
9,1,0
12,1,0
14,1,0
15,1,0
2,1,0
7,1,0
8,1,0
13,1,0
15,1,0
2,2,0
3,2,0
5,2,0
8,3,0
12,2,0
13,3,0
14,1,0
3,3,0
7,2,0
9,2,0
14,2,0
2,1,0
6,1,0
7,1,0
2,1,0
10,3,0
13,1,0
14,1,0
2,1,0
7,2,0
14,3,0
2,1,0
5,1,0
7,1,0
8,1,0
9,1,0
12,1,0
14,1,0
2,2,0
4,3,0
6,1,0
7,1,0
9,3,0
13,3,0
14,3,0
15,1,0
4,2,0
6,3,0
9,2,0
13,2,0
14,2,0
15,2,0
0,1,0
2,1,0
3,1,0
4,1,0
0,1,0
8,2,0
0,2,0
11,1,0
2,1,0
3,1,0
4,1,0
7,1,0
8,1,0
9,1,0
10,1,0
11,1,0
13,1,0
15,1,0
2,1,0
11,2,0
7,1,0
11,1,0
12,1,0
0,1,0
1,1,0
4,1,0
5,1,0
9,1,0
13,1,0
2,3,0
3,1,0
4,3,0
7,3,0
8,3,0
10,3,0
14,1,0
15,1,0
0,1,0
1,2,0
3,3,0
4,1,0
5,2,0
9,2,0
12,2,0
13,2,0
14,1,0
15,3,0
3,1,0
5,1,0
10,1,0
11,1,0
12,3,0
0,1,0
4,2,0
5,1,0
13,1,0
14,1,0
15,5,0
0,1,0
6,1,0
7,1,0
10,1,0
14,1,0
15,4,0
1,3,0
14,3,0
2,1,0
3,1,0
4,1,0
7,1,0
13,1,0
14,1,0
4,1,0
6,1,0
8,1,0
9,1,0
10,1,0
13,1,0
14,1,0
15,1,0
0,1,0
1,1,0
3,1,0
5,1,0
6,1,0
13,1,0
0,1,0
2,1,0
4,1,0
6,1,0
7,1,0
8,2,0
12,2,0
13,1,0
14,1,0
3,3,0
8,1,0
15,2,0
13,1,0
8,1,0
12,1,0
13,1,0
2,1,0
6,2,0
14,1,0
0,1,0
2,1,0
3,1,0
4,3,0
9,2,0
10,2,0
11,1,0
14,1,0
2,2,0
3,2,0
10,1,0
12,2,0
5,2,0
7,1,0
12,2,0
0,1,0
3,1,0
8,1,0
2,1,0
3,1,0
11,1,0
14,1,0
3,1,0
6,1,0
8,1,0
14,2,0
1,1,0
3,1,0
5,1,0
8,1,0
9,1,0
10,1,0
13,1,0
5,1,0
0,1,0
1,3,0
4,3,0
5,3,0
8,3,0
9,1,0
11,3,0
14,2,0
0,1,0
2,1,0
3,1,0
4,1,0
7,1,0
8,1,0
9,1,0
10,1,0
12,1,0
14,1,0
1,2,0
3,2,0
2,1,0
4,1,0
8,1,0
9,1,0
11,1,0
14,2,0
0,3,0
5,2,0
7,1,0
8,1,0
11,1,0
12,1,0
13,1,0
3,1,0
4,1,0
13,1,0
0,1,0
2,1,0
3,1,0
7,1,0
0,1,0
3,1,0
5,1,0
10,1,0
13,1,0
14,1,0
5,1,0
13,3,0
2,1,0
7,1,0
8,1,0
10,2,0
3,1,0
13,1,0
14,2,0
14,1,0
6,2,0
2,3,0
4,2,0
8,4,0
11,2,0
15,1,0
7,1,0
1,2,0
12,1,0
2,1,0
3,1,0
7,3,0
14,1,0
2,1,0
3,1,0
4,2,0
6,1,0
7,1,0
12,1,0
13,3,0
14,1,0
1,6,0
12,1,0
3,1,0
4,1,0
12,1,0
15,1,0
2,1,0
3,1,0
10,1,0
13,1,0
14,1,0
1,1,0
2,1,0
3,1,0
6,1,0
11,1,0
15,10,0
0,1,0
5,2,0
8,1,0
9,1,0
10,1,0
14,1,0
2,1,0
8,1,0
9,3,0
10,1,0
13,1,0
14,1,0
2,1,0
4,1,0
5,1,0
9,1,0
3,1,0
5,6,0
3,3,0
5,1,0
7,1,0
8,1,0
10,2,0
11,1,0
12,1,0
13,1,0
15,1,0
14,1,0
5,2,0
9,1,0
10,1,0
0,2,0
2,2,0
3,1,0
10,1,0
12,2,0
13,2,0
14,2,0
2,1,0
7,1,0
8,1,0
10,1,0
13,2,0
3,2,0
8,1,0
11,3,0
15,1,0
0,1,0
5,3,0
8,1,0
9,1,0
12,1,0
15,1,0
2,1,0
3,1,0
13,1,0
8,1,0
9,1,0
12,1,0
7,1,0
1,3,0
13,2,0
2,1,0
10,1,0
10,3,0
13,1,0
15,3,0
4,1,0
7,1,0
12,3,0
15,2,0
4,1,0
8,2,0
2,1,0
3,2,0
8,2,0
9,2,0
12,2,0
15,3,0
3,1,0
10,2,0
13,1,0
0,2,0
10,1,0
12,4,0
0,1,0
2,1,0
15,1,0
2,1,0
5,1,0
13,1,0
4,2,0
10,2,0
3,1,0
5,1,0
6,1,0
8,1,0
11,1,0
12,1,0
13,1,0
14,1,0
15,1,0
1,1,0
10,1,0
13,1,0
12,1,0
1,2,0
3,2,0
8,3,0
10,5,0
13,1,0
14,2,0
15,2,0
1,1,0
2,1,0
14,1,0
3,2,0
10,2,0
14,1,0
15,1,0
2,1,0
3,1,0
4,1,0
11,1,0
12,1,0
13,1,0
14,1,0
15,1,0
0,1,0
1,1,0
2,1,0
3,1,0
5,3,0
6,1,0
7,5,0
8,1,0
9,3,0
10,1,0
12,1,0
13,1,0
14,1,0
15,1,0
2,1,0
8,6,0
9,4,0
12,2,0
14,2,0
5,1,0
7,1,0
10,1,0
13,1,0
14,1,0
10,1,0
3,1,0
4,1,0
6,3,0
10,2,0
12,1,0
7,1,0
2,1,0
5,1,0
8,1,0
12,3,0
13,1,0
14,1,0
15,2,0
12,1,0
3,2,0
10,1,0
13,1,0
15,1,0
3,1,0
13,3,0
4,2,0
7,1,0
13,5,0
2,1,0
3,1,0
6,1,0
8,1,0
9,1,0
13,1,0
2,1,0
5,1,0
2,1,0
10,1,0
12,1,0
14,1,0
2,1,0
4,4,0
5,2,0
7,1,0
13,1,0
2,1,0
13,1,0
14,2,0
0,1,0
1,1,0
2,1,0
3,1,0
4,1,0
5,1,0
6,1,0
8,1,0
10,1,0
12,1,0
13,1,0
14,1,0
8,1,0
3,2,0
5,3,0
9,3,0
10,1,0
12,1,0
13,1,0
10,2,0
2,1,0
3,1,0
4,1,0
13,1,0
14,1,0
1,1,0
2,1,0
14,1,0
15,1,0
2,1,0
5,1,0
6,1,0
8,4,0
10,1,0
14,1,0
15,1,0
2,1,0
11,1,0
12,1,0
14,1,0
0,1,0
2,1,0
3,2,0
2,3,0
4,2,0
10,2,0
2,1,0
4,1,0
7,1,0
9,1,0
13,1,0
0,1,0
2,1,0
5,2,0
12,1,0
13,1,0
14,1,0
0,2,0
2,2,0
3,2,0
14,1,0
7,1,0
12,1,0
15,1,0
10,3,0
12,4,0
13,4,0
2,1,0
5,4,0
6,1,0
8,3,0
14,2,0
2,1,0
3,1,0
4,1,0
7,1,0
8,3,0
12,2,0
14,1,0
6,1,0
8,1,0
11,1,0
10,2,0
2,3,0
3,3,0
10,3,0
12,3,0
15,4,0
0,1,0
4,1,0
5,1,0
10,1,0
14,1,0
15,1,0
0,1,0
4,1,0
14,1,0
2,1,0
4,1,0
8,1,0
4,2,0
9,2,0
11,1,0
0,4,0
3,1,0
5,3,0
13,1,0
14,1,0
3,1,0
4,1,0
6,1,0
8,1,0
4,1,0
5,1,0
7,1,0
13,2,0
3,1,0
7,1,0
9,1,0
13,1,0
14,2,0
2,2,0
3,2,0
10,2,0
14,5,0
15,2,0
1,2,0
3,2,0
4,2,0
6,2,0
8,2,0
13,1,0
14,1,0
7,1,0
14,2,0
1,2,0
12,1,0
0,2,0
2,1,0
3,1,0
4,1,0
8,1,0
13,1,0
14,1,0
10,1,0
0,1,0
2,1,0
12,1,0
3,1,0
0,1,0
2,1,0
5,1,0
9,1,0
10,1,0
1,1,0
8,1,0
12,1,0
13,1,0
14,1,0
12,2,0
4,1,0
15,2,0
2,2,0
8,3,0
7,1,0
8,1,0
9,1,0
11,1,0
13,1,0
14,1,0
15,1,0
5,1,0
10,1,0
14,1,0
0,1,0
10,1,0
14,1,0
13,1,0
5,3,0
6,2,0
10,2,0
12,2,0
14,4,0
4,1,0
3,1,0
6,1,0
7,1,0
8,1,0
14,1,0
0,2,0
2,1,0
6,2,0
7,1,0
8,1,0
14,1,0
7,2,0
15,1,0
3,2,0
8,2,0
0,1,0
2,1,0
3,1,0
4,1,0
6,1,0
8,2,0
11,2,0
14,1,0
0,1,0
2,1,0
3,3,0
9,1,0
14,1,0
7,1,0
3,1,0
8,1,0
14,1,0
2,1,0
13,1,0
10,1,0
0,1,0
10,2,0
0,1,0
1,1,0
5,1,0
10,1,0
12,1,0
1,1,0
13,1,0
2,1,0
10,1,0
3,1,0
5,2,0
8,1,0
13,1,0
2,2,0
5,2,0
10,2,0
15,2,0
1,1,0
2,1,0
3,1,0
4,1,0
8,1,0
10,1,0
12,1,0
13,1,0
14,1,0
2,1,0
3,1,0
7,1,0
10,1,0
3,2,0
9,2,0
14,2,0
0,1,0
7,1,0
9,2,0
13,1,0
11,2,0
1,1,0
3,1,0
10,1,0
1,1,0
2,1,0
3,1,0
4,2,0
7,1,0
9,1,0
12,1,0
14,1,0
3,2,0
4,1,0
9,1,0
11,1,0
7,1,0
8,1,0
2,1,0
4,1,0
5,1,0
6,1,0
7,1,0
13,1,0
1,2,0
0,4,0
3,4,0
10,1,0
14,5,0
10,1,0
0,2,0
7,2,0
10,2,0
13,2,0
14,1,0
15,2,0
0,1,0
5,2,0
7,1,0
8,1,0
9,1,0
12,1,0
3,1,0
15,5,0
0,1,0
1,1,0
2,1,0
3,1,0
8,1,0
12,1,0
13,1,0
14,1,0
15,3,0
2,1,0
3,1,0
4,1,0
7,1,0
11,1,0
12,2,0
14,1,0
1,1,0
7,1,0
1,1,0
3,1,0
6,1,0
8,1,0
11,1,0
13,1,0
15,1,0
1,1,0
15,1,0
3,1,0
5,3,0
14,2,0
12,2,0
13,2,0
14,4,0
1,1,0
11,1,0
12,1,0
14,1,0
15,2,0
1,1,0
3,2,0
4,1,0
6,1,0
7,1,0
8,1,0
9,1,0
11,1,0
13,1,0
1,2,0
4,1,0
7,1,0
10,1,0
12,1,0
14,1,0
15,2,0
1,5,0
2,1,0
4,1,0
8,1,0
13,1,0
15,1,0
4,1,0
7,1,0
11,2,0
14,1,0
2,2,0
4,1,0
5,1,0
11,2,0
14,1,0
0,4,0
2,1,0
1,1,0
2,1,0
3,1,0
4,1,0
5,1,0
8,1,0
9,1,0
10,1,0
11,2,0
12,1,0
13,1,0
14,1,0
15,1,0
3,2,0
4,2,0
9,2,0
10,2,0
10,1,0
2,1,0
10,1,0
7,1,0
12,1,0
14,1,0
0,2,0
2,2,0
3,3,0
4,2,0
6,2,0
7,2,0
8,2,0
9,2,0
11,1,0
15,1,0
14,1,0
0,3,0
2,1,0
5,1,0
6,1,0
8,1,0
14,1,0
2,1,0
11,1,0
12,1,0
13,2,0
4,1,0
8,1,0
12,1,0
13,1,0
14,1,0
15,1,0
0,1,0
2,1,0
8,1,0
12,2,0
13,1,0
14,1,0
10,2,0
5,3,0
8,2,0
3,1,0
5,3,0
10,1,0
11,1,0
14,1,0
1,1,0
2,1,0
5,2,0
8,3,0
10,1,0
14,1,0
6,1,0
8,1,0
12,1,0
6,9,0
12,1,0
13,5,0
3,2,0
4,1,0
13,1,0
14,1,0
7,3,0
13,1,0
14,1,0
3,1,0
11,1,0
8,2,0
12,1,0
2,1,0
7,1,0
9,2,0
14,6,0
2,1,0
7,6,0
12,3,0
2,1,0
4,2,0
5,2,0
10,2,0
4,1,0
5,1,0
10,1,0
14,2,0
2,1,0
3,1,0
6,2,0
7,3,0
9,3,0
10,1,0
11,1,0
12,1,0
13,1,0
14,1,0
15,1,0
1,1,0
2,1,0
7,1,0
10,4,0
7,1,0
8,1,0
15,1,0
3,1,0
7,1,0
10,2,0
12,1,0
15,1,0
5,2,0
9,3,0
10,2,0
13,2,0
14,2,0
2,1,0
3,1,0
9,1,0
10,1,0
4,1,0
13,1,0
2,1,0
5,4,0
3,1,0
5,1,0
7,4,0
12,1,0
12,3,0
8,2,0
13,1,0
14,3,0
1,1,0
2,1,0
3,2,0
9,3,0
11,1,0
14,1,0
1,2,0
3,2,0
4,1,0
5,1,0
0,1,0
1,1,0
3,3,0
5,5,0
7,1,0
8,1,0
11,3,0
13,1,0
14,1,0
0,1,0
9,1,0
12,1,0
10,1,0
11,5,0
3,2,0
14,2,0
2,1,0
14,1,0
1,1,0
2,2,0
4,1,0
5,1,0
7,1,0
8,1,0
10,1,0
12,2,0
14,1,0
15,2,0
10,1,0
14,1,0
4,2,0
15,1,0
2,1,0
3,1,0
14,1,0
1,3,0
13,2,0
14,5,0
1,3,0
9,3,0
0,1,0
3,1,0
10,1,0
11,2,0
14,1,0
2,2,0
8,2,0
15,2,0
11,2,0
13,5,0
3,1,0
4,4,0
7,3,0
9,2,0
1,2,0
2,1,0
3,1,0
6,1,0
9,1,0
11,2,0
12,1,0
14,1,0
15,1,0
3,1,0
5,1,0
7,1,0
8,1,0
0,3,0
3,1,0
5,1,0
10,2,0
13,1,0
7,2,0
8,1,0
12,2,0
2,1,0
3,1,0
5,1,0
7,1,0
8,1,0
10,1,0
12,1,0
13,3,0
14,1,0
2,1,0
5,2,0
1,1,0
7,1,0
9,1,0
11,1,0
12,3,0
14,1,0
0,3,0
5,1,0
10,1,0
11,1,0
12,1,0
14,1,0
15,1,0
2,3,0
3,1,0
5,2,0
7,1,0
9,1,0
12,1,0
14,1,0
3,2,0
13,1,0
1,4,0
3,1,0
6,1,0
9,1,0
12,1,0
13,2,0
3,1,0
4,1,0
7,1,0
10,1,0
11,1,0
4,1,0
11,1,0
0,1,0
2,1,0
3,1,0
4,1,0
13,2,0
0,2,0
7,1,0
8,1,0
10,1,0
14,1,0
0,1,0
6,1,0
12,1,0
2,1,0
14,2,0
0,1,0
2,1,0
3,1,0
5,1,0
6,1,0
10,9,0
11,1,0
13,1,0
14,1,0
1,4,0
2,2,0
9,2,0
2,1,0
3,1,0
5,4,0
5,1,0
2,1,0
3,1,0
6,1,0
7,1,0
9,1,0
10,2,0
13,1,0
1,1,0
14,1,0
15,2,0
0,2,0
2,2,0
7,2,0
9,2,0
12,2,0
13,2,0
15,2,0
2,5,0
3,1,0
4,1,0
7,2,0
10,1,0
11,1,0
12,1,0
15,1,0
4,1,0
8,1,0
0,1,0
1,2,0
2,1,0
3,1,0
6,1,0
9,1,0
10,1,0
14,1,0
15,1,0
4,2,0
7,1,0
2,1,0
8,4,0
14,1,0
15,1,0
4,4,0
13,1,0
2,1,0
3,1,0
13,1,0
2,1,0
3,1,0
5,1,0
10,1,0
13,1,0
14,2,0
15,1,0
3,1,0
10,1,0
14,1,0
0,2,0
1,2,0
3,3,0
4,1,0
12,2,0
14,1,0
15,1,0
5,1,0
7,5,0
10,1,0
14,2,0
14,1,0
0,1,0
2,1,0
8,2,0
15,2,0
0,1,0
2,1,0
4,1,0
5,2,0
7,1,0
10,1,0
12,1,0
14,1,0
15,1,0
3,1,0
6,1,0
12,1,0
14,1,0
3,1,0
4,1,0
12,1,0
13,2,0
15,1,0
13,1,0
5,3,0
8,1,0
10,2,0
14,1,0
1,1,0
10,2,0
8,4,0
14,1,0
2,2,0
4,2,0
14,2,0
0,1,0
2,1,0
6,1,0
8,1,0
10,1,0
13,1,0
14,1,0
15,1,0
1,2,0
6,2,0
12,1,0
6,1,0
13,2,0
0,1,0
1,7,0
2,1,0
7,1,0
10,1,0
14,1,0
0,1,0
4,1,0
3,2,0
12,2,0
0,1,0
6,1,0
9,2,0
12,1,0
15,1,0
8,1,0
10,1,0
9,2,0
10,1,0
4,1,0
2,3,0
8,1,0
14,1,0
15,1,0
3,2,0
10,1,0
1,1,0
3,1,0
7,1,0
7,1,0
2,3,0
4,2,0
6,2,0
7,1,0
8,2,0
10,2,0
11,3,0
14,3,0
13,1,0
15,1,0
14,3,0
15,1,0
0,3,0
14,1,0
15,3,0
1,1,0
9,2,0
11,1,0
15,2,0
2,2,0
9,3,0
3,1,0
10,1,0
12,1,0
8,5,0
10,4,0
4,1,0
6,1,0
7,1,0
12,1,0
14,1,0
0,2,0
3,1,0
7,3,0
8,1,0
11,1,0
15,1,0
3,1,0
11,1,0
0,1,0
1,1,0
3,1,0
4,1,0
5,1,0
6,1,0
7,1,0
8,1,0
10,1,0
0,1,0
2,1,0
10,2,0
12,1,0
13,1,0
14,1,0
15,1,0
2,2,0
3,1,0
7,1,0
13,1,0
2,1,0
3,1,0
9,1,0
10,2,0
14,1,0
0,1,0
6,1,0
14,1,0
14,3,0
12,1,0
0,1,0
2,1,0
4,1,0
8,1,0
12,1,0
14,1,0
4,2,0
2,1,0
7,1,0
11,1,0
2,1,0
3,2,0
9,1,0
10,2,0
12,2,0
15,2,0
1,3,0
13,4,0
2,1,0
14,1,0
5,1,0
6,1,0
8,1,0
4,1,0
5,1,0
8,1,0
12,1,0
14,1,0
5,2,0
3,2,0
7,2,0
3,1,0
7,1,0
11,1,0
12,1,0
13,1,0
3,1,0
4,3,0
8,1,0
11,1,0
13,1,0
14,1,0
14,1,0
0,2,0
1,1,0
3,2,0
6,1,0
8,2,0
10,2,0
2,1,0
4,1,0
6,1,0
10,1,0
12,1,0
13,2,0
2,1,0
8,1,0
9,1,0
13,1,0
14,1,0
1,1,0
5,1,0
6,3,0
11,1,0
13,1,0
15,1,0
2,2,0
5,1,0
7,1,0
12,1,0
13,1,0
14,1,0
2,2,0
0,1,0
1,1,0
2,1,0
3,1,0
4,1,0
6,1,0
11,1,0
13,1,0
15,1,0
3,1,0
5,1,0
1,1,0
2,1,0
3,4,0
6,1,0
8,1,0
11,2,0
12,1,0
14,3,0
2,2,0
4,2,0
10,2,0
15,2,0
2,1,0
3,1,0
5,1,0
6,1,0
12,1,0
13,1,0
14,1,0
15,1,0
0,2,0
4,2,0
8,2,0
13,2,0
1,2,0
11,1,0
13,2,0
2,1,0
3,1,0
4,1,0
7,1,0
9,1,0
13,1,0
14,1,0
15,1,0
9,1,0
2,1,0
9,1,0
13,1,0
14,1,0
2,1,0
15,1,0
0,2,0
0,8,0
2,2,0
3,1,0
1,3,0
2,2,0
4,3,0
6,3,0
9,2,0
11,3,0
13,3,0
15,2,0
2,1,0
7,1,0
8,1,0
12,1,0
13,2,0
14,1,0
15,1,0
1,1,0
2,1,0
8,1,0
9,1,0
10,1,0
12,1,0
13,1,0
14,1,0
2,1,0
7,1,0
14,1,0
3,1,0
4,1,0
7,1,0
8,1,0
9,1,0
14,1,0
2,1,0
6,1,0
7,1,0
10,2,0
11,1,0
14,1,0
15,1,0
1,1,0
10,2,0
12,1,0
2,1,0
6,1,0
7,1,0
8,1,0
11,3,0
13,1,0
15,2,0
5,1,0
6,1,0
8,1,0
11,1,0
14,1,0
1,1,0
8,2,0
15,1,0
13,1,0
14,1,0
2,1,0
2,1,0
12,1,0
4,1,0
7,1,0
9,1,0
11,3,0
2,1,0
4,1,0
7,1,0
2,1,0
3,1,0
6,2,0
10,1,0
12,1,0
14,1,0
3,2,0
4,2,0
14,4,0
2,1,0
3,1,0
9,1,0
12,1,0
13,1,0
14,1,0
3,4,0
9,2,0
14,4,0
1,1,0
2,1,0
4,1,0
6,1,0
2,1,0
12,1,0
2,1,0
3,3,0
4,1,0
5,1,0
1,2,0
7,1,0
13,1,0
14,1,0
2,4,0
3,3,0
7,3,0
14,2,0
6,1,0
8,4,0
12,1,0
5,1,0
7,1,0
12,1,0
0,1,0
2,1,0
7,4,0
9,4,0
10,1,0
11,1,0
13,4,0
14,4,0
6,1,0
3,5,0
14,1,0
2,1,0
5,1,0
6,1,0
8,1,0
10,1,0
11,2,0
12,1,0
13,1,0
14,1,0
7,1,0
8,2,0
5,2,0
10,3,0
15,2,0
0,1,0
1,1,0
4,1,0
12,1,0
13,1,0
14,1,0
2,1,0
7,6,0
11,1,0
15,1,0
2,2,0
3,3,0
8,2,0
12,2,0
14,2,0
6,1,0
8,1,0
9,2,0
14,1,0
2,4,0
10,5,0
13,2,0
2,2,0
3,1,0
4,1,0
5,4,0
7,2,0
10,1,0
14,1,0
2,1,0
3,1,0
4,1,0
8,1,0
15,2,0
3,1,0
5,1,0
11,7,0
12,1,0
2,1,0
5,1,0
7,1,0
14,1,0
0,1,0
2,1,0
3,1,0
3,3,0
4,3,0
13,3,0
1,1,0
6,1,0
15,1,0
7,1,0
11,1,0
12,1,0
1,2,0
5,3,0
14,2,0
2,1,0
4,1,0
10,2,0
13,1,0
14,1,0
0,1,0
1,2,0
4,2,0
5,2,0
6,2,0
9,1,0
13,2,0
14,2,0
14,1,0
3,1,0
14,1,0
2,1,0
4,1,0
8,1,0
9,1,0
12,1,0
15,1,0
0,1,0
2,1,0
8,1,0
0,1,0
3,1,0
4,3,0
5,1,0
7,1,0
12,1,0
13,1,0
3,1,0
11,3,0
15,1,0
0,1,0
9,2,0
12,1,0
14,3,0
13,3,0
14,1,0
3,1,0
4,1,0
7,1,0
10,2,0
1,3,0
2,1,0
9,3,0
12,2,0
13,2,0
3,1,0
10,3,0
14,2,0
2,1,0
5,2,0
14,2,0
15,2,0
0,1,0
2,1,0
4,1,0
7,1,0
9,1,0
12,3,0
14,1,0
3,1,0
5,1,0
1,3,0
10,2,0
13,1,0
14,2,0
15,2,0
0,5,0
2,1,0
7,1,0
13,1,0
15,1,0
2,3,0
4,3,0
5,4,0
6,1,0
14,5,0
15,5,0
3,1,0
14,1,0
2,1,0
14,1,0
0,2,0
3,1,0
9,1,0
12,1,0
7,1,0
12,4,0
14,1,0
1,2,0
3,2,0
14,1,0
8,1,0
2,1,0
3,3,0
7,1,0
13,1,0
14,1,0
15,1,0
3,1,0
5,1,0
10,1,0
13,1,0
5,1,0
14,1,0
1,1,0
6,1,0
12,1,0
13,1,0
14,1,0
0,1,0
2,1,0
3,1,0
5,1,0
6,1,0
7,1,0
10,1,0
13,1,0
14,1,0
3,2,0
1,2,0
12,1,0
13,1,0
2,1,0
3,1,0
15,1,0
0,4,0
3,1,0
8,2,0
12,4,0
15,1,0
2,1,0
15,1,0
10,2,0
13,1,0
15,3,0
9,1,0
12,1,0
15,1,0
8,1,0
10,1,0
14,2,0
0,2,0
2,1,0
10,1,0
13,1,0
4,3,0
3,2,0
4,2,0
9,1,0
10,1,0
13,1,0
15,1,0
2,2,0
8,1,0
13,1,0
0,2,0
3,1,0
6,2,0
7,4,0
8,3,0
10,3,0
14,2,0
0,1,0
1,1,0
3,1,0
6,1,0
9,1,0
14,1,0
1,1,0
10,1,0
13,2,0
6,2,0
8,2,0
13,1,0
0,1,0
1,1,0
2,1,0
13,1,0
14,3,0
3,1,0
5,1,0
6,1,0
7,1,0
2,2,0
14,1,0
1,3,0
7,1,0
0,1,0
7,2,0
2,1,0
3,1,0
2,1,0
5,1,0
7,1,0
14,1,0
15,1,0
7,1,0
10,1,0
9,1,0
13,2,0
14,1,0
15,1,0
3,1,0
6,1,0
8,1,0
9,1,0
12,3,0
14,1,0
15,1,0
3,1,0
4,1,0
5,1,0
7,1,0
9,1,0
10,1,0
14,1,0
12,1,0
14,6,0
0,1,0
15,1,0
2,1,0
14,1,0
6,1,0
0,1,0
1,1,0
2,1,0
3,1,0
11,2,0
13,1,0
14,1,0
2,1,0
5,2,0
7,2,0
13,5,0
2,1,0
3,1,0
7,1,0
10,2,0
13,3,0
15,1,0
2,2,0
3,2,0
4,3,0
5,4,0
8,3,0
12,3,0
13,5,0
14,2,0
0,6,0
2,1,0
7,1,0
8,5,0
11,1,0
14,1,0
8,1,0
2,1,0
9,1,0
13,1,0
14,1,0
5,3,0
2,1,0
3,1,0
6,1,0
7,1,0
10,1,0
11,1,0
12,1,0
7,1,0
9,1,0
10,1,0
14,1,0
9,1,0
15,1,0
0,1,0
2,3,0
9,2,0
15,2,0
0,1,0
1,1,0
2,1,0
6,1,0
12,1,0
14,1,0
0,1,0
13,1,0
15,2,0
1,5,0
2,2,0
3,2,0
5,2,0
8,2,0
10,2,0
14,3,0
2,2,0
7,2,0
1,1,0
2,2,0
3,3,0
4,1,0
6,2,0
7,1,0
9,2,0
11,1,0
15,2,0
3,1,0
4,1,0
5,1,0
7,1,0
8,1,0
10,1,0
12,1,0
14,1,0
2,2,0
3,1,0
4,1,0
10,1,0
11,1,0
12,1,0
14,1,0
3,1,0
13,1,0
2,2,0
4,1,0
12,1,0
0,2,0
3,1,0
5,1,0
13,1,0
0,1,0
2,1,0
3,2,0
4,1,0
5,1,0
6,3,0
11,1,0
12,1,0
14,1,0
15,2,0
2,1,0
7,1,0
9,1,0
10,1,0
12,1,0
13,1,0
9,7,0
10,3,0
5,3,0
10,1,0
12,1,0
0,1,0
2,1,0
7,1,0
10,1,0
14,1,0
2,3,0
9,1,0
4,1,0
13,1,0
14,1,0
8,1,0
3,1,0
5,1,0
13,1,0
14,2,0
7,1,0
8,1,0
15,1,0
12,2,0
0,1,0
14,1,0
10,2,0
13,3,0
2,3,0
5,1,0
8,5,0
9,1,0
13,1,0
2,2,0
4,1,0
6,1,0
13,1,0
14,1,0
3,1,0
0,1,0
3,1,0
5,1,0
7,1,0
8,2,0
10,4,0
11,1,0
12,1,0
13,1,0
14,1,0
15,1,0
13,3,0
1,1,0
3,1,0
4,2,0
5,1,0
7,1,0
0,1,0
2,4,0
4,1,0
8,1,0
9,1,0
14,1,0
2,3,0
5,1,0
12,2,0
13,1,0
14,1,0
2,1,0
3,1,0
7,1,0
14,1,0
4,1,0
7,1,0
15,1,0
3,1,0
2,1,0
9,1,0
13,1,0
14,2,0
5,1,0
7,1,0
9,1,0
10,1,0
13,1,0
2,1,0
3,1,0
4,1,0
8,1,0
15,1,0
9,1,0
4,1,0
6,1,0
13,1,0
14,1,0
9,3,0
2,2,0
2,3,0
3,3,0
4,2,0
8,3,0
9,6,0
10,6,0
13,2,0
14,3,0
15,3,0
1,2,0
7,2,0
10,1,0
9,3,0
13,4,0
14,3,0
2,1,0
14,1,0
0,1,0
3,3,0
5,1,0
10,2,0
9,4,0
12,1,0
11,2,0
14,1,0
7,1,0
10,1,0
13,1,0
15,1,0
0,2,0
5,2,0
9,2,0
15,2,0
3,1,0
9,1,0
2,3,0
7,2,0
8,3,0
9,2,0
15,3,0
3,1,0
7,1,0
8,1,0
11,1,0
12,1,0
13,1,0
14,1,0
5,1,0
13,1,0
14,1,0
15,1,0
0,4,0
5,3,0
4,1,0
14,1,0
2,2,0
4,1,0
7,1,0
11,1,0
12,4,0
0,2,0
1,2,0
3,2,0
8,2,0
9,1,0
0,1,0
2,2,0
3,2,0
4,2,0
7,2,0
8,2,0
14,2,0
5,1,0
14,1,0
5,1,0
12,6,0
13,1,0
3,4,0
14,4,0
1,2,0
6,1,0
7,1,0
8,1,0
9,2,0
15,1,0
2,1,0
5,9,0
6,1,0
8,1,0
8,1,0
14,2,0
7,1,0
15,1,0
2,1,0
13,1,0
3,1,0
6,4,0
7,1,0
7,1,0
10,1,0
13,1,0
1,1,0
14,1,0
0,2,0
5,2,0
15,1,0
2,2,0
3,1,0
11,1,0
13,1,0
3,1,0
4,1,0
5,1,0
6,6,0
8,1,0
10,1,0
12,2,0
0,2,0
1,1,0
2,1,0
3,1,0
4,1,0
5,2,0
6,1,0
7,1,0
8,1,0
12,1,0
13,1,0
14,4,0
15,2,0
7,1,0
10,1,0
13,1,0
3,1,0
2,2,0
3,2,0
5,2,0
6,3,0
8,3,0
12,2,0
13,2,0
3,1,0
5,1,0
8,1,0
13,2,0
12,1,0
12,1,0
1,1,0
5,1,0
2,1,0
9,2,0
10,1,0
11,3,0
13,2,0
4,1,0
8,1,0
12,1,0
14,1,0
2,2,0
6,3,0
8,1,0
14,1,0
2,2,0
10,1,0
11,2,0
12,1,0
14,1,0
2,1,0
9,2,0
1,1,0
2,1,0
3,1,0
14,1,0
2,1,0
5,1,0
7,2,0
10,1,0
12,1,0
0,2,0
1,3,0
4,1,0
5,1,0
15,1,0
3,1,0
14,3,0
15,5,0
3,1,0
4,2,0
13,1,0
14,2,0
2,1,0
7,1,0
15,3,0
10,1,0
13,1,0
2,1,0
15,1,0
4,1,0
0,1,0
7,1,0
11,1,0
13,1,0
0,2,0
8,1,0
9,1,0
13,2,0
2,1,0
8,1,0
2,1,0
5,1,0
7,1,0
8,1,0
13,1,0
14,1,0
1,2,0
2,1,0
3,1,0
4,1,0
7,1,0
9,1,0
11,1,0
5,2,0
6,2,0
12,2,0
13,2,0
14,1,0
15,2,0
2,2,0
3,2,0
10,1,0
0,1,0
3,2,0
13,1,0
6,1,0
14,2,0
7,2,0
8,1,0
2,1,0
7,1,0
9,1,0
14,1,0
0,1,0
2,1,0
3,3,0
5,1,0
6,3,0
7,2,0
8,2,0
10,1,0
11,2,0
12,2,0
14,2,0
2,1,0
3,3,0
5,3,0
7,3,0
10,3,0
12,3,0
13,3,0
13,1,0
2,1,0
8,1,0
4,2,0
7,1,0
12,1,0
13,2,0
14,1,0
15,2,0
13,1,0
10,1,0
14,1,0
2,1,0
3,1,0
10,1,0
13,1,0
14,1,0
3,1,0
4,1,0
8,1,0
13,1,0
14,1,0
8,1,0
10,1,0
11,3,0
0,1,0
3,2,0
7,1,0
9,1,0
10,1,0
0,1,0
5,1,0
10,1,0
13,1,0
9,4,0
3,1,0
11,1,0
12,1,0
8,1,0
12,1,0
3,1,0
11,1,0
14,1,0
8,1,0
9,1,0
2,1,0
3,2,0
7,1,0
9,1,0
12,1,0
14,1,0
1,1,0
4,1,0
6,1,0
12,1,0
14,2,0
7,1,0
12,1,0
6,1,0
4,3,0
7,2,0
14,1,0
2,2,0
3,4,0
4,6,0
10,2,0
13,4,0
14,2,0
0,2,0
2,1,0
4,3,0
7,1,0
12,1,0
14,1,0
1,1,0
2,2,0
3,1,0
4,1,0
8,1,0
12,1,0
13,1,0
14,1,0
2,1,0
3,1,0
5,1,0
9,2,0
10,1,0
12,1,0
13,2,0
14,1,0
15,1,0
12,1,0
5,2,0
9,1,0
12,1,0
2,1,0
7,1,0
10,1,0
13,1,0
2,2,0
6,2,0
9,2,0
10,2,0
12,2,0
13,2,0
14,2,0
4,1,0
7,1,0
3,3,0
4,3,0
9,3,0
10,3,0
15,3,0
10,1,0
13,1,0
0,1,0
2,1,0
9,1,0
10,3,0
14,1,0
3,3,0
4,1,0
6,1,0
7,1,0
9,1,0
12,4,0
13,1,0
1,2,0
15,1,0
2,1,0
5,1,0
8,1,0
10,1,0
13,1,0
14,1,0
3,1,0
5,1,0
7,1,0
13,1,0
14,1,0
15,1,0
5,1,0
9,1,0
12,1,0
4,1,0
2,1,0
13,1,0
14,3,0
0,1,0
2,1,0
3,1,0
4,2,0
9,1,0
11,1,0
14,1,0
8,1,0
10,3,0
14,1,0
15,1,0
0,1,0
6,3,0
12,1,0
15,1,0
7,1,0
2,1,0
6,1,0
10,1,0
12,1,0
13,1,0
15,1,0
5,2,0
6,1,0
7,2,0
2,2,0
15,2,0
0,1,0
4,1,0
0,1,0
2,1,0
5,1,0
7,1,0
8,1,0
3,1,0
9,1,0
14,1,0
1,2,0
6,2,0
9,1,0
12,1,0
14,2,0
7,2,0
15,1,0
0,1,0
1,1,0
2,1,0
4,3,0
9,1,0
10,1,0
14,1,0
1,2,0
3,2,0
4,4,0
8,7,0
9,3,0
10,2,0
13,2,0
2,1,0
14,1,0
15,1,0
10,4,0
12,1,0
11,1,0
14,1,0
9,2,0
11,1,0
13,1,0
15,3,0
3,1,0
5,1,0
6,1,0
7,1,0
3,1,0
4,2,0
5,1,0
7,1,0
8,1,0
11,1,0
13,1,0
14,1,0
0,1,0
13,1,0
4,1,0
11,1,0
13,2,0
6,1,0
2,1,0
3,1,0
5,1,0
12,1,0
14,1,0
3,1,0
5,1,0
2,1,0
10,1,0
12,3,0
14,1,0
15,2,0
2,3,0
4,1,0
11,7,0
3,2,0
14,2,0
5,1,0
10,2,0
2,1,0
8,1,0
2,1,0
4,1,0
5,1,0
6,2,0
7,1,0
8,1,0
15,1,0
7,3,0
5,1,0
10,1,0
3,2,0
8,1,0
10,1,0
14,2,0
2,1,0
3,1,0
5,1,0
8,2,0
11,1,0
13,3,0
14,1,0
14,2,0
8,4,0
11,1,0
12,1,0
13,2,0
14,1,0
15,1,0
8,1,0
12,1,0
14,1,0
2,1,0
3,1,0
3,1,0
13,1,0
14,1,0
2,2,0
3,3,0
7,1,0
3,2,0
12,3,0
2,2,0
12,1,0
0,2,0
14,1,0
3,2,0
6,1,0
12,1,0
3,1,0
10,1,0
3,3,0
14,1,0
1,1,0
3,2,0
15,1,0
2,1,0
13,1,0
14,1,0
2,2,0
12,3,0
13,1,0
1,2,0
2,1,0
4,1,0
6,1,0
12,2,0
13,1,0
15,3,0
12,1,0
13,1,0
15,3,0
9,1,0
12,1,0
0,1,0
12,1,0
3,1,0
12,2,0
1,1,0
12,2,0
0,1,0
2,1,0
4,1,0
10,1,0
13,1,0
3,1,0
7,1,0
10,1,0
13,1,0
2,1,0
5,1,0
13,1,0
4,1,0
5,1,0
11,1,0
13,1,0
2,2,0
4,2,0
7,2,0
13,2,0
14,2,0
2,5,0
4,2,0
5,2,0
13,2,0
15,2,0
2,1,0
10,3,0
1,2,0
1,5,0
4,1,0
15,1,0
3,3,0
10,1,0
15,1,0
2,1,0
4,1,0
12,1,0
13,1,0
14,1,0
14,1,0
7,1,0
8,1,0
9,3,0
14,2,0
6,1,0
8,1,0
14,2,0
2,6,0
4,1,0
12,1,0
14,3,0
15,1,0
0,1,0
2,1,0
4,1,0
8,1,0
9,1,0
13,1,0
14,1,0
6,1,0
8,1,0
10,3,0
13,1,0
14,1,0
2,1,0
13,1,0
2,5,0
11,1,0
12,1,0
3,2,0
15,1,0
9,2,0
3,1,0
14,1,0
1,1,0
7,3,0
9,1,0
13,1,0
14,1,0
2,2,0
14,3,0
7,2,0
10,1,0
0,1,0
2,1,0
3,1,0
5,1,0
6,2,0
15,1,0
3,1,0
4,1,0
3,1,0
14,1,0
0,2,0
2,2,0
7,1,0
14,2,0
7,1,0
10,1,0
12,2,0
14,1,0
2,1,0
13,1,0
14,1,0
12,1,0
8,1,0
7,1,0
12,1,0
2,3,0
3,1,0
15,1,0
10,1,0
12,1,0
15,1,0
15,2,0
4,1,0
8,2,0
10,1,0
11,1,0
12,1,0
13,1,0
14,1,0
3,1,0
10,1,0
13,1,0
14,1,0
15,1,0
15,5,0
10,1,0
4,1,0
9,1,0
12,4,0
10,2,0
13,1,0
2,1,0
13,1,0
10,3,0
15,4,0
3,1,0
9,2,0
5,3,0
12,3,0
14,1,0
14,1,0
15,1,0
0,2,0
8,1,0
9,3,0
13,1,0
14,2,0
10,1,0
11,1,0
0,1,0
15,3,0
7,1,0
13,2,0
2,1,0
7,1,0
12,1,0
13,1,0
15,1,0
2,2,0
7,4,0
13,2,0
3,1,0
7,1,0
2,1,0
12,1,0
14,1,0
0,1,0
7,1,0
10,3,0
14,2,0
10,1,0
3,2,0
4,1,0
2,1,0
3,1,0
4,2,0
7,2,0
8,1,0
5,2,0
14,3,0
3,1,0
0,2,0
8,1,0
13,1,0
14,1,0
7,1,0
10,3,0
13,1,0
2,1,0
5,1,0
10,1,0
14,1,0
1,1,0
9,1,0
14,1,0
2,1,0
0,2,0
2,1,0
4,1,0
14,1,0
3,4,0
9,2,0
7,3,0
8,1,0
13,2,0
14,2,0
3,1,0
7,1,0
9,1,0
12,1,0
14,1,0
15,1,0
2,1,0
4,1,0
15,1,0
2,1,0
4,4,0
6,7,0
7,3,0
2,1,0
3,3,0
5,1,0
6,1,0
7,1,0
11,1,0
15,1,0
2,1,0
2,1,0
4,1,0
5,1,0
6,1,0
11,1,0
2,1,0
3,2,0
8,1,0
10,1,0
13,1,0
14,1,0
8,1,0
13,1,0
0,1,0
2,1,0
4,1,0
13,1,0
15,1,0
2,1,0
5,3,0
9,1,0
12,1,0
14,1,0
2,1,0
10,1,0
14,1,0
15,2,0
10,1,0
12,1,0
15,1,0
4,2,0
6,1,0
7,1,0
0,1,0
1,1,0
2,1,0
3,1,0
8,1,0
9,1,0
14,1,0
1,1,0
3,1,0
8,1,0
13,1,0
14,1,0
2,2,0
4,1,0
9,1,0
12,1,0
15,1,0
3,1,0
4,3,0
6,2,0
7,1,0
13,2,0
0,2,0
7,1,0
13,1,0
4,1,0
5,1,0
7,1,0
8,1,0
11,1,0
12,3,0
2,2,0
3,1,0
4,1,0
7,1,0
3,1,0
6,1,0
9,1,0
10,1,0
13,2,0
15,2,0
5,7,0
14,2,0
3,1,0
7,1,0
8,1,0
14,1,0
1,1,0
12,1,0
0,1,0
2,1,0
3,1,0
4,2,0
5,1,0
6,1,0
9,1,0
14,1,0
2,1,0
12,1,0
2,1,0
3,2,0
11,1,0
14,1,0
7,1,0
12,3,0
2,1,0
10,1,0
2,2,0
4,2,0
10,3,0
13,2,0
7,1,0
3,1,0
3,1,0
4,2,0
12,1,0
15,2,0
4,1,0
8,1,0
14,1,0
10,1,0
2,1,0
10,1,0
12,1,0
15,1,0
2,1,0
4,3,0
8,2,0
13,1,0
15,1,0
3,1,0
0,1,0
10,1,0
13,1,0
14,1,0
0,1,0
2,1,0
5,1,0
10,1,0
14,1,0
3,1,0
9,1,0
0,3,0
5,1,0
12,1,0
13,1,0
15,1,0
8,1,0
14,1,0
7,1,0
8,1,0
11,1,0
12,1,0
1,1,0
3,1,0
14,1,0
0,1,0
2,2,0
5,2,0
7,1,0
10,1,0
13,1,0
14,2,0
15,2,0
1,1,0
2,1,0
3,1,0
5,1,0
14,1,0
6,1,0
8,1,0
9,1,0
11,1,0
13,1,0
2,1,0
5,1,0
14,1,0
2,1,0
4,3,0
10,1,0
11,1,0
7,1,0
2,2,0
13,2,0
2,1,0
6,1,0
7,1,0
13,1,0
15,1,0
5,5,0
7,1,0
12,2,0
1,1,0
3,1,0
5,1,0
6,1,0
14,1,0
2,1,0
4,1,0
5,2,0
7,1,0
8,2,0
10,1,0
2,1,0
4,1,0
11,1,0
15,1,0
6,1,0
10,1,0
15,1,0
14,1,0
3,1,0
9,1,0
10,1,0
14,1,0
15,1,0
1,1,0
4,1,0
9,1,0
15,1,0
12,3,0
13,2,0
3,1,0
7,2,0
9,1,0
10,1,0
11,2,0
14,2,0
2,1,0
3,1,0
4,1,0
10,1,0
11,1,0
13,1,0
14,1,0
15,1,0
1,1,0
3,2,0
12,1,0
3,1,0
6,3,0
8,1,0
14,1,0
5,1,0
14,1,0
15,1,0
0,1,0
4,2,0
4,2,0
7,1,0
10,1,0
2,1,0
5,1,0
3,1,0
4,1,0
7,2,0
8,1,0
12,1,0
13,1,0
0,4,0
2,1,0
3,1,0
5,1,0
8,3,0
13,1,0
14,3,0
6,1,0
2,1,0
4,1,0
6,1,0
11,1,0
14,1,0
15,1,0
3,1,0
6,1,0
10,1,0
11,1,0
14,2,0
3,1,0
10,1,0
12,2,0
15,1,0
10,2,0
2,1,0
3,1,0
8,1,0
15,1,0
2,1,0
15,2,0
10,1,0
12,1,0
0,1,0
11,1,0
4,1,0
6,1,0
8,4,0
12,1,0
13,1,0
14,1,0
0,1,0
15,1,0
8,1,0
11,1,0
14,1,0
2,1,0
7,2,0
0,1,0
9,1,0
10,1,0
13,3,0
14,1,0
7,2,0
8,1,0
13,1,0
15,2,0
2,1,0
8,1,0
10,2,0
14,1,0
15,1,0
4,1,0
7,1,0
9,1,0
14,1,0
0,1,0
1,1,0
3,1,0
5,1,0
9,2,0
13,1,0
14,1,0
3,1,0
11,1,0
12,1,0
13,2,0
2,1,0
4,1,0
10,1,0
12,1,0
14,3,0
2,1,0
4,1,0
9,2,0
12,1,0
13,1,0
14,1,0
15,1,0
10,1,0
13,1,0
14,1,0
1,1,0
2,1,0
5,2,0
7,1,0
11,2,0
12,10,0
13,1,0
2,1,0
10,1,0
14,1,0
2,2,0
5,2,0
15,1,0
3,2,0
5,1,0
11,2,0
15,4,0
2,1,0
0,2,0
5,2,0
8,2,0
10,2,0
12,1,0
13,1,0
14,1,0
14,2,0
0,1,0
3,1,0
5,1,0
6,1,0
12,2,0
0,1,0
3,1,0
4,1,0
5,1,0
6,2,0
7,1,0
12,1,0
13,1,0
0,1,0
1,1,0
3,1,0
4,1,0
6,1,0
7,1,0
8,1,0
9,1,0
10,1,0
13,1,0
14,1,0
0,1,0
2,1,0
3,1,0
5,1,0
6,1,0
8,1,0
10,1,0
12,1,0
14,1,0
15,3,0
2,1,0
6,1,0
1,1,0
2,2,0
14,2,0
3,1,0
6,1,0
12,1,0
15,1,0
0,1,0
2,1,0
5,1,0
6,1,0
9,1,0
10,3,0
13,1,0
0,1,0
5,2,0
12,1,0
13,1,0
14,1,0
1,1,0
15,1,0
15,1,0
0,2,0
2,1,0
6,4,0
7,2,0
9,1,0
13,2,0
15,2,0
0,2,0
5,1,0
9,1,0
10,3,0
12,3,0
5,2,0
6,1,0
5,1,0
10,1,0
0,1,0
2,1,0
3,1,0
6,1,0
7,1,0
12,2,0
13,1,0
1,1,0
7,1,0
4,1,0
7,1,0
10,1,0
14,1,0
10,1,0
13,1,0
5,1,0
6,1,0
8,1,0
10,1,0
13,1,0
9,4,0
11,1,0
14,4,0
3,3,0
10,2,0
14,1,0
3,1,0
12,1,0
13,1,0
15,1,0
6,1,0
2,1,0
13,1,0
14,1,0
0,1,0
1,1,0
2,1,0
3,2,0
5,1,0
6,1,0
10,1,0
12,1,0
14,1,0
1,1,0
14,1,0
3,1,0
1,1,0
2,1,0
3,2,0
4,1,0
7,1,0
10,2,0
3,1,0
8,1,0
12,1,0
15,4,0
2,1,0
7,1,0
8,1,0
9,2,0
10,1,0
14,1,0
1,1,0
2,1,0
7,2,0
9,1,0
14,1,0
6,1,0
12,1,0
15,1,0
2,1,0
3,1,0
9,2,0
14,1,0
3,1,0
13,1,0
15,1,0
13,1,0
5,1,0
7,1,0
10,1,0
13,7,0
9,1,0
3,1,0
15,1,0
0,1,0
3,1,0
8,1,0
10,3,0
3,2,0
6,1,0
13,1,0
2,1,0
12,1,0
14,2,0
3,1,0
9,1,0
1,4,0
2,3,0
8,2,0
9,6,0
13,3,0
2,1,0
6,1,0
8,1,0
3,1,0
5,1,0
10,1,0
12,1,0
12,1,0
13,1,0
14,1,0
3,1,0
7,2,0
10,1,0
1,4,0
3,2,0
8,2,0
10,3,0
14,4,0
3,2,0
9,1,0
10,1,0
13,1,0
14,2,0
1,1,0
7,1,0
8,2,0
9,2,0
15,1,0
0,1,0
1,1,0
2,2,0
1,1,0
2,1,0
3,1,0
4,1,0
5,1,0
8,1,0
12,1,0
14,1,0
0,3,0
14,1,0
0,1,0
1,1,0
0,2,0
1,2,0
3,2,0
4,1,0
12,2,0
1,1,0
4,1,0
7,1,0
9,1,0
13,1,0
14,1,0
15,1,0
7,1,0
15,1,0
2,1,0
7,1,0
15,1,0
2,1,0
7,2,0
15,2,0
12,1,0
1,2,0
2,2,0
3,1,0
8,4,0
9,1,0
12,2,0
15,4,0
0,1,0
1,2,0
5,2,0
14,3,0
2,1,0
4,1,0
7,1,0
9,1,0
12,3,0
3,1,0
4,1,0
11,2,0
2,2,0
14,2,0
10,2,0
12,2,0
14,2,0
15,2,0
3,1,0
5,1,0
14,1,0
2,1,0
8,1,0
13,1,0
0,1,0
2,1,0
6,3,0
9,4,0
10,1,0
2,1,0
4,1,0
6,1,0
0,1,0
3,1,0
4,1,0
5,1,0
6,1,0
7,1,0
9,1,0
12,1,0
14,1,0
3,4,0
14,4,0
2,1,0
0,1,0
1,1,0
4,1,0
8,1,0
15,1,0
2,1,0
10,1,0
11,1,0
15,1,0
2,2,0
3,1,0
4,1,0
7,1,0
8,1,0
10,3,0
11,1,0
13,2,0
15,1,0
14,2,0
0,1,0
1,1,0
2,1,0
3,1,0
9,1,0
11,4,0
12,1,0
13,1,0
14,1,0
15,1,0
3,2,0
4,1,0
5,1,0
7,2,0
8,2,0
12,2,0
13,1,0
14,5,0
5,1,0
10,1,0
10,1,0
10,1,0
14,1,0
2,1,0
14,1,0
1,4,0
2,2,0
3,2,0
4,2,0
7,4,0
13,2,0
9,1,0
13,1,0
1,2,0
2,2,0
3,2,0
5,1,0
13,2,0
14,1,0
0,1,0
2,1,0
4,1,0
6,1,0
7,1,0
11,1,0
12,1,0
14,3,0
0,5,0
2,1,0
4,2,0
8,1,0
14,1,0
3,1,0
6,1,0
8,1,0
11,2,0
13,1,0
2,1,0
2,2,0
3,2,0
6,1,0
13,1,0
14,2,0
12,2,0
4,1,0
14,1,0
7,1,0
8,1,0
11,3,0
3,2,0
13,2,0
7,1,0
14,1,0
2,1,0
11,1,0
2,1,0
3,1,0
9,2,0
10,1,0
7,2,0
0,1,0
3,2,0
12,1,0
13,1,0
0,1,0
2,2,0
5,2,0
0,1,0
2,1,0
7,1,0
8,1,0
12,3,0
14,1,0
7,2,0
5,2,0
7,1,0
11,1,0
15,4,0
15,1,0
1,1,0
2,1,0
3,1,0
4,1,0
5,3,0
6,1,0
7,1,0
8,5,0
12,1,0
14,1,0
2,2,0
4,1,0
6,1,0
7,1,0
9,1,0
11,2,0
12,1,0
3,1,0
7,1,0
15,1,0
3,3,0
5,2,0
14,1,0
2,4,0
12,2,0
15,1,0
0,1,0
12,1,0
14,1,0
12,1,0
14,1,0
15,2,0
7,1,0
9,1,0
12,2,0
14,1,0
5,1,0
12,1,0
13,1,0
10,1,0
2,4,0
3,2,0
0,1,0
3,1,0
9,1,0
15,1,0
0,3,0
1,1,0
2,1,0
5,2,0
7,1,0
11,1,0
13,3,0
14,1,0
15,1,0
3,2,0
6,1,0
9,1,0
11,2,0
2,1,0
7,2,0
14,1,0
3,2,0
14,1,0
7,1,0
8,1,0
10,1,0
8,1,0
2,1,0
4,1,0
0,1,0
4,1,0
10,1,0
7,5,0
3,1,0
4,1,0
13,1,0
15,2,0
0,1,0
3,2,0
4,1,0
14,1,0
5,1,0
10,1,0
4,1,0
5,1,0
7,1,0
10,7,0
14,1,0
15,1,0
2,1,0
14,1,0
15,1,0
1,1,0
2,1,0
7,2,0
13,1,0
3,1,0
6,1,0
9,1,0
13,1,0
14,1,0
2,2,0
7,2,0
9,2,0
12,2,0
8,1,0
0,1,0
15,2,0
5,1,0
9,1,0
15,1,0
1,1,0
4,1,0
8,1,0
10,1,0
12,1,0
13,1,0
14,1,0
0,1,0
4,1,0
5,1,0
7,1,0
12,1,0
14,1,0
15,3,0
8,3,0
14,1,0
15,2,0
10,2,0
1,1,0
5,1,0
6,1,0
11,1,0
12,1,0
2,2,0
7,2,0
8,1,0
12,1,0
15,1,0
1,1,0
2,1,0
5,1,0
0,2,0
3,2,0
4,3,0
5,2,0
14,2,0
15,2,0
3,2,0
14,2,0
2,2,0
3,1,0
9,1,0
10,1,0
12,2,0
13,2,0
14,2,0
14,1,0
1,1,0
7,4,0
2,3,0
3,5,0
4,2,0
6,2,0
8,2,0
9,2,0
10,2,0
13,2,0
14,1,0
15,2,0
0,3,0
1,1,0
5,2,0
11,1,0
13,1,0
2,1,0
3,1,0
7,1,0
12,2,0
14,2,0
15,1,0
4,1,0
10,2,0
14,1,0
6,3,0
10,2,0
0,1,0
2,1,0
3,1,0
10,1,0
14,1,0
15,1,0
2,1,0
3,1,0
5,1,0
6,1,0
7,1,0
8,1,0
10,1,0
13,1,0
14,1,0
4,1,0
12,2,0
10,1,0
1,1,0
3,1,0
8,1,0
10,1,0
12,1,0
14,1,0
7,1,0
15,1,0
1,1,0
8,1,0
10,1,0
11,1,0
14,1,0
0,2,0
1,2,0
2,1,0
6,2,0
7,2,0
14,1,0
1,1,0
3,1,0
4,1,0
6,1,0
8,1,0
13,1,0
5,3,0
9,1,0
13,1,0
2,2,0
4,2,0
5,3,0
7,1,0
12,1,0
3,1,0
5,1,0
1,2,0
2,2,0
3,2,0
7,2,0
12,1,0
1,2,0
3,2,0
5,2,0
9,1,0
13,2,0
15,2,0
1,1,0
2,2,0
3,1,0
7,1,0
8,1,0
9,1,0
10,2,0
12,1,0
13,1,0
14,1,0
0,2,0
2,1,0
5,1,0
9,1,0
12,1,0
13,1,0
14,1,0
15,1,0
0,3,0
1,1,0
3,1,0
4,1,0
7,1,0
8,1,0
11,1,0
13,1,0
13,1,0
14,2,0
0,1,0
5,1,0
7,1,0
12,1,0
13,1,0
14,1,0
2,1,0
7,1,0
7,1,0
12,1,0
5,4,0
13,1,0
1,1,0
4,1,0
10,3,0
4,1,0
5,1,0
12,1,0
2,1,0
3,1,0
4,1,0
13,1,0
14,1,0
5,3,0
11,1,0
12,1,0
3,1,0
5,1,0
8,1,0
11,1,0
12,1,0
13,1,0
14,1,0
7,1,0
14,1,0
0,1,0
1,3,0
8,3,0
10,2,0
13,2,0
13,2,0
2,6,0
7,3,0
9,2,0
14,3,0
1,1,0
7,2,0
13,2,0
2,1,0
7,1,0
9,1,0
13,1,0
14,1,0
15,1,0
0,1,0
2,1,0
6,2,0
13,1,0
14,1,0
3,1,0
11,1,0
4,1,0
3,1,0
2,1,0
6,2,0
2,1,0
4,1,0
10,1,0
13,2,0
15,1,0
0,1,0
7,1,0
9,1,0
12,1,0
1,3,0
6,2,0
7,2,0
8,2,0
13,1,0
14,2,0
5,1,0
15,1,0
2,1,0
8,1,0
14,1,0
3,1,0
7,1,0
8,1,0
10,1,0
11,1,0
3,1,0
9,1,0
13,1,0
2,2,0
8,2,0
0,1,0
2,1,0
10,1,0
12,2,0
13,1,0
14,1,0
13,1,0
14,1,0
3,3,0
15,2,0
10,1,0
2,2,0
3,2,0
4,2,0
7,2,0
8,2,0
11,2,0
12,1,0
2,1,0
15,1,0
2,3,0
3,1,0
7,1,0
14,1,0
4,1,0
10,1,0
3,1,0
6,1,0
7,1,0
14,1,0
0,1,0
12,1,0
15,1,0
10,1,0
0,1,0
2,1,0
3,1,0
11,1,0
13,1,0
3,2,0
8,2,0
15,2,0
0,1,0
3,1,0
12,1,0
15,1,0
2,1,0
4,2,0
7,1,0
13,1,0
1,2,0
2,1,0
3,1,0
4,2,0
5,1,0
6,2,0
7,1,0
8,1,0
9,2,0
12,1,0
13,2,0
14,1,0
0,3,0
2,1,0
8,1,0
14,1,0
0,2,0
5,1,0
6,1,0
9,2,0
10,1,0
12,2,0
13,1,0
14,1,0
15,2,0
2,1,0
3,1,0
8,2,0
13,1,0
14,1,0
15,1,0
2,1,0
12,1,0
15,1,0
2,1,0
4,1,0
8,4,0
9,1,0
13,1,0
6,1,0
12,1,0
3,1,0
4,2,0
8,1,0
9,1,0
13,1,0
13,1,0
3,2,0
4,1,0
6,1,0
8,1,0
12,1,0
0,2,0
3,1,0
5,2,0
2,1,0
10,1,0
2,1,0
3,4,0
4,2,0
10,2,0
6,1,0
7,1,0
8,1,0
10,1,0
13,1,0
14,1,0
1,4,0
2,2,0
3,1,0
13,2,0
10,1,0
2,2,0
0,1,0
3,1,0
7,2,0
9,1,0
12,1,0
3,4,0
8,1,0
9,1,0
11,1,0
3,1,0
1,1,0
12,1,0
14,1,0
4,1,0
14,2,0
0,1,0
1,1,0
4,1,0
6,1,0
8,1,0
11,1,0
12,1,0
13,1,0
4,2,0
8,1,0
3,2,0
9,1,0
10,1,0
1,2,0
4,1,0
5,1,0
7,1,0
9,1,0
10,1,0
11,1,0
13,1,0
2,2,0
4,1,0
6,1,0
7,1,0
8,2,0
9,3,0
11,1,0
6,1,0
13,1,0
15,1,0
2,2,0
13,1,0
2,1,0
6,1,0
9,1,0
0,1,0
1,1,0
2,1,0
8,1,0
12,1,0
14,1,0
6,1,0
11,1,0
13,1,0
7,2,0
12,2,0
2,2,0
3,3,0
4,2,0
12,3,0
14,3,0
15,2,0
2,1,0
3,1,0
13,1,0
11,2,0
2,1,0
7,1,0
8,3,0
0,2,0
12,2,0
13,2,0
3,1,0
2,3,0
3,3,0
5,3,0
7,3,0
8,1,0
9,3,0
13,3,0
14,3,0
2,1,0
3,1,0
4,1,0
7,1,0
11,1,0
12,1,0
14,1,0
5,1,0
12,1,0
0,1,0
3,1,0
13,1,0
14,1,0
2,1,0
3,1,0
4,1,0
6,1,0
7,1,0
8,1,0
9,1,0
12,1,0
13,1,0
15,3,0
15,2,0
2,2,0
9,1,0
10,2,0
0,1,0
3,2,0
5,2,0
9,1,0
10,1,0
13,1,0
15,1,0
0,1,0
1,1,0
3,1,0
3,2,0
11,1,0
2,1,0
8,1,0
9,1,0
10,2,0
2,1,0
14,1,0
8,1,0
12,1,0
13,1,0
2,1,0
3,1,0
5,1,0
6,1,0
7,1,0
8,1,0
9,2,0
11,1,0
14,1,0
15,1,0
0,2,0
7,3,0
13,2,0
2,1,0
3,1,0
4,1,0
5,1,0
6,1,0
7,1,0
10,1,0
13,1,0
14,1,0
2,1,0
5,1,0
15,1,0
1,1,0
15,1,0
2,2,0
6,1,0
13,1,0
15,1,0
0,1,0
3,1,0
4,2,0
13,1,0
14,2,0
3,1,0
4,1,0
5,1,0
11,1,0
1,1,0
3,1,0
14,1,0
15,1,0
3,1,0
5,3,0
10,1,0
12,2,0
3,1,0
8,1,0
15,3,0
2,2,0
7,1,0
12,1,0
12,1,0
13,1,0
14,1,0
15,1,0
14,1,0
2,1,0
7,1,0
11,3,0
15,1,0
0,1,0
2,4,0
3,1,0
5,1,0
7,1,0
14,2,0
3,1,0
13,1,0
9,1,0
10,1,0
1,1,0
4,1,0
7,1,0
8,1,0
9,3,0
12,1,0
13,3,0
15,1,0
1,1,0
2,1,0
6,1,0
12,2,0
14,1,0
2,3,0
13,1,0
12,2,0
13,1,0
14,1,0
2,1,0
4,1,0
12,1,0
13,1,0
14,1,0
2,1,0
4,1,0
7,1,0
8,1,0
9,1,0
11,1,0
12,1,0
13,1,0
14,1,0
15,1,0
2,1,0
3,1,0
4,2,0
1,1,0
8,2,0
10,1,0
12,1,0
13,2,0
14,2,0
15,1,0
2,1,0
2,1,0
4,2,0
10,1,0
12,2,0
13,2,0
15,1,0
1,1,0
5,1,0
12,1,0
2,2,0
5,1,0
10,2,0
13,1,0
14,1,0
2,1,0
1,1,0
4,2,0
7,7,0
9,2,0
13,2,0
14,2,0
2,2,0
3,2,0
12,1,0
15,2,0
2,1,0
10,1,0
14,1,0
7,1,0
12,1,0
2,2,0
6,3,0
7,2,0
10,1,0
0,2,0
1,2,0
2,2,0
3,2,0
4,3,0
7,2,0
8,2,0
9,2,0
11,2,0
12,2,0
13,2,0
14,2,0
15,2,0
9,1,0
11,4,0
13,1,0
14,1,0
0,1,0
7,1,0
9,1,0
10,1,0
13,1,0
15,1,0
1,1,0
3,1,0
4,1,0
7,1,0
9,1,0
10,1,0
14,1,0
15,1,0
0,1,0
2,1,0
9,1,0
12,1,0
13,1,0
14,1,0
2,1,0
15,8,0
4,2,0
5,2,0
8,2,0
13,3,0
0,2,0
3,1,0
9,1,0
4,1,0
2,3,0
4,1,0
9,1,0
10,1,0
12,1,0
15,1,0
1,2,0
2,2,0
3,2,0
4,2,0
5,2,0
9,2,0
13,2,0
14,3,0
2,2,0
14,1,0
15,1,0
4,1,0
7,1,0
10,1,0
3,1,0
8,1,0
10,1,0
14,1,0
15,1,0
2,2,0
8,2,0
13,3,0
14,2,0
15,1,0
6,2,0
7,2,0
10,2,0
15,2,0
0,1,0
2,1,0
3,1,0
5,1,0
14,1,0
15,1,0
0,1,0
2,1,0
5,1,0
11,1,0
14,3,0
15,1,0
2,1,0
3,1,0
5,3,0
9,1,0
12,1,0
14,1,0
15,1,0
8,1,0
1,1,0
2,1,0
5,1,0
6,3,0
8,1,0
11,1,0
12,1,0
13,1,0
14,1,0
2,1,0
9,1,0
12,1,0
2,1,0
1,1,0
3,1,0
14,1,0
7,2,0
5,1,0
6,1,0
8,2,0
9,1,0
11,1,0
12,1,0
14,1,0
7,1,0
14,1,0
15,1,0
0,1,0
4,1,0
6,1,0
7,1,0
9,3,0
10,1,0
11,1,0
13,1,0
15,1,0
1,1,0
6,1,0
8,1,0
9,1,0
10,1,0
11,2,0
14,1,0
1,1,0
3,1,0
8,1,0
15,1,0
9,1,0
12,1,0
13,1,0
14,1,0
15,1,0
0,2,0
3,2,0
6,3,0
15,2,0
2,1,0
4,1,0
14,1,0
0,1,0
11,1,0
12,1,0
0,1,0
3,1,0
5,2,0
10,2,0
12,1,0
13,1,0
14,1,0
15,1,0
8,1,0
14,1,0
0,1,0
10,1,0
12,1,0
13,6,0
2,2,0
4,1,0
9,1,0
14,2,0
3,1,0
4,1,0
6,1,0
8,1,0
10,2,0
11,1,0
13,1,0
14,1,0
4,1,0
5,1,0
14,1,0
6,1,0
13,1,0
14,1,0
15,2,0
0,4,0
2,4,0
10,1,0
14,1,0
7,1,0
12,1,0
13,1,0
15,1,0
2,1,0
0,1,0
3,1,0
9,1,0
14,1,0
2,1,0
5,2,0
9,1,0
13,1,0
10,1,0
7,1,0
10,1,0
12,2,0
13,1,0
14,1,0
1,1,0
5,1,0
13,3,0
11,1,0
13,1,0
2,1,0
9,1,0
11,1,0
14,2,0
8,1,0
9,1,0
4,2,0
8,2,0
12,2,0
14,2,0
15,2,0
5,5,0
13,4,0
6,1,0
7,1,0
9,2,0
7,1,0
10,1,0
2,1,0
5,2,0
10,2,0
6,3,0
14,2,0
3,1,0
6,1,0
2,1,0
3,1,0
7,1,0
10,1,0
10,1,0
13,7,0
14,1,0
3,1,0
8,1,0
11,1,0
14,2,0
15,1,0
0,1,0
4,1,0
6,1,0
7,1,0
9,1,0
13,1,0
14,2,0
14,1,0
1,1,0
5,1,0
7,1,0
1,2,0
3,2,0
4,2,0
6,2,0
8,2,0
12,2,0
13,1,0
14,2,0
15,1,0
8,1,0
15,1,0
0,1,0
10,2,0
12,1,0
13,4,0
14,1,0
3,1,0
6,1,0
8,1,0
11,1,0
14,1,0
3,3,0
4,1,0
5,3,0
1,1,0
10,1,0
15,1,0
13,1,0
2,1,0
2,1,0
4,1,0
11,3,0
0,1,0
4,1,0
8,1,0
12,1,0
13,1,0
14,1,0
15,1,0
2,1,0
1,1,0
11,1,0
14,1,0
4,3,0
5,3,0
1,1,0
3,2,0
5,1,0
7,1,0
9,1,0
12,1,0
13,1,0
14,1,0
0,1,0
2,2,0
3,1,0
5,1,0
7,1,0
8,2,0
13,2,0
14,1,0
3,1,0
0,1,0
3,2,0
5,1,0
7,1,0
13,1,0
2,1,0
4,1,0
7,1,0
12,1,0
0,1,0
2,1,0
5,3,0
9,1,0
12,1,0
3,1,0
6,3,0
1,1,0
8,1,0
10,1,0
13,1,0
14,1,0
0,1,0
1,1,0
2,1,0
8,1,0
13,1,0
2,1,0
10,1,0
1,1,0
12,1,0
13,1,0
14,1,0
0,1,0
3,3,0
13,1,0
2,1,0
11,5,0
14,1,0
2,1,0
11,7,0
3,1,0
5,1,0
10,1,0
12,1,0
13,1,0
14,1,0
1,1,0
2,1,0
4,1,0
5,1,0
6,1,0
13,1,0
13,1,0
14,1,0
2,1,0
4,1,0
10,1,0
2,1,0
3,1,0
7,1,0
10,1,0
12,1,0
14,1,0
3,1,0
6,1,0
14,4,0
0,1,0
2,1,0
3,1,0
4,1,0
5,2,0
8,1,0
12,1,0
13,1,0
14,1,0
14,2,0
0,1,0
2,1,0
8,1,0
10,1,0
12,1,0
5,3,0
8,3,0
5,1,0
11,1,0
14,1,0
3,1,0
5,1,0
6,1,0
8,1,0
11,2,0
12,1,0
13,1,0
14,1,0
15,2,0
8,3,0
13,2,0
14,1,0
11,1,0
1,2,0
2,2,0
7,2,0
8,3,0
14,2,0
15,2,0
0,1,0
2,1,0
3,1,0
9,1,0
10,1,0
14,1,0
15,1,0
2,2,0
3,1,0
7,1,0
10,2,0
11,1,0
15,1,0
5,1,0
6,1,0
12,1,0
14,1,0
3,1,0
3,2,0
14,1,0
12,1,0
13,1,0
2,2,0
5,2,0
6,2,0
9,2,0
14,2,0
2,2,0
14,2,0
3,2,0
7,1,0
1,1,0
4,1,0
6,1,0
8,1,0
13,1,0
2,1,0
4,2,0
14,5,0
0,1,0
6,1,0
7,1,0
15,1,0
9,1,0
12,1,0
0,2,0
12,2,0
2,1,0
10,2,0
15,2,0
3,1,0
7,1,0
8,2,0
11,1,0
13,1,0
2,1,0
4,1,0
14,1,0
1,1,0
12,1,0
3,1,0
5,1,0
10,1,0
2,1,0
7,3,0
10,1,0
7,2,0
9,3,0
12,4,0
14,2,0
1,1,0
4,1,0
6,1,0
9,1,0
13,1,0
14,1,0
0,1,0
2,2,0
3,1,0
5,1,0
9,1,0
10,3,0
12,1,0
15,1,0
3,1,0
6,1,0
9,1,0
12,1,0
13,3,0
14,1,0
0,1,0
1,1,0
3,1,0
5,1,0
7,1,0
8,1,0
9,1,0
11,1,0
12,1,0
14,1,0
15,1,0
0,2,0
2,3,0
5,2,0
6,2,0
7,2,0
0,1,0
2,1,0
8,1,0
0,1,0
8,1,0
13,2,0
14,1,0
4,4,0
8,5,0
12,2,0
13,2,0
14,2,0
2,1,0
2,1,0
3,1,0
0,1,0
2,2,0
3,1,0
9,1,0
12,1,0
2,1,0
10,1,0
6,3,0
9,1,0
13,4,0
15,3,0
3,2,0
13,1,0
14,1,0
12,1,0
2,3,0
7,1,0
9,4,0
12,1,0
2,4,0
3,1,0
15,1,0
2,1,0
2,1,0
3,1,0
4,1,0
6,1,0
1,2,0
9,1,0
15,1,0
13,1,0
2,1,0
5,1,0
10,1,0
13,1,0
2,1,0
3,1,0
4,1,0
12,1,0
13,1,0
14,3,0
3,1,0
8,1,0
7,2,0
2,1,0
8,1,0
14,1,0
2,1,0
12,1,0
1,2,0
4,1,0
5,1,0
6,1,0
7,1,0
10,1,0
14,1,0
0,1,0
2,2,0
6,1,0
12,1,0
13,1,0
14,1,0
5,1,0
10,2,0
13,1,0
11,1,0
7,1,0
0,1,0
3,5,0
10,1,0
11,1,0
12,2,0
14,2,0
15,2,0
2,1,0
0,1,0
1,1,0
2,1,0
3,1,0
10,2,0
12,1,0
13,1,0
14,1,0
12,1,0
1,2,0
4,1,0
8,1,0
10,1,0
4,1,0
13,2,0
15,1,0
2,1,0
3,3,0
4,3,0
6,3,0
8,3,0
9,1,0
12,1,0
13,2,0
15,1,0
3,1,0
12,1,0
13,1,0
14,1,0
0,2,0
3,2,0
10,2,0
13,2,0
14,2,0
3,1,0
6,1,0
7,1,0
12,1,0
13,1,0
6,2,0
8,1,0
9,3,0
11,3,0
12,3,0
13,3,0
3,1,0
2,2,0
10,1,0
15,2,0
0,1,0
0,1,0
2,1,0
11,1,0
12,1,0
7,2,0
7,1,0
8,1,0
2,1,0
4,1,0
14,1,0
0,2,0
1,2,0
2,2,0
5,3,0
13,1,0
2,1,0
5,1,0
9,1,0
12,1,0
13,1,0
15,1,0
0,1,0
1,1,0
2,1,0
3,1,0
5,1,0
7,1,0
9,1,0
14,1,0
1,1,0
2,1,0
3,2,0
10,1,0
12,1,0
14,1,0
2,1,0
3,1,0
5,1,0
8,1,0
9,1,0
12,1,0
13,1,0
14,1,0
15,1,0
5,1,0
7,1,0
12,1,0
3,1,0
8,1,0
9,1,0
12,1,0
14,1,0
1,1,0
5,1,0
13,1,0
4,1,0
13,1,0
14,1,0
15,1,0
6,2,0
10,2,0
14,1,0
15,1,0
3,1,0
7,3,0
8,1,0
15,1,0
10,1,0
13,1,0
1,1,0
3,2,0
4,1,0
6,1,0
13,1,0
1,1,0
3,1,0
4,1,0
8,1,0
9,1,0
10,1,0
13,1,0
3,1,0
1,1,0
3,1,0
7,1,0
9,1,0
15,1,0
14,1,0
2,1,0
3,1,0
5,1,0
11,1,0
12,1,0
13,1,0
14,1,0
1,1,0
2,1,0
3,1,0
4,1,0
5,1,0
7,1,0
9,3,0
12,1,0
13,1,0
2,1,0
3,1,0
12,1,0
14,2,0
5,1,0
13,1,0
15,1,0
0,1,0
3,1,0
4,2,0
11,2,0
3,1,0
6,3,0
9,1,0
10,1,0
14,1,0
9,1,0
13,1,0
4,1,0
14,3,0
15,1,0
5,1,0
8,1,0
13,1,0
1,1,0
2,1,0
3,1,0
2,1,0
4,1,0
5,1,0
11,1,0
15,1,0
3,1,0
4,1,0
2,4,0
0,2,0
4,1,0
8,1,0
14,1,0
0,1,0
2,1,0
4,1,0
12,1,0
14,1,0
1,1,0
2,1,0
5,1,0
6,1,0
8,1,0
12,1,0
14,1,0
11,1,0
0,1,0
3,1,0
5,1,0
6,1,0
9,2,0
10,1,0
14,1,0
10,4,0
12,3,0
13,1,0
2,1,0
4,1,0
6,1,0
12,1,0
15,1,0
8,1,0
14,1,0
0,1,0
12,1,0
4,1,0
7,1,0
10,1,0
12,2,0
14,1,0
15,1,0
2,1,0
3,1,0
9,1,0
14,1,0
15,1,0
3,2,0
13,1,0
0,2,0
1,1,0
2,1,0
4,4,0
5,1,0
14,1,0
0,1,0
2,1,0
4,1,0
12,1,0
12,1,0
8,1,0
13,1,0
12,1,0
2,3,0
11,1,0
5,1,0
9,1,0
13,1,0
14,1,0
7,3,0
10,3,0
2,2,0
8,1,0
12,5,0
13,1,0
14,1,0
15,2,0
5,1,0
0,1,0
3,1,0
8,1,0
15,1,0
14,6,0
10,1,0
2,1,0
4,3,0
8,2,0
11,1,0
13,4,0
15,1,0
2,1,0
3,1,0
5,1,0
6,1,0
8,1,0
9,1,0
12,1,0
14,1,0
15,1,0
0,4,0
2,2,0
4,2,0
15,2,0
2,1,0
4,1,0
9,1,0
10,1,0
13,1,0
14,1,0
2,1,0
3,1,0
5,2,0
6,2,0
7,1,0
9,2,0
10,1,0
11,2,0
13,1,0
14,2,0
1,1,0
2,1,0
6,1,0
10,1,0
2,1,0
15,1,0
0,1,0
14,2,0
0,1,0
3,1,0
13,1,0
14,1,0
7,1,0
12,1,0
13,1,0
0,1,0
5,1,0
10,1,0
13,1,0
14,1,0
3,1,0
10,3,0
13,1,0
14,1,0
14,1,0
12,2,0
8,1,0
1,1,0
4,1,0
5,1,0
11,1,0
1,3,0
2,1,0
3,1,0
11,1,0
12,4,0
4,2,0
5,3,0
10,4,0
9,1,0
14,1,0
0,1,0
2,1,0
3,1,0
6,1,0
9,1,0
12,1,0
13,1,0
15,1,0
1,1,0
2,1,0
4,2,0
12,1,0
14,2,0
1,3,0
2,2,0
4,2,0
7,2,0
8,2,0
10,2,0
13,2,0
14,2,0
15,2,0
0,1,0
3,1,0
7,1,0
8,1,0
9,1,0
13,1,0
0,1,0
3,1,0
4,1,0
8,1,0
11,1,0
14,1,0
15,1,0
0,1,0
3,1,0
10,1,0
12,1,0
14,1,0
15,2,0
14,1,0
3,2,0
2,1,0
14,1,0
15,1,0
4,1,0
5,1,0
7,1,0
10,1,0
15,1,0
0,1,0
3,1,0
6,2,0
11,1,0
13,1,0
15,1,0
1,2,0
7,1,0
8,1,0
9,3,0
15,1,0
0,1,0
2,1,0
5,1,0
10,1,0
14,2,0
15,2,0
8,1,0
10,1,0
14,1,0
0,2,0
3,1,0
4,2,0
8,1,0
2,2,0
1,4,0
8,4,0
12,1,0
12,3,0
1,1,0
2,1,0
3,2,0
9,1,0
13,2,0
15,1,0
2,1,0
4,1,0
8,1,0
9,1,0
10,3,0
13,1,0
0,2,0
1,1,0
2,1,0
3,1,0
11,1,0
12,1,0
13,4,0
15,1,0
2,1,0
4,1,0
11,1,0
12,1,0
5,1,0
7,1,0
12,1,0
14,1,0
10,1,0
2,1,0
5,2,0
8,1,0
9,1,0
10,1,0
13,1,0
2,1,0
2,1,0
1,1,0
2,1,0
6,1,0
9,1,0
14,1,0
2,1,0
3,1,0
8,1,0
10,1,0
11,2,0
15,1,0
1,2,0
4,2,0
11,2,0
13,1,0
0,1,0
2,1,0
3,1,0
4,1,0
6,1,0
7,1,0
8,3,0
11,1,0
14,1,0
2,2,0
3,1,0
5,1,0
8,1,0
11,3,0
12,1,0
14,1,0
2,1,0
7,1,0
11,2,0
13,1,0
0,1,0
3,1,0
13,1,0
14,2,0
3,1,0
4,1,0
7,1,0
12,1,0
13,1,0
14,1,0
15,1,0
0,1,0
1,1,0
2,1,0
3,1,0
7,2,0
12,2,0
13,1,0
14,2,0
3,1,0
10,1,0
14,1,0
4,1,0
15,1,0
0,2,0
1,1,0
5,3,0
10,1,0
13,1,0
14,1,0
2,1,0
8,1,0
0,1,0
2,1,0
3,1,0
4,1,0
5,1,0
7,1,0
11,1,0
12,1,0
13,1,0
14,1,0
4,2,0
7,1,0
8,1,0
9,3,0
15,1,0
2,1,0
3,1,0
7,1,0
10,1,0
2,1,0
6,1,0
10,1,0
14,1,0
15,1,0
14,1,0
0,1,0
3,1,0
4,1,0
7,1,0
10,1,0
7,1,0
8,2,0
15,1,0
2,1,0
7,1,0
10,1,0
2,1,0
3,1,0
4,1,0
2,1,0
2,3,0
0,1,0
11,1,0
0,1,0
1,2,0
2,1,0
5,1,0
7,1,0
10,1,0
12,2,0
15,1,0
6,1,0
9,3,0
10,1,0
0,2,0
1,2,0
4,2,0
5,1,0
9,1,0
13,1,0
3,2,0
10,6,0
0,1,0
1,1,0
7,1,0
10,2,0
12,1,0
13,1,0
0,1,0
2,1,0
3,1,0
4,1,0
7,1,0
8,1,0
9,1,0
11,1,0
12,1,0
13,1,0
3,2,0
6,2,0
7,2,0
10,2,0
12,2,0
14,2,0
15,2,0
13,2,0
14,2,0
15,2,0
0,4,0
14,1,0
15,1,0
1,1,0
2,1,0
3,1,0
5,1,0
10,1,0
14,1,0
12,2,0
13,2,0
15,1,0
0,4,0
3,1,0
7,1,0
0,1,0
2,1,0
6,3,0
8,1,0
8,1,0
15,2,0
0,3,0
3,3,0
7,3,0
13,1,0
15,3,0
3,3,0
13,1,0
1,1,0
2,1,0
8,3,0
14,1,0
1,1,0
1,2,0
7,2,0
14,1,0
1,1,0
2,3,0
3,2,0
8,4,0
12,3,0
13,2,0
14,1,0
2,1,0
5,1,0
8,1,0
13,1,0
5,2,0
12,1,0
2,1,0
7,1,0
8,2,0
14,1,0
8,1,0
2,1,0
4,2,0
7,1,0
14,1,0
15,1,0
9,1,0
11,1,0
13,1,0
14,1,0
15,2,0
1,1,0
2,1,0
3,1,0
4,1,0
10,1,0
12,1,0
13,3,0
14,1,0
0,1,0
6,1,0
10,1,0
12,1,0
14,1,0
0,1,0
2,1,0
0,1,0
2,1,0
4,1,0
7,1,0
8,1,0
9,2,0
10,2,0
3,3,0
4,3,0
15,3,0
14,1,0
2,1,0
3,1,0
8,2,0
1,1,0
7,1,0
14,1,0
5,1,0
8,1,0
13,1,0
14,1,0
4,4,0
2,1,0
6,1,0
9,1,0
10,1,0
12,1,0
13,1,0
14,1,0
1,3,0
4,2,0
6,1,0
13,1,0
4,8,0
2,1,0
0,1,0
1,1,0
2,2,0
14,1,0
3,1,0
7,1,0
11,1,0
2,1,0
6,1,0
9,2,0
14,1,0
0,3,0
3,3,0
5,2,0
9,2,0
10,1,0
14,2,0
14,1,0
3,1,0
15,1,0
2,1,0
3,1,0
4,3,0
6,1,0
7,1,0
8,2,0
9,1,0
13,1,0
14,1,0
15,1,0
15,1,0
0,1,0
3,1,0
9,1,0
12,1,0
14,1,0
15,1,0
7,1,0
1,1,0
4,3,0
6,1,0
7,1,0
9,1,0
13,1,0
14,1,0
4,2,0
2,1,0
6,2,0
8,2,0
14,2,0
2,3,0
4,1,0
7,1,0
2,1,0
1,1,0
12,1,0
1,1,0
10,1,0
11,1,0
14,4,0
15,1,0
1,1,0
2,1,0
5,1,0
8,1,0
10,1,0
12,1,0
13,1,0
14,1,0
15,1,0
0,2,0
4,1,0
9,2,0
12,2,0
14,3,0
15,1,0
0,1,0
1,1,0
2,2,0
3,1,0
6,1,0
7,3,0
8,1,0
11,1,0
13,1,0
14,1,0
15,1,0
5,2,0
15,1,0
13,1,0
0,1,0
2,1,0
4,1,0
7,1,0
13,1,0
3,4,0
10,1,0
12,1,0
14,1,0
1,2,0
3,2,0
4,2,0
9,1,0
15,4,0
14,1,0
0,3,0
2,3,0
9,3,0
12,3,0
13,3,0
15,3,0
0,1,0
1,2,0
2,1,0
3,2,0
11,2,0
12,2,0
13,2,0
14,2,0
15,2,0
0,1,0
2,1,0
6,1,0
7,1,0
12,1,0
13,1,0
2,1,0
3,1,0
5,1,0
8,1,0
14,1,0
5,1,0
1,1,0
7,1,0
11,1,0
15,1,0
2,2,0
12,2,0
14,1,0
1,1,0
12,1,0
1,3,0
14,2,0
7,1,0
10,1,0
1,1,0
2,3,0
14,1,0
3,1,0
9,1,0
14,1,0
2,1,0
5,1,0
7,1,0
14,1,0
3,1,0
2,3,0
4,2,0
5,4,0
3,2,0
8,2,0
9,2,0
11,2,0
13,1,0
14,1,0
0,1,0
3,1,0
0,1,0
10,1,0
2,2,0
2,1,0
5,2,0
13,1,0
5,1,0
8,1,0
10,1,0
14,1,0
2,2,0
7,2,0
9,2,0
13,2,0
1,1,0
2,2,0
3,2,0
5,3,0
6,2,0
14,1,0
15,3,0
3,1,0
12,1,0
0,1,0
1,1,0
4,1,0
6,1,0
7,1,0
8,1,0
9,1,0
11,2,0
13,1,0
0,3,0
3,2,0
13,1,0
15,1,0
4,1,0
7,1,0
13,2,0
15,5,0
7,2,0
10,2,0
14,2,0
1,3,0
2,2,0
8,1,0
10,2,0
11,2,0
13,1,0
3,1,0
5,2,0
7,1,0
11,2,0
12,2,0
13,2,0
3,1,0
13,1,0
2,1,0
0,1,0
1,1,0
7,1,0
8,1,0
10,1,0
13,1,0
10,1,0
8,1,0
0,1,0
2,1,0
3,1,0
10,1,0
15,1,0
3,2,0
10,1,0
5,1,0
6,1,0
8,1,0
10,1,0
6,1,0
1,1,0
8,2,0
14,1,0
3,1,0
14,1,0
14,1,0
3,1,0
5,1,0
7,1,0
9,1,0
3,1,0
10,1,0
2,1,0
10,1,0
4,2,0
5,2,0
7,3,0
14,2,0
15,2,0
1,1,0
2,2,0
5,1,0
10,1,0
15,1,0
2,1,0
3,1,0
7,1,0
14,1,0
15,1,0
11,1,0
15,1,0
2,2,0
13,1,0
2,2,0
3,3,0
7,3,0
10,2,0
13,2,0
8,1,0
3,1,0
9,2,0
12,2,0
2,1,0
3,1,0
13,1,0
14,1,0
13,1,0
14,1,0
15,1,0
12,1,0
13,1,0
14,1,0
7,2,0
14,1,0
0,4,0
3,1,0
7,1,0
14,1,0
7,1,0
9,3,0
14,1,0
1,1,0
3,1,0
4,1,0
9,2,0
10,1,0
3,3,0
8,1,0
9,1,0
12,1,0
14,3,0
15,1,0
0,1,0
3,1,0
4,1,0
11,1,0
14,3,0
2,1,0
3,2,0
6,2,0
7,1,0
9,1,0
13,1,0
14,1,0
15,2,0
2,1,0
3,2,0
7,1,0
7,1,0
10,1,0
11,1,0
4,2,0
6,2,0
9,3,0
11,4,0
14,3,0
15,1,0
1,1,0
2,1,0
3,1,0
11,1,0
12,1,0
14,1,0
3,1,0
8,1,0
13,1,0
14,1,0
3,1,0
6,1,0
7,1,0
2,1,0
12,1,0
13,1,0
14,1,0
15,1,0
11,2,0
13,1,0
12,1,0
7,2,0
15,2,0
5,1,0
8,1,0
1,1,0
2,1,0
3,1,0
4,1,0
7,1,0
12,1,0
13,1,0
14,1,0
8,5,0
4,1,0
7,1,0
3,1,0
10,2,0
13,1,0
14,2,0
0,1,0
5,1,0
9,1,0
13,1,0
14,1,0
3,1,0
2,1,0
13,1,0
0,2,0
3,2,0
2,1,0
3,1,0
4,1,0
7,1,0
9,2,0
2,1,0
9,1,0
15,1,0
3,1,0
4,1,0
15,1,0
4,1,0
8,1,0
2,2,0
10,1,0
13,1,0
1,2,0
2,2,0
6,2,0
8,3,0
1,2,0
2,1,0
4,1,0
9,1,0
12,1,0
15,1,0
0,1,0
1,1,0
2,1,0
4,1,0
6,1,0
7,1,0
13,1,0
15,2,0
0,3,0
7,1,0
9,1,0
13,1,0
0,1,0
3,1,0
11,2,0
13,1,0
2,1,0
3,1,0
5,1,0
13,1,0
1,1,0
3,1,0
3,1,0
4,1,0
14,1,0
15,2,0
7,1,0
8,1,0
12,1,0
14,1,0
3,1,0
10,1,0
12,1,0
14,1,0
15,1,0
0,1,0
1,1,0
3,1,0
6,1,0
11,1,0
12,1,0
2,1,0
3,1,0
10,3,0
13,2,0
14,2,0
1,1,0
8,1,0
3,1,0
3,1,0
6,1,0
12,1,0
13,1,0
14,1,0
15,1,0
3,1,0
10,1,0
11,3,0
12,1,0
14,1,0
2,1,0
8,1,0
9,1,0
14,1,0
0,2,0
1,1,0
6,1,0
12,4,0
15,1,0
2,1,0
3,1,0
5,1,0
0,1,0
13,3,0
15,2,0
0,2,0
2,1,0
10,1,0
15,2,0
7,1,0
12,1,0
2,1,0
12,3,0
6,1,0
7,1,0
9,1,0
14,1,0
2,1,0
3,1,0
4,1,0
6,1,0
12,1,0
13,1,0
14,1,0
4,1,0
12,1,0
14,1,0
2,1,0
5,1,0
8,1,0
12,1,0
14,1,0
1,1,0
2,1,0
9,1,0
12,1,0
14,1,0
8,1,0
10,1,0
0,1,0
3,1,0
5,1,0
14,1,0
10,2,0
12,1,0
5,1,0
7,1,0
13,1,0
14,1,0
9,1,0
7,2,0
14,1,0
5,1,0
12,1,0
13,1,0
3,2,0
13,2,0
14,1,0
4,1,0
5,1,0
10,1,0
12,1,0
13,1,0
15,1,0
0,1,0
1,1,0
6,1,0
11,1,0
13,1,0
14,1,0
2,1,0
3,1,0
4,1,0
8,1,0
9,1,0
13,1,0
14,1,0
15,1,0
0,1,0
10,1,0
0,1,0
5,1,0
7,1,0
14,1,0
4,1,0
10,1,0
12,1,0
14,1,0
15,1,0
4,1,0
10,2,0
11,1,0
12,1,0
15,1,0
1,2,0
2,1,0
5,2,0
13,1,0
14,2,0
15,1,0
2,1,0
13,1,0
1,1,0
8,1,0
10,2,0
12,2,0
4,1,0
6,1,0
11,1,0
13,1,0
15,1,0
2,2,0
3,2,0
5,3,0
9,2,0
10,2,0
14,2,0
2,1,0
6,2,0
13,4,0
15,2,0
9,1,0
3,1,0
5,2,0
6,1,0
7,1,0
13,1,0
14,1,0
0,1,0
2,1,0
6,1,0
13,3,0
5,1,0
7,1,0
13,1,0
15,1,0
12,1,0
12,1,0
14,2,0
3,1,0
11,1,0
2,1,0
4,2,0
7,1,0
13,1,0
2,1,0
3,1,0
4,1,0
5,1,0
10,1,0
9,1,0
10,1,0
13,2,0
4,2,0
10,1,0
12,1,0
4,1,0
12,1,0
13,1,0
4,2,0
6,1,0
13,1,0
5,1,0
12,1,0
3,1,0
4,2,0
7,1,0
10,1,0
12,1,0
0,1,0
3,1,0
5,1,0
8,1,0
9,1,0
13,1,0
14,1,0
8,1,0
13,1,0
5,2,0
9,2,0
4,2,0
7,1,0
14,1,0
4,1,0
13,1,0
0,2,0
2,2,0
6,1,0
8,1,0
12,1,0
13,1,0
14,1,0
15,1,0
14,1,0
9,2,0
0,1,0
7,1,0
15,1,0
3,1,0
1,1,0
10,1,0
6,1,0
8,1,0
1,1,0
2,1,0
3,1,0
15,1,0
5,1,0
14,1,0
0,1,0
15,1,0
1,1,0
14,1,0
15,1,0
0,1,0
2,1,0
7,1,0
9,1,0
10,1,0
12,1,0
13,1,0
14,1,0
15,1,0
15,1,0
10,1,0
10,1,0
11,2,0
7,1,0
9,1,0
10,1,0
12,1,0
13,1,0
14,1,0
15,1,0
12,3,0
13,2,0
14,3,0
15,2,0
14,3,0
1,1,0
3,1,0
7,1,0
8,1,0
12,1,0
14,1,0
2,1,0
6,1,0
7,1,0
2,1,0
3,2,0
6,1,0
10,1,0
12,2,0
13,1,0
15,1,0
0,1,0
7,1,0
14,1,0
2,1,0
7,1,0
15,1,0
3,1,0
4,1,0
2,1,0
13,1,0
0,1,0
2,1,0
4,1,0
7,1,0
8,1,0
9,1,0
10,1,0
11,1,0
13,1,0
14,2,0
1,1,0
2,1,0
3,1,0
4,1,0
6,1,0
8,1,0
12,1,0
13,1,0
0,2,0
3,1,0
9,3,0
12,3,0
13,3,0
0,1,0
1,1,0
5,1,0
9,1,0
14,1,0
15,1,0
6,1,0
7,3,0
8,2,0
12,1,0
2,2,0
3,1,0
4,2,0
7,2,0
9,2,0
14,1,0
1,1,0
7,1,0
3,1,0
7,1,0
8,1,0
15,1,0
2,1,0
2,1,0
3,1,0
10,1,0
12,1,0
14,1,0
3,1,0
6,4,0
10,3,0
14,1,0
3,1,0
4,3,0
10,1,0
14,1,0
0,1,0
6,1,0
10,1,0
13,1,0
7,2,0
13,1,0
15,1,0
1,1,0
3,2,0
4,1,0
6,1,0
2,1,0
4,1,0
5,1,0
7,1,0
0,1,0
3,1,0
7,2,0
11,1,0
13,1,0
14,1,0
10,1,0
12,1,0
4,1,0
13,1,0
15,1,0
14,1,0
9,1,0
1,1,0
3,1,0
7,1,0
14,1,0
3,1,0
6,1,0
9,1,0
11,1,0
15,1,0
2,1,0
5,1,0
6,1,0
7,1,0
8,1,0
9,1,0
10,1,0
12,1,0
14,1,0
0,3,0
2,3,0
9,3,0
10,4,0
12,1,0
13,1,0
14,1,0
14,1,0
1,2,0
2,2,0
9,1,0
13,1,0
14,1,0
12,4,0
15,3,0
0,1,0
2,1,0
5,1,0
2,1,0
0,1,0
14,1,0
7,1,0
9,1,0
12,2,0
14,1,0
4,2,0
3,1,0
4,2,0
7,1,0
8,1,0
12,1,0
13,1,0
14,3,0
0,2,0
12,1,0
13,1,0
3,1,0
5,1,0
0,1,0
2,1,0
4,1,0
7,1,0
10,1,0
11,1,0
13,1,0
15,1,0
2,1,0
10,1,0
1,1,0
1,1,0
5,1,0
2,1,0
3,1,0
11,1,0
4,6,0
6,1,0
7,1,0
10,1,0
13,1,0
15,1,0
1,2,0
6,1,0
9,1,0
12,2,0
13,4,0
3,1,0
6,1,0
7,1,0
11,1,0
13,1,0
0,1,0
15,1,0
0,2,0
3,1,0
6,1,0
14,3,0
13,2,0
2,2,0
14,2,0
7,2,0
12,1,0
13,2,0
15,1,0
2,2,0
5,1,0
11,1,0
14,1,0
5,1,0
15,1,0
2,3,0
14,1,0
15,1,0
2,1,0
4,1,0
10,1,0
12,2,0
13,1,0
14,2,0
2,4,0
3,2,0
9,2,0
12,2,0
14,2,0
15,2,0
11,1,0
13,1,0
4,1,0
7,1,0
8,1,0
4,1,0
12,1,0
13,1,0
15,1,0
13,2,0
15,1,0
0,1,0
3,2,0
8,1,0
12,1,0
14,1,0
13,1,0
14,1,0
1,1,0
8,1,0
2,1,0
7,2,0
10,1,0
15,1,0
1,2,0
0,1,0
2,1,0
3,1,0
12,1,0
13,1,0
15,1,0
2,2,0
13,5,0
1,1,0
2,1,0
14,1,0
2,2,0
5,1,0
12,1,0
14,1,0
3,1,0
4,1,0
5,1,0
10,1,0
11,1,0
3,2,0
6,1,0
11,1,0
12,1,0
13,1,0
15,1,0
6,1,0
8,1,0
13,1,0
3,1,0
4,1,0
5,1,0
7,1,0
13,1,0
14,1,0
12,1,0
0,1,0
2,1,0
3,1,0
5,2,0
7,4,0
2,1,0
3,2,0
4,1,0
0,1,0
3,1,0
5,1,0
9,1,0
11,2,0
12,1,0
13,1,0
4,1,0
14,1,0
3,1,0
5,1,0
9,1,0
3,1,0
13,1,0
14,1,0
15,1,0
1,2,0
2,1,0
3,1,0
0,1,0
2,1,0
12,1,0
13,1,0
15,1,0
8,1,0
14,1,0
4,3,0
13,2,0
8,2,0
2,1,0
11,1,0
12,1,0
2,1,0
4,3,0
6,1,0
10,2,0
14,1,0
2,1,0
14,1,0
3,3,0
14,2,0
8,1,0
13,1,0
14,1,0
2,1,0
14,1,0
5,3,0
6,1,0
15,1,0
9,1,0
0,1,0
4,1,0
7,1,0
0,1,0
3,1,0
10,1,0
14,2,0
3,1,0
5,1,0
15,1,0
1,1,0
2,1,0
3,1,0
4,1,0
7,1,0
9,1,0
0,1,0
2,1,0
10,1,0
10,1,0
0,1,0
8,1,0
11,1,0
13,4,0
4,1,0
5,1,0
7,1,0
8,1,0
9,1,0
10,1,0
13,1,0
0,3,0
2,2,0
7,2,0
8,1,0
14,2,0
12,1,0
2,3,0
3,1,0
15,1,0
10,1,0
14,1,0
3,1,0
9,1,0
1,2,0
2,1,0
5,1,0
8,1,0
14,1,0
12,2,0
13,1,0
4,1,0
8,1,0
12,2,0
14,1,0
10,1,0
12,1,0
15,1,0
2,1,0
10,1,0
15,1,0
2,1,0
3,1,0
7,1,0
10,1,0
14,1,0
2,1,0
4,1,0
7,1,0
10,1,0
11,1,0
13,1,0
14,1,0
7,3,0
1,1,0
2,1,0
11,1,0
0,1,0
12,1,0
9,1,0
14,1,0
0,1,0
15,1,0
2,1,0
3,1,0
7,1,0
3,1,0
10,1,0
7,1,0
13,2,0
3,1,0
5,1,0
7,1,0
14,1,0
15,1,0
2,1,0
6,1,0
0,2,0
6,1,0
7,1,0
10,2,0
12,2,0
0,1,0
3,1,0
5,1,0
6,1,0
7,1,0
8,1,0
10,1,0
13,1,0
14,1,0
15,1,0
5,1,0
10,1,0
12,1,0
14,1,0
0,2,0
3,3,0
14,2,0
2,1,0
3,1,0
8,1,0
13,1,0
14,1,0
15,1,0
1,1,0
3,1,0
4,1,0
6,1,0
7,1,0
9,1,0
10,1,0
11,1,0
12,1,0
13,2,0
0,3,0
3,3,0
5,3,0
9,3,0
11,3,0
13,3,0
14,4,0
1,2,0
2,1,0
11,3,0
8,1,0
10,1,0
2,1,0
5,1,0
7,1,0
1,1,0
11,1,0
5,1,0
11,1,0
13,1,0
6,1,0
14,1,0
5,1,0
13,1,0
14,1,0
1,2,0
2,1,0
13,1,0
15,1,0
3,1,0
10,1,0
12,1,0
14,1,0
13,1,0
1,2,0
3,2,0
4,2,0
0,1,0
1,1,0
2,1,0
3,1,0
11,1,0
12,1,0
13,1,0
14,2,0
0,1,0
2,1,0
3,2,0
5,1,0
10,1,0
13,2,0
14,1,0
1,2,0
2,1,0
4,1,0
5,1,0
14,1,0
1,1,0
2,1,0
3,1,0
10,1,0
11,1,0
0,1,0
2,1,0
7,1,0
12,1,0
14,1,0
7,1,0
8,1,0
10,1,0
0,1,0
2,1,0
5,1,0
8,1,0
9,1,0
10,1,0
13,1,0
14,1,0
0,2,0
4,1,0
5,1,0
6,1,0
9,2,0
5,3,0
14,1,0
0,1,0
1,2,0
3,1,0
4,1,0
6,1,0
8,1,0
9,1,0
14,1,0
15,1,0
0,1,0
4,1,0
5,1,0
6,1,0
7,1,0
2,1,0
7,1,0
11,1,0
5,1,0
4,1,0
5,1,0
9,1,0
13,1,0
1,1,0
2,2,0
4,1,0
7,1,0
9,1,0
12,1,0
0,1,0
1,1,0
2,1,0
3,1,0
4,1,0
7,1,0
10,1,0
11,1,0
15,1,0
5,2,0
6,3,0
10,1,0
12,1,0
13,1,0
15,1,0
1,1,0
3,1,0
5,2,0
11,1,0
13,1,0
0,1,0
2,1,0
4,1,0
10,1,0
13,1,0
14,1,0
0,1,0
5,1,0
8,1,0
2,1,0
3,1,0
4,1,0
5,1,0
8,1,0
14,1,0
10,1,0
14,1,0
3,1,0
4,2,0
9,1,0
10,4,0
11,1,0
2,1,0
5,1,0
14,1,0
10,1,0
2,4,0
9,2,0
10,1,0
4,1,0
15,1,0
1,1,0
3,1,0
6,1,0
7,1,0
14,1,0
0,2,0
2,3,0
8,2,0
1,1,0
14,1,0
15,1,0
14,1,0
12,1,0
0,1,0
2,1,0
12,1,0
14,3,0
15,1,0
12,1,0
3,1,0
6,1,0
8,1,0
1,2,0
2,1,0
4,1,0
9,2,0
12,1,0
12,1,0
0,1,0
15,1,0
4,2,0
5,1,0
7,1,0
10,1,0
12,1,0
13,1,0
14,1,0
15,2,0
2,1,0
7,1,0
10,1,0
0,1,0
1,1,0
2,1,0
5,1,0
7,1,0
8,1,0
14,1,0
4,1,0
11,1,0
13,2,0
0,1,0
2,1,0
3,1,0
4,1,0
8,1,0
11,1,0
13,1,0
14,1,0
0,1,0
4,1,0
5,1,0
7,1,0
8,1,0
12,1,0
13,1,0
14,1,0
7,3,0
0,2,0
3,1,0
4,2,0
8,1,0
14,1,0
0,1,0
3,1,0
6,1,0
8,1,0
14,1,0
15,2,0
1,1,0
8,1,0
1,1,0
3,1,0
5,1,0
8,2,0
0,1,0
1,1,0
2,1,0
9,1,0
14,1,0
2,1,0
7,1,0
3,1,0
13,2,0
14,2,0
8,1,0
11,1,0
0,3,0
1,2,0
2,1,0
6,1,0
9,3,0
13,3,0
8,1,0
13,2,0
2,1,0
0,1,0
12,1,0
13,2,0
4,2,0
5,2,0
9,1,0
14,2,0
15,1,0
1,1,0
15,1,0
10,1,0
10,1,0
2,1,0
7,2,0
8,2,0
12,2,0
14,2,0
2,1,0
6,1,0
7,1,0
9,1,0
14,1,0
2,2,0
6,1,0
10,1,0
14,2,0
1,1,0
2,1,0
3,1,0
11,1,0
14,1,0
2,1,0
3,1,0
13,1,0
13,1,0
12,1,0
7,1,0
13,1,0
5,1,0
14,1,0
0,1,0
5,1,0
6,2,0
10,2,0
14,1,0
3,1,0
15,2,0
0,2,0
2,3,0
3,3,0
4,3,0
8,2,0
9,3,0
15,3,0
10,1,0
0,2,0
2,2,0
6,1,0
7,2,0
8,2,0
9,1,0
11,1,0
13,2,0
5,1,0
13,1,0
4,1,0
6,1,0
5,1,0
1,1,0
3,1,0
6,1,0
8,1,0
11,1,0
13,1,0
10,1,0
15,1,0
7,1,0
12,1,0
14,1,0
3,5,0
8,1,0
11,1,0
14,1,0
0,2,0
3,2,0
5,2,0
10,2,0
12,2,0
13,2,0
2,1,0
3,1,0
10,1,0
12,1,0
14,1,0
2,1,0
14,1,0
0,1,0
3,3,0
7,1,0
10,1,0
2,1,0
10,2,0
13,1,0
14,1,0
3,1,0
12,1,0
0,1,0
2,1,0
4,1,0
6,1,0
12,1,0
14,1,0
15,1,0
0,1,0
10,1,0
14,2,0
15,2,0
2,1,0
8,1,0
12,1,0
14,1,0
0,3,0
2,1,0
6,1,0
2,1,0
3,1,0
4,3,0
9,1,0
10,1,0
11,1,0
14,1,0
3,1,0
9,1,0
14,1,0
3,1,0
8,1,0
9,1,0
11,2,0
12,1,0
13,1,0
14,1,0
1,2,0
5,1,0
13,1,0
4,2,0
6,1,0
9,1,0
15,1,0
12,1,0
2,1,0
5,1,0
8,1,0
10,1,0
12,1,0
13,1,0
14,1,0
15,1,0
0,1,0
1,1,0
7,1,0
13,1,0
11,2,0
11,1,0
2,1,0
6,1,0
7,2,0
8,2,0
14,1,0
6,2,0
8,2,0
15,2,0
2,1,0
11,1,0
6,1,0
14,1,0
2,1,0
3,1,0
6,1,0
7,1,0
10,1,0
12,1,0
14,2,0
5,1,0
13,2,0
0,1,0
11,1,0
14,1,0
2,1,0
12,1,0
1,2,0
11,1,0
1,2,0
2,2,0
6,2,0
9,2,0
13,2,0
14,2,0
15,2,0
1,1,0
9,1,0
3,1,0
9,1,0
3,1,0
6,1,0
8,1,0
13,2,0
2,1,0
10,1,0
12,1,0
13,1,0
6,1,0
15,2,0
0,1,0
4,2,0
9,1,0
4,1,0
7,2,0
3,1,0
6,1,0
13,1,0
2,2,0
3,2,0
5,2,0
10,2,0
12,1,0
13,1,0
3,2,0
15,1,0
6,2,0
7,1,0
2,1,0
3,1,0
4,1,0
7,1,0
9,1,0
10,1,0
2,2,0
3,1,0
12,2,0
2,2,0
3,2,0
15,2,0
2,1,0
3,1,0
13,1,0
14,1,0
15,4,0
2,1,0
0,1,0
3,1,0
6,1,0
12,1,0
14,1,0
4,2,0
8,1,0
11,1,0
12,1,0
5,1,0
10,1,0
2,1,0
6,1,0
0,2,0
1,2,0
2,2,0
3,2,0
7,2,0
8,1,0
9,2,0
13,1,0
14,2,0
15,2,0
0,1,0
3,1,0
4,1,0
8,1,0
11,1,0
13,1,0
1,1,0
5,1,0
6,3,0
9,1,0
10,1,0
12,2,0
7,1,0
10,1,0
12,1,0
13,1,0
14,1,0
15,1,0
1,1,0
7,1,0
14,1,0
1,1,0
2,1,0
3,1,0
4,1,0
6,1,0
9,1,0
12,1,0
14,1,0
15,1,0
13,2,0
2,2,0
8,2,0
10,1,0
13,3,0
14,1,0
15,2,0
7,1,0
8,1,0
9,2,0
10,3,0
12,1,0
13,1,0
14,1,0
7,1,0
13,1,0
0,1,0
6,2,0
14,2,0
2,1,0
6,1,0
7,1,0
12,1,0
14,1,0
4,1,0
12,1,0
15,1,0
2,1,0
14,2,0
2,1,0
10,1,0
14,2,0
0,1,0
1,1,0
2,1,0
3,1,0
9,3,0
10,1,0
11,2,0
12,1,0
15,2,0
5,1,0
6,2,0
10,1,0
14,1,0
4,2,0
8,2,0
14,2,0
9,2,0
12,1,0
13,1,0
14,1,0
6,2,0
12,1,0
0,1,0
1,1,0
2,1,0
3,1,0
6,1,0
8,1,0
13,1,0
14,1,0
2,1,0
15,1,0
0,3,0
2,3,0
3,4,0
5,3,0
6,3,0
7,3,0
8,2,0
11,3,0
13,2,0
14,1,0
15,2,0
2,2,0
3,1,0
14,1,0
1,1,0
3,1,0
4,1,0
6,1,0
13,1,0
7,1,0
10,6,0
12,2,0
3,2,0
11,1,0
12,1,0
1,1,0
2,1,0
3,1,0
11,1,0
12,1,0
13,1,0
14,1,0
15,2,0
0,1,0
3,1,0
6,1,0
8,1,0
10,1,0
13,1,0
14,1,0
15,1,0
0,1,0
7,1,0
8,1,0
1,1,0
2,1,0
13,1,0
2,1,0
9,1,0
14,2,0
5,1,0
13,1,0
0,1,0
3,1,0
14,1,0
8,1,0
14,1,0
14,1,0
1,2,0
7,2,0
12,2,0
15,1,0
0,1,0
2,1,0
6,1,0
9,1,0
13,1,0
2,1,0
4,1,0
4,1,0
12,1,0
14,1,0
15,1,0
1,2,0
5,2,0
2,4,0
1,1,0
11,1,0
0,1,0
2,1,0
4,1,0
10,1,0
2,2,0
4,2,0
2,1,0
3,1,0
4,1,0
9,1,0
5,2,0
7,1,0
15,1,0
4,3,0
9,1,0
13,3,0
14,1,0
7,1,0
9,1,0
6,1,0
2,1,0
5,1,0
4,1,0
5,1,0
2,1,0
3,1,0
4,1,0
10,1,0
15,1,0
2,2,0
3,2,0
13,3,0
2,1,0
4,1,0
2,1,0
4,1,0
13,1,0
15,1,0
12,2,0
2,1,0
3,1,0
4,1,0
5,1,0
6,2,0
8,1,0
9,1,0
13,1,0
14,1,0
8,1,0
10,1,0
13,1,0
2,1,0
11,1,0
3,1,0
6,1,0
6,1,0
3,2,0
8,2,0
14,2,0
15,2,0
5,1,0
7,1,0
6,1,0
10,1,0
11,5,0
1,2,0
5,1,0
9,1,0
0,1,0
3,1,0
4,1,0
5,2,0
14,1,0
15,1,0
0,1,0
2,1,0
3,1,0
4,1,0
6,1,0
7,1,0
9,1,0
10,1,0
11,1,0
12,2,0
14,1,0
0,3,0
1,1,0
2,1,0
3,1,0
9,1,0
14,1,0
3,1,0
8,3,0
15,1,0
7,1,0
9,1,0
14,1,0
2,1,0
4,2,0
8,2,0
10,1,0
12,2,0
1,1,0
2,1,0
6,1,0
7,1,0
10,1,0
0,1,0
7,1,0
1,2,0
3,2,0
8,2,0
9,3,0
10,2,0
10,1,0
1,1,0
2,1,0
12,1,0
14,1,0
15,1,0
6,1,0
2,1,0
7,1,0
10,1,0
15,1,0
10,1,0
0,2,0
1,2,0
4,3,0
14,2,0
6,1,0
9,2,0
10,1,0
13,1,0
3,2,0
4,1,0
13,1,0
14,2,0
9,1,0
10,3,0
3,1,0
10,2,0
12,1,0
13,1,0
14,1,0
15,1,0
3,1,0
6,1,0
9,1,0
4,2,0
10,1,0
14,1,0
4,1,0
10,1,0
2,1,0
3,1,0
5,1,0
0,1,0
2,1,0
1,1,0
2,1,0
5,3,0
13,1,0
14,1,0
1,1,0
3,1,0
6,1,0
9,2,0
11,1,0
13,1,0
15,1,0
2,2,0
3,2,0
6,2,0
7,2,0
8,1,0
9,1,0
7,1,0
1,1,0
4,7,0
13,1,0
14,1,0
2,1,0
3,3,0
6,1,0
2,1,0
3,1,0
4,2,0
8,4,0
13,1,0
2,1,0
4,1,0
7,1,0
9,1,0
10,1,0
14,1,0
2,2,0
5,1,0
2,1,0
9,1,0
13,1,0
15,1,0
4,1,0
5,1,0
12,1,0
0,2,0
1,2,0
2,2,0
4,2,0
5,2,0
6,2,0
7,2,0
10,2,0
11,2,0
12,2,0
0,1,0
1,2,0
3,1,0
5,1,0
15,3,0
0,1,0
3,1,0
5,1,0
7,1,0
10,1,0
13,1,0
3,1,0
12,1,0
13,1,0
0,3,0
3,2,0
4,2,0
12,2,0
6,1,0
9,1,0
11,1,0
13,2,0
15,1,0
2,1,0
2,2,0
3,2,0
4,2,0
0,2,0
2,1,0
5,1,0
12,1,0
3,1,0
4,1,0
8,1,0
9,1,0
11,1,0
13,1,0
5,1,0
14,1,0
2,1,0
6,2,0
7,1,0
15,1,0
2,1,0
8,1,0
12,1,0
13,1,0
14,1,0
15,2,0
14,1,0
2,1,0
4,1,0
6,1,0
7,1,0
8,1,0
13,1,0
10,1,0
3,1,0
2,1,0
4,1,0
5,1,0
7,1,0
8,1,0
14,1,0
0,1,0
3,1,0
5,1,0
13,1,0
14,1,0
7,1,0
14,1,0
1,1,0
2,1,0
3,1,0
7,1,0
14,1,0
15,1,0
9,2,0
3,1,0
8,1,0
11,1,0
13,1,0
15,1,0
0,1,0
14,2,0
15,1,0
2,1,0
13,1,0
14,1,0
15,1,0
3,2,0
4,1,0
7,1,0
8,2,0
11,2,0
13,1,0
13,1,0
7,1,0
7,1,0
15,1,0
2,2,0
5,1,0
2,1,0
3,2,0
10,1,0
12,1,0
15,2,0
2,2,0
4,6,0
8,2,0
10,2,0
13,2,0
14,2,0
15,2,0
7,1,0
10,1,0
14,1,0
15,1,0
3,1,0
5,1,0
8,1,0
9,1,0
10,1,0
12,1,0
13,1,0
14,1,0
15,1,0
2,2,0
4,2,0
8,2,0
9,2,0
12,2,0
14,2,0
3,1,0
4,1,0
6,1,0
9,1,0
13,1,0
15,1,0
3,1,0
0,2,0
3,2,0
4,2,0
8,2,0
10,2,0
13,2,0
14,2,0
15,2,0
4,1,0
7,1,0
11,1,0
0,1,0
13,1,0
9,2,0
7,2,0
10,1,0
14,1,0
15,1,0
0,1,0
10,2,0
0,1,0
13,1,0
15,1,0
1,1,0
2,1,0
3,2,0
5,2,0
6,2,0
12,1,0
13,1,0
14,1,0
2,2,0
13,1,0
7,1,0
8,1,0
12,3,0
14,1,0
15,1,0
9,1,0
11,1,0
14,2,0
4,1,0
2,1,0
3,1,0
14,1,0
0,1,0
2,1,0
3,1,0
4,1,0
8,1,0
13,1,0
14,2,0
2,1,0
7,1,0
14,1,0
2,1,0
9,1,0
13,1,0
14,1,0
0,1,0
7,1,0
5,2,0
1,1,0
12,1,0
4,2,0
13,2,0
15,3,0
0,1,0
4,1,0
5,1,0
7,1,0
12,1,0
14,2,0
15,2,0
0,2,0
6,2,0
15,1,0
2,1,0
2,1,0
5,1,0
6,1,0
8,1,0
9,1,0
10,1,0
12,1,0
14,1,0
2,2,0
7,2,0
2,1,0
4,1,0
13,1,0
7,1,0
14,1,0
9,1,0
13,2,0
12,1,0
8,1,0
14,1,0
3,1,0
10,1,0
4,1,0
6,2,0
14,1,0
1,1,0
1,1,0
13,1,0
0,1,0
13,4,0
3,1,0
4,1,0
2,3,0
12,3,0
14,3,0
7,1,0
13,1,0
3,3,0
5,1,0
6,1,0
14,2,0
7,1,0
13,1,0
9,1,0
12,1,0
12,1,0
15,1,0
6,1,0
10,1,0
14,1,0
5,1,0
6,1,0
7,1,0
12,1,0
13,1,0
14,1,0
12,1,0
13,1,0
14,1,0
3,1,0
7,1,0
11,1,0
9,1,0
10,1,0
1,2,0
3,1,0
7,1,0
1,1,0
5,1,0
6,1,0
3,1,0
4,1,0
5,1,0
7,1,0
8,1,0
14,1,0
0,1,0
2,1,0
9,1,0
12,2,0
3,1,0
4,1,0
5,1,0
7,1,0
14,1,0
1,1,0
5,2,0
7,1,0
11,1,0
13,1,0
15,2,0
2,1,0
3,1,0
4,1,0
5,1,0
13,3,0
14,1,0
2,1,0
10,1,0
14,1,0
0,1,0
6,1,0
8,1,0
13,1,0
0,2,0
2,3,0
9,2,0
12,2,0
2,1,0
4,1,0
5,1,0
8,1,0
13,1,0
14,1,0
1,2,0
3,1,0
4,2,0
6,2,0
11,2,0
14,3,0
0,1,0
1,1,0
6,1,0
13,1,0
5,1,0
8,1,0
9,1,0
12,2,0
14,1,0
2,2,0
10,2,0
14,2,0
2,2,0
2,1,0
12,1,0
15,1,0
5,1,0
7,1,0
14,1,0
3,1,0
5,3,0
6,1,0
8,1,0
12,1,0
13,2,0
2,1,0
3,1,0
10,1,0
14,1,0
6,1,0
7,1,0
0,2,0
2,1,0
3,1,0
12,1,0
13,1,0
14,1,0
10,1,0
15,1,0
2,1,0
2,1,0
3,1,0
14,1,0
5,2,0
7,1,0
2,1,0
9,1,0
10,1,0
13,1,0
14,2,0
1,1,0
10,1,0
12,1,0
13,1,0
3,1,0
12,1,0
0,1,0
5,1,0
7,1,0
13,1,0
8,1,0
0,1,0
8,1,0
13,1,0
15,1,0
2,1,0
3,1,0
6,1,0
9,1,0
10,1,0
3,1,0
8,1,0
5,1,0
10,2,0
14,1,0
1,1,0
15,1,0
7,1,0
1,1,0
4,1,0
5,1,0
15,1,0
7,1,0
15,3,0
2,1,0
4,2,0
12,1,0
3,2,0
5,2,0
8,1,0
14,1,0
3,1,0
6,2,0
7,5,0
9,1,0
11,1,0
10,1,0
0,1,0
5,1,0
7,1,0
10,1,0
13,1,0
14,1,0
5,1,0
5,1,0
4,2,0
10,1,0
6,1,0
12,1,0
0,1,0
2,1,0
3,1,0
4,1,0
6,1,0
8,1,0
9,1,0
13,1,0
14,1,0
5,1,0
2,1,0
10,2,0
1,1,0
3,1,0
9,1,0
10,1,0
2,2,0
4,1,0
6,1,0
7,1,0
8,1,0
9,2,0
13,1,0
3,3,0
14,1,0
8,1,0
2,1,0
3,1,0
7,2,0
9,1,0
12,1,0
14,1,0
1,1,0
14,1,0
0,2,0
5,1,0
6,1,0
10,1,0
13,1,0
13,1,0
11,1,0
12,1,0
5,1,0
13,1,0
2,2,0
4,1,0
2,1,0
4,1,0
6,1,0
7,1,0
10,1,0
13,1,0
0,1,0
4,1,0
5,1,0
2,1,0
8,1,0
13,1,0
2,1,0
3,1,0
5,1,0
13,1,0
3,1,0
9,1,0
11,1,0
13,1,0
6,1,0
9,1,0
10,2,0
5,1,0
14,1,0
1,1,0
2,1,0
3,1,0
4,1,0
7,1,0
9,2,0
10,1,0
14,1,0
2,1,0
4,1,0
5,1,0
7,1,0
7,1,0
2,1,0
7,1,0
6,1,0
7,1,0
15,1,0
6,3,0
9,1,0
10,1,0
13,1,0
15,1,0
10,1,0
0,1,0
3,1,0
6,1,0
9,1,0
12,1,0
13,1,0
1,1,0
4,1,0
10,1,0
0,2,0
2,1,0
10,2,0
11,2,0
12,2,0
2,1,0
3,1,0
9,2,0
13,1,0
14,2,0
14,1,0
3,1,0
10,1,0
4,1,0
5,1,0
7,1,0
12,1,0
0,1,0
2,1,0
4,1,0
6,1,0
12,1,0
13,1,0
14,1,0
15,1,0
2,1,0
11,1,0
14,1,0
3,2,0
0,3,0
3,1,0
5,1,0
7,2,0
13,3,0
2,1,0
2,1,0
14,1,0
7,1,0
15,1,0
1,3,0
9,2,0
1,1,0
15,1,0
1,1,0
10,1,0
12,2,0
13,1,0
3,1,0
5,1,0
12,1,0
8,2,0
12,2,0
13,1,0
15,1,0
0,1,0
2,1,0
4,1,0
9,1,0
12,1,0
13,1,0
15,1,0
2,1,0
3,1,0
8,4,0
12,1,0
14,1,0
1,2,0
3,1,0
5,1,0
0,2,0
14,1,0
15,3,0
12,1,0
13,1,0
0,1,0
2,1,0
10,1,0
15,1,0
2,2,0
7,1,0
2,1,0
4,2,0
7,1,0
14,1,0
8,1,0
6,1,0
12,1,0
13,1,0
2,1,0
9,1,0
2,1,0
0,2,0
1,2,0
2,2,0
3,2,0
4,2,0
6,2,0
8,2,0
7,6,0
9,1,0
10,1,0
9,2,0
3,1,0
7,1,0
0,1,0
3,1,0
13,1,0
2,1,0
14,1,0
1,1,0
6,1,0
7,1,0
9,1,0
13,1,0
0,1,0
1,2,0
3,1,0
5,1,0
8,1,0
9,1,0
15,1,0
2,1,0
6,1,0
8,1,0
12,1,0
14,1,0
10,1,0
15,1,0
13,1,0
0,1,0
2,1,0
3,1,0
5,1,0
8,1,0
10,1,0
15,1,0
12,1,0
14,1,0
9,1,0
11,1,0
13,1,0
2,1,0
8,1,0
13,1,0
15,1,0
3,1,0
14,1,0
2,2,0
3,1,0
6,1,0
10,1,0
2,1,0
5,1,0
7,1,0
8,1,0
15,1,0
1,1,0
2,1,0
9,1,0
10,1,0
12,1,0
14,1,0
2,1,0
3,1,0
2,1,0
14,2,0
2,1,0
4,1,0
7,1,0
13,1,0
14,1,0
10,3,0
13,1,0
14,1,0
12,1,0
3,1,0
6,1,0
8,1,0
1,1,0
2,1,0
10,1,0
1,1,0
10,1,0
12,1,0
2,1,0
3,2,0
5,1,0
7,1,0
8,1,0
10,1,0
13,1,0
14,1,0
15,1,0
2,1,0
12,1,0
13,1,0
8,2,0
12,1,0
14,1,0
5,2,0
0,1,0
6,1,0
12,2,0
14,1,0
2,1,0
3,2,0
8,3,0
3,1,0
4,1,0
7,1,0
14,1,0
3,2,0
12,1,0
13,1,0
14,1,0
2,1,0
3,1,0
6,1,0
8,1,0
10,1,0
12,1,0
14,1,0
4,1,0
2,2,0
3,1,0
12,1,0
13,2,0
15,2,0
2,1,0
3,1,0
6,1,0
8,1,0
14,1,0
2,1,0
4,1,0
8,1,0
12,1,0
2,1,0
4,1,0
9,1,0
14,1,0
2,1,0
4,1,0
2,1,0
13,1,0
8,1,0
1,1,0
6,1,0
7,1,0
8,1,0
13,1,0
14,1,0
1,2,0
2,2,0
4,5,0
6,2,0
8,2,0
11,2,0
4,2,0
9,2,0
12,2,0
1,1,0
2,1,0
3,1,0
4,1,0
14,2,0
2,1,0
9,1,0
14,1,0
15,1,0
0,1,0
2,1,0
7,1,0
10,1,0
15,1,0
12,1,0
14,1,0
0,1,0
2,1,0
14,1,0
15,1,0
8,2,0
5,1,0
8,1,0
14,1,0
3,1,0
4,1,0
7,1,0
15,1,0
0,1,0
1,1,0
6,1,0
8,1,0
9,1,0
2,1,0
2,1,0
1,1,0
3,1,0
5,1,0
8,1,0
9,1,0
13,1,0
2,1,0
11,1,0
15,1,0
2,2,0
4,1,0
6,1,0
14,1,0
0,1,0
2,1,0
4,1,0
8,1,0
10,1,0
12,2,0
13,1,0
14,1,0
3,1,0
5,1,0
7,1,0
9,1,0
14,1,0
15,1,0
2,1,0
3,1,0
8,1,0
10,1,0
13,1,0
14,1,0
15,1,0
1,2,0
3,3,0
4,2,0
5,2,0
6,2,0
9,2,0
11,2,0
13,2,0
14,2,0
7,2,0
4,1,0
2,1,0
0,1,0
3,1,0
4,1,0
7,1,0
15,1,0
13,1,0
2,1,0
8,1,0
13,1,0
14,1,0
15,1,0
10,4,0
14,3,0
4,1,0
15,1,0
11,1,0
0,1,0
2,1,0
3,1,0
4,1,0
7,1,0
14,2,0
14,1,0
1,1,0
3,1,0
5,2,0
9,1,0
13,1,0
12,1,0
2,1,0
10,1,0
3,1,0
11,1,0
13,1,0
0,1,0
3,1,0
2,1,0
10,1,0
7,1,0
8,1,0
10,1,0
7,1,0
11,1,0
14,1,0
2,3,0
9,2,0
2,1,0
5,1,0
13,1,0
11,1,0
0,1,0
1,1,0
2,1,0
3,1,0
4,2,0
5,1,0
6,1,0
7,1,0
10,1,0
12,1,0
2,2,0
6,1,0
8,1,0
3,1,0
7,1,0
8,1,0
9,1,0
12,1,0
13,1,0
14,1,0
3,1,0
13,1,0
5,1,0
14,1,0
2,1,0
7,1,0
11,1,0
7,1,0
8,1,0
9,1,0
10,1,0
12,1,0
13,1,0
14,1,0
9,1,0
12,1,0
0,1,0
2,1,0
15,1,0
2,1,0
7,1,0
11,1,0
14,1,0
15,1,0
3,1,0
0,1,0
2,1,0
3,1,0
4,2,0
8,2,0
12,1,0
13,1,0
2,1,0
10,1,0
14,2,0
3,1,0
13,1,0
2,2,0
4,1,0
13,1,0
15,2,0
2,1,0
12,2,0
2,1,0
3,1,0
5,1,0
8,1,0
9,1,0
10,1,0
13,1,0
0,2,0
2,1,0
7,2,0
14,2,0
15,1,0
2,1,0
7,1,0
3,1,0
4,2,0
9,1,0
10,1,0
12,1,0
15,1,0
13,1,0
14,1,0
0,1,0
2,2,0
3,1,0
5,1,0
6,1,0
7,1,0
11,1,0
6,1,0
9,1,0
0,1,0
2,2,0
12,1,0
15,2,0
2,1,0
8,2,0
0,1,0
2,1,0
7,1,0
13,1,0
14,1,0
15,1,0
2,1,0
15,1,0
0,1,0
0,2,0
2,2,0
3,2,0
5,2,0
6,2,0
7,4,0
9,2,0
14,2,0
2,2,0
4,1,0
8,1,0
15,3,0
0,1,0
3,1,0
5,1,0
6,1,0
7,1,0
9,1,0
10,1,0
12,1,0
3,1,0
8,1,0
4,1,0
9,1,0
8,1,0
9,1,0
10,1,0
14,1,0
2,2,0
4,1,0
10,1,0
11,1,0
14,1,0
15,2,0
5,1,0
0,1,0
5,1,0
8,1,0
13,2,0
14,1,0
14,1,0
2,1,0
3,1,0
8,1,0
9,1,0
13,1,0
14,1,0
15,2,0
1,1,0
3,2,0
5,1,0
12,1,0
13,3,0
7,1,0
8,1,0
2,1,0
6,1,0
13,1,0
0,1,0
2,1,0
3,1,0
4,1,0
5,1,0
6,1,0
10,4,0
11,1,0
13,1,0
14,1,0
3,2,0
12,1,0
13,1,0
3,1,0
9,1,0
14,2,0
15,1,0
3,1,0
15,2,0
1,2,0
3,1,0
4,2,0
9,2,0
12,2,0
0,1,0
1,1,0
7,1,0
15,1,0
10,1,0
1,1,0
2,1,0
7,1,0
8,1,0
13,1,0
15,1,0
10,2,0
15,1,0
3,1,0
5,1,0
12,1,0
15,1,0
3,1,0
4,2,0
8,2,0
9,2,0
10,2,0
14,1,0
0,1,0
1,1,0
3,1,0
4,1,0
6,1,0
8,1,0
12,1,0
13,1,0
14,1,0
15,1,0
1,1,0
7,1,0
12,1,0
13,1,0
14,1,0
0,1,0
2,1,0
3,1,0
5,1,0
8,1,0
10,2,0
12,2,0
14,2,0
7,1,0
13,2,0
10,1,0
14,1,0
7,1,0
14,1,0
1,1,0
3,1,0
8,1,0
12,1,0
6,2,0
7,1,0
9,1,0
2,1,0
4,1,0
7,1,0
1,1,0
3,1,0
6,2,0
9,1,0
4,1,0
7,3,0
13,1,0
10,1,0
12,1,0
3,1,0
4,1,0
5,1,0
8,1,0
9,1,0
14,1,0
13,1,0
15,1,0
1,1,0
10,1,0
11,1,0
13,1,0
2,2,0
3,1,0
5,1,0
6,1,0
7,1,0
8,1,0
9,1,0
12,2,0
2,1,0
5,1,0
9,1,0
14,1,0
7,1,0
0,1,0
4,2,0
10,1,0
15,1,0
7,1,0
8,1,0
10,1,0
1,1,0
2,1,0
10,1,0
12,1,0
13,2,0
14,1,0
9,1,0
10,1,0
2,1,0
3,2,0
10,1,0
14,2,0
15,1,0
0,1,0
2,1,0
5,1,0
8,2,0
10,1,0
11,2,0
14,1,0
1,4,0
7,1,0
8,3,0
9,1,0
10,1,0
15,1,0
3,1,0
4,2,0
6,3,0
12,2,0
14,1,0
15,2,0
8,1,0
3,1,0
4,1,0
13,2,0
14,1,0
10,1,0
4,1,0
2,1,0
3,1,0
6,1,0
0,1,0
2,1,0
15,1,0
10,1,0
11,1,0
3,1,0
4,1,0
10,1,0
13,1,0
15,1,0
3,1,0
12,1,0
2,1,0
10,1,0
2,1,0
7,1,0
3,1,0
4,1,0
8,2,0
13,1,0
10,1,0
2,1,0
4,1,0
9,1,0
3,1,0
0,1,0
7,2,0
15,1,0
1,1,0
3,1,0
6,1,0
12,1,0
2,1,0
13,1,0
14,2,0
15,2,0
12,1,0
6,1,0
8,2,0
3,1,0
4,1,0
14,1,0
10,1,0
8,1,0
15,1,0
0,1,0
2,3,0
3,2,0
4,3,0
7,3,0
8,3,0
11,3,0
12,2,0
14,2,0
12,1,0
2,1,0
4,2,0
6,2,0
10,2,0
15,2,0
3,2,0
4,2,0
7,2,0
8,2,0
14,1,0
0,1,0
2,1,0
4,1,0
14,1,0
2,1,0
5,1,0
7,1,0
0,1,0
3,1,0
8,1,0
9,1,0
12,1,0
13,1,0
2,1,0
7,1,0
12,1,0
4,2,0
8,1,0
14,1,0
9,1,0
1,1,0
3,2,0
11,1,0
14,1,0
6,1,0
12,1,0
13,1,0
0,1,0
7,1,0
1,1,0
2,1,0
7,1,0
7,1,0
7,1,0
9,1,0
10,1,0
12,1,0
1,1,0
12,3,0
3,1,0
4,1,0
11,1,0
2,1,0
8,3,0
3,1,0
7,1,0
8,1,0
10,1,0
15,1,0
5,2,0
2,1,0
3,1,0
5,1,0
10,4,0
12,1,0
14,1,0
9,1,0
12,1,0
14,1,0
0,1,0
2,1,0
6,1,0
13,1,0
15,1,0
2,1,0
2,1,0
7,1,0
14,1,0
0,1,0
3,1,0
7,1,0
8,4,0
4,2,0
5,2,0
8,2,0
9,1,0
15,2,0
3,1,0
10,1,0
11,2,0
13,1,0
14,1,0
15,1,0
3,2,0
0,2,0
10,2,0
8,1,0
12,1,0
2,1,0
3,1,0
7,1,0
8,1,0
0,1,0
2,2,0
3,1,0
4,1,0
7,1,0
9,1,0
12,1,0
13,1,0
14,1,0
15,2,0
0,2,0
3,2,0
4,2,0
6,3,0
8,2,0
13,1,0
4,1,0
14,1,0
1,1,0
2,1,0
4,1,0
7,1,0
6,1,0
10,1,0
14,1,0
3,1,0
4,1,0
10,1,0
13,1,0
3,1,0
7,1,0
8,1,0
2,1,0
10,1,0
13,2,0
3,1,0
4,1,0
6,1,0
9,1,0
14,1,0
3,1,0
8,1,0
13,1,0
15,1,0
10,1,0
11,1,0
0,1,0
1,1,0
3,1,0
4,1,0
8,1,0
12,1,0
13,1,0
14,1,0
3,1,0
8,1,0
13,1,0
0,1,0
1,1,0
3,1,0
5,1,0
10,1,0
11,2,0
12,1,0
13,1,0
14,1,0
3,1,0
10,1,0
13,1,0
15,1,0
0,1,0
1,2,0
4,1,0
6,1,0
8,2,0
11,2,0
1,2,0
2,2,0
3,2,0
13,2,0
14,1,0
0,2,0
1,3,0
2,1,0
3,1,0
7,1,0
10,1,0
4,1,0
10,1,0
2,2,0
3,2,0
4,2,0
6,2,0
8,3,0
10,2,0
12,2,0
13,3,0
14,2,0
3,1,0
9,1,0
10,1,0
14,1,0
8,1,0
12,1,0
14,1,0
3,1,0
10,1,0
7,1,0
10,4,0
14,1,0
10,1,0
15,1,0
2,1,0
10,1,0
3,1,0
10,1,0
15,1,0
0,1,0
3,2,0
4,1,0
5,2,0
9,1,0
14,1,0
8,3,0
10,1,0
11,2,0
2,1,0
3,1,0
14,1,0
1,1,0
2,1,0
6,1,0
8,1,0
10,1,0
13,1,0
14,1,0
4,1,0
5,1,0
6,1,0
8,1,0
14,1,0
8,1,0
11,1,0
1,3,0
3,2,0
5,3,0
11,2,0
12,3,0
13,3,0
14,3,0
2,1,0
9,1,0
2,2,0
3,3,0
13,1,0
6,1,0
8,1,0
3,1,0
6,1,0
11,1,0
6,2,0
9,3,0
10,2,0
0,1,0
7,1,0
14,1,0
0,1,0
5,1,0
13,1,0
15,1,0
10,1,0
13,1,0
3,2,0
2,1,0
7,1,0
13,1,0
2,2,0
2,1,0
11,2,0
12,1,0
7,1,0
11,1,0
2,1,0
4,1,0
5,1,0
12,1,0
13,1,0
14,1,0
15,1,0
2,1,0
2,2,0
8,1,0
13,2,0
14,1,0
1,2,0
6,1,0
12,1,0
14,1,0
2,1,0
8,1,0
0,1,0
15,1,0
7,1,0
8,1,0
2,1,0
4,1,0
6,1,0
9,1,0
12,1,0
13,1,0
14,1,0
15,1,0
1,1,0
7,4,0
14,1,0
1,1,0
2,1,0
7,1,0
14,1,0
8,1,0
11,1,0
13,1,0
2,1,0
7,1,0
10,1,0
12,1,0
14,1,0
2,1,0
7,1,0
15,1,0
5,1,0
6,1,0
10,1,0
13,1,0
2,1,0
4,3,0
6,1,0
8,1,0
11,1,0
0,1,0
4,1,0
5,1,0
10,1,0
1,1,0
2,1,0
12,1,0
13,1,0
14,1,0
3,1,0
9,1,0
13,1,0
2,1,0
12,1,0
0,1,0
2,1,0
3,1,0
4,1,0
6,1,0
7,1,0
8,2,0
12,1,0
14,1,0
15,1,0
1,1,0
5,1,0
10,1,0
12,1,0
14,1,0
15,1,0
13,1,0
2,1,0
4,1,0
7,1,0
10,1,0
11,1,0
14,1,0
0,1,0
10,1,0
14,1,0
15,1,0
8,1,0
0,1,0
2,1,0
3,1,0
5,1,0
13,1,0
14,1,0
10,1,0
2,1,0
4,1,0
8,1,0
9,1,0
10,1,0
13,1,0
14,1,0
15,1,0
13,1,0
14,1,0
1,1,0
2,1,0
10,1,0
13,1,0
1,1,0
2,1,0
3,1,0
4,1,0
7,1,0
9,1,0
12,1,0
13,1,0
8,1,0
10,1,0
7,1,0
1,1,0
2,1,0
5,1,0
7,1,0
8,1,0
9,1,0
10,1,0
13,1,0
10,1,0
13,1,0
2,1,0
3,1,0
13,1,0
15,1,0
0,1,0
3,1,0
14,1,0
15,1,0
13,1,0
7,1,0
0,1,0
1,1,0
2,1,0
3,1,0
10,2,0
12,1,0
13,1,0
15,1,0
0,1,0
2,1,0
3,1,0
4,1,0
6,1,0
13,1,0
14,1,0
3,1,0
9,1,0
12,1,0
15,1,0
0,1,0
12,1,0
13,2,0
11,1,0
15,1,0
1,1,0
3,1,0
8,1,0
3,1,0
4,1,0
9,1,0
11,1,0
13,2,0
8,1,0
12,1,0
13,1,0
7,1,0
10,2,0
8,1,0
10,1,0
3,1,0
4,2,0
10,1,0
3,2,0
4,2,0
12,2,0
14,1,0
15,2,0
8,1,0
10,2,0
0,1,0
2,1,0
3,1,0
5,1,0
10,1,0
15,1,0
4,1,0
14,1,0
15,2,0
9,1,0
8,1,0
14,2,0
7,2,0
10,1,0
13,1,0
14,1,0
7,1,0
11,1,0
13,1,0
4,1,0
6,1,0
15,1,0
12,1,0
14,1,0
2,1,0
5,1,0
6,2,0
7,1,0
10,1,0
12,2,0
15,1,0
0,1,0
5,1,0
7,1,0
9,1,0
12,1,0
2,1,0
7,1,0
13,3,0
0,1,0
2,1,0
3,1,0
15,1,0
2,1,0
4,1,0
11,1,0
1,1,0
2,1,0
4,1,0
6,1,0
7,1,0
8,1,0
9,1,0
12,1,0
13,1,0
14,1,0
6,1,0
13,1,0
14,1,0
15,2,0
2,2,0
12,1,0
14,1,0
2,1,0
5,1,0
8,2,0
4,1,0
14,1,0
15,1,0
2,2,0
1,1,0
9,1,0
14,1,0
6,1,0
12,1,0
2,2,0
14,1,0
2,1,0
3,1,0
13,1,0
13,1,0
3,1,0
2,2,0
9,2,0
12,2,0
13,2,0
15,2,0
3,1,0
4,1,0
3,1,0
5,2,0
12,1,0
0,2,0
1,2,0
3,2,0
4,1,0
5,2,0
6,2,0
12,2,0
14,1,0
0,1,0
2,1,0
3,1,0
6,1,0
14,1,0
2,1,0
9,1,0
8,1,0
12,1,0
13,1,0
14,1,0
8,1,0
3,4,0
9,2,0
13,2,0
12,1,0
1,1,0
5,1,0
6,1,0
15,1,0
4,1,0
10,1,0
3,2,0
5,2,0
6,2,0
7,1,0
12,2,0
14,1,0
12,1,0
14,1,0
0,2,0
2,2,0
3,2,0
9,2,0
11,2,0
12,1,0
14,2,0
1,1,0
3,1,0
4,1,0
13,1,0
4,1,0
7,1,0
10,1,0
12,1,0
3,1,0
7,2,0
3,1,0
7,1,0
8,1,0
7,7,0
10,1,0
1,1,0
10,1,0
13,1,0
14,1,0
2,1,0
9,1,0
13,1,0
14,1,0
9,1,0
10,1,0
12,1,0
2,2,0
3,1,0
13,2,0
2,2,0
3,1,0
6,1,0
15,1,0
1,2,0
3,1,0
5,1,0
10,1,0
13,1,0
14,1,0
2,1,0
5,1,0
12,2,0
14,1,0
12,1,0
0,1,0
2,1,0
3,1,0
4,1,0
7,1,0
8,1,0
13,1,0
6,1,0
0,1,0
2,1,0
4,1,0
6,1,0
7,2,0
9,1,0
11,1,0
12,1,0
13,1,0
2,1,0
10,1,0
0,1,0
3,1,0
5,1,0
8,1,0
10,1,0
13,1,0
14,1,0
4,2,0
7,1,0
0,2,0
2,1,0
4,1,0
10,3,0
12,1,0
11,1,0
12,1,0
15,1,0
2,1,0
4,1,0
5,1,0
7,1,0
9,1,0
10,1,0
13,1,0
4,1,0
0,1,0
4,1,0
7,1,0
12,1,0
14,1,0
2,1,0
2,1,0
10,2,0
13,1,0
8,5,0
10,1,0
14,1,0
12,3,0
14,1,0
2,1,0
10,1,0
12,1,0
13,1,0
15,1,0
11,1,0
0,1,0
2,1,0
8,1,0
0,1,0
9,1,0
10,1,0
14,1,0
3,1,0
5,1,0
1,1,0
3,1,0
4,1,0
6,1,0
7,2,0
0,1,0
3,1,0
12,1,0
14,1,0
2,1,0
4,1,0
11,1,0
0,1,0
3,1,0
8,2,0
14,1,0
15,1,0
1,1,0
2,1,0
4,1,0
0,1,0
2,1,0
4,1,0
5,1,0
7,1,0
15,1,0
0,1,0
9,1,0
13,1,0
14,1,0
5,1,0
9,2,0
12,1,0
14,1,0
9,1,0
10,1,0
15,1,0
12,2,0
2,2,0
0,1,0
2,1,0
8,1,0
3,2,0
14,2,0
0,3,0
3,2,0
10,2,0
14,1,0
0,1,0
5,1,0
13,1,0
14,2,0
2,1,0
7,1,0
10,1,0
3,1,0
7,1,0
2,1,0
5,3,0
8,1,0
12,1,0
14,1,0
15,1,0
12,1,0
1,1,0
3,2,0
7,1,0
10,1,0
0,1,0
9,1,0
4,2,0
12,2,0
14,2,0
15,1,0
11,1,0
13,1,0
2,1,0
11,1,0
12,1,0
1,2,0
11,1,0
12,1,0
14,1,0
6,1,0
0,1,0
2,1,0
8,1,0
10,1,0
13,1,0
0,1,0
2,1,0
9,1,0
15,1,0
14,1,0
12,1,0
1,1,0
4,1,0
7,1,0
10,1,0
12,1,0
13,1,0
14,1,0
15,1,0
10,1,0
13,1,0
12,1,0
15,1,0
0,1,0
2,1,0
13,1,0
7,1,0
1,3,0
5,1,0
14,1,0
14,1,0
6,1,0
12,1,0
0,1,0
2,1,0
3,1,0
4,1,0
13,1,0
15,1,0
2,1,0
3,1,0
2,1,0
11,1,0
10,1,0
14,1,0
0,2,0
3,1,0
6,1,0
7,2,0
8,1,0
11,2,0
13,1,0
7,3,0
9,1,0
14,1,0
2,1,0
3,2,0
5,1,0
12,1,0
14,1,0
15,1,0
5,1,0
9,1,0
0,1,0
2,1,0
14,2,0
4,1,0
13,2,0
7,1,0
8,1,0
12,1,0
14,1,0
14,1,0
3,1,0
10,1,0
5,1,0
10,1,0
12,1,0
2,1,0
13,1,0
5,2,0
8,1,0
12,1,0
15,2,0
8,1,0
12,1,0
3,1,0
6,1,0
7,1,0
13,2,0
1,1,0
10,1,0
13,1,0
3,1,0
12,1,0
14,1,0
15,1,0
0,2,0
2,1,0
3,1,0
4,2,0
5,2,0
9,1,0
10,1,0
11,1,0
13,2,0
14,1,0
15,1,0
2,1,0
10,1,0
15,1,0
15,1,0
14,1,0
15,1,0
5,1,0
10,1,0
0,2,0
1,2,0
2,2,0
3,3,0
6,1,0
10,2,0
14,2,0
10,1,0
4,3,0
5,3,0
14,1,0
5,1,0
13,1,0
2,1,0
13,1,0
0,1,0
2,1,0
4,1,0
6,1,0
11,1,0
14,1,0
2,1,0
3,1,0
0,2,0
2,1,0
14,1,0
15,1,0
1,1,0
4,1,0
8,1,0
10,1,0
1,1,0
6,1,0
10,1,0
2,1,0
12,1,0
4,2,0
14,1,0
8,2,0
3,1,0
10,2,0
15,1,0
12,1,0
15,1,0
7,1,0
15,1,0
12,1,0
2,1,0
9,1,0
2,1,0
5,1,0
13,1,0
3,1,0
13,1,0
3,1,0
11,1,0
2,1,0
12,1,0
2,1,0
15,2,0
3,1,0
8,1,0
11,1,0
13,2,0
3,1,0
7,1,0
8,1,0
0,1,0
8,1,0
9,1,0
12,1,0
13,1,0
14,1,0
7,1,0
2,2,0
5,2,0
10,1,0
1,1,0
6,1,0
8,1,0
9,1,0
14,1,0
2,1,0
2,1,0
3,1,0
7,1,0
12,1,0
14,1,0
15,1,0
1,1,0
2,1,0
7,1,0
10,1,0
13,1,0
14,2,0
7,2,0
10,1,0
3,1,0
11,1,0
2,1,0
14,2,0
15,1,0
14,1,0
5,2,0
8,2,0
3,1,0
11,1,0
14,1,0
5,1,0
14,1,0
1,2,0
7,2,0
12,1,0
13,2,0
15,2,0
6,1,0
7,1,0
9,1,0
11,1,0
14,1,0
2,1,0
15,1,0
3,1,0
6,1,0
12,1,0
2,1,0
13,1,0
14,2,0
15,1,0
1,1,0
2,1,0
3,1,0
6,3,0
8,2,0
11,1,0
15,1,0
6,1,0
13,1,0
4,2,0
7,1,0
14,1,0
6,1,0
11,1,0
15,1,0
3,1,0
5,1,0
12,1,0
13,1,0
14,1,0
7,1,0
10,1,0
0,1,0
2,2,0
4,1,0
9,1,0
13,1,0
15,1,0
2,1,0
4,1,0
0,1,0
2,1,0
2,1,0
1,1,0
2,1,0
8,1,0
10,1,0
14,1,0
2,1,0
4,1,0
8,1,0
12,2,0
15,1,0
4,2,0
14,2,0
3,1,0
4,1,0
5,1,0
6,1,0
7,1,0
9,1,0
12,1,0
14,1,0
3,3,0
6,1,0
12,1,0
15,1,0
3,1,0
4,1,0
6,1,0
8,1,0
9,1,0
12,1,0
13,1,0
15,1,0
0,1,0
2,1,0
3,1,0
10,1,0
14,1,0
3,1,0
12,1,0
14,1,0
4,1,0
6,1,0
8,1,0
11,1,0
14,3,0
7,1,0
14,1,0
3,1,0
10,1,0
12,1,0
0,1,0
3,1,0
13,1,0
0,1,0
1,1,0
13,2,0
15,2,0
2,1,0
4,1,0
14,1,0
4,2,0
13,1,0
15,1,0
2,1,0
0,1,0
3,1,0
5,1,0
6,1,0
7,1,0
8,2,0
14,1,0
4,1,0
7,1,0
9,3,0
13,1,0
14,2,0
2,1,0
4,1,0
6,1,0
7,1,0
13,1,0
14,1,0
9,1,0
13,1,0
4,1,0
12,1,0
15,1,0
3,1,0
4,1,0
3,2,0
0,1,0
2,2,0
5,1,0
8,1,0
10,1,0
7,1,0
14,1,0
2,1,0
3,1,0
8,1,0
11,1,0
13,1,0
14,2,0
15,1,0
2,1,0
3,1,0
14,2,0
7,1,0
0,1,0
4,1,0
6,1,0
12,1,0
14,1,0
1,1,0
2,1,0
5,1,0
8,1,0
13,1,0
14,1,0
9,1,0
13,1,0
14,2,0
2,1,0
3,1,0
4,1,0
6,1,0
8,1,0
9,1,0
10,1,0
13,1,0
15,1,0
2,1,0
8,1,0
9,1,0
14,1,0
15,1,0
0,1,0
3,1,0
4,1,0
8,1,0
12,1,0
3,1,0
3,1,0
3,1,0
7,2,0
10,1,0
11,1,0
13,1,0
2,1,0
7,1,0
10,1,0
13,1,0
2,1,0
8,2,0
14,2,0
11,1,0
13,1,0
2,1,0
6,1,0
10,3,0
13,1,0
5,1,0
4,1,0
11,1,0
13,1,0
15,1,0
7,1,0
12,4,0
3,1,0
7,2,0
7,1,0
9,1,0
10,1,0
12,1,0
2,1,0
4,2,0
5,1,0
6,3,0
7,1,0
3,2,0
10,1,0
14,3,0
0,1,0
8,1,0
12,1,0
13,1,0
6,1,0
8,1,0
13,1,0
14,1,0
15,1,0
3,1,0
14,3,0
15,1,0
5,2,0
13,1,0
14,1,0
4,1,0
13,1,0
14,2,0
0,2,0
2,1,0
6,1,0
9,1,0
10,1,0
13,1,0
14,1,0
3,1,0
7,1,0
8,1,0
7,1,0
7,1,0
13,1,0
2,1,0
4,1,0
6,1,0
8,1,0
1,1,0
2,1,0
3,1,0
4,1,0
6,1,0
10,1,0
12,1,0
14,1,0
3,1,0
4,1,0
7,1,0
9,1,0
10,1,0
12,1,0
2,1,0
0,1,0
8,1,0
10,1,0
0,1,0
13,1,0
15,1,0
1,1,0
2,1,0
4,1,0
6,1,0
7,1,0
10,1,0
13,1,0
14,1,0
5,1,0
7,1,0
0,1,0
3,1,0
4,1,0
6,1,0
7,1,0
10,2,0
14,1,0
1,1,0
6,1,0
12,1,0
14,2,0
2,1,0
3,1,0
4,1,0
7,1,0
14,1,0
7,1,0
11,1,0
12,1,0
13,1,0
7,1,0
10,1,0
1,1,0
7,1,0
8,1,0
9,1,0
10,1,0
12,1,0
14,1,0
15,1,0
0,2,0
3,1,0
5,1,0
8,1,0
13,1,0
14,1,0
1,1,0
2,1,0
4,1,0
6,1,0
7,1,0
10,1,0
13,2,0
0,2,0
6,1,0
7,1,0
9,1,0
13,1,0
14,1,0
3,1,0
6,2,0
8,1,0
13,1,0
2,1,0
2,1,0
8,1,0
9,1,0
10,1,0
4,1,0
7,1,0
12,1,0
13,1,0
3,1,0
3,1,0
13,1,0
2,1,0
12,1,0
3,2,0
7,1,0
6,1,0
10,2,0
13,1,0
2,1,0
3,1,0
4,1,0
7,1,0
8,1,0
10,1,0
14,1,0
14,1,0
1,1,0
2,3,0
9,1,0
13,1,0
5,1,0
8,1,0
10,1,0
13,1,0
1,2,0
3,1,0
4,1,0
9,1,0
14,1,0
1,1,0
4,1,0
5,1,0
6,1,0
8,1,0
11,1,0
14,1,0
1,1,0
2,1,0
3,1,0
8,1,0
13,1,0
3,1,0
5,1,0
9,1,0
10,1,0
12,1,0
13,1,0
14,1,0
1,1,0
2,1,0
11,1,0
13,1,0
15,1,0
10,1,0
12,1,0
14,1,0
15,1,0
7,1,0
2,1,0
3,1,0
7,1,0
10,1,0
11,1,0
12,1,0
0,2,0
3,1,0
6,2,0
9,1,0
14,1,0
13,1,0
2,1,0
13,1,0
5,1,0
7,1,0
8,1,0
10,1,0
12,2,0
13,1,0
7,2,0
14,1,0
0,1,0
2,1,0
3,1,0
14,1,0
15,1,0
15,1,0
1,1,0
2,1,0
8,1,0
11,1,0
14,1,0
0,1,0
2,1,0
3,1,0
5,1,0
12,1,0
14,1,0
3,1,0
4,1,0
5,1,0
7,1,0
1,2,0
3,1,0
6,1,0
2,1,0
8,1,0
13,1,0
14,1,0
2,1,0
5,1,0
14,1,0
0,1,0
4,3,0
10,1,0
12,1,0
14,1,0
2,1,0
3,1,0
7,1,0
15,1,0
8,1,0
11,1,0
14,1,0
5,1,0
8,1,0
9,1,0
2,2,0
1,1,0
12,1,0
13,1,0
9,1,0
2,1,0
4,1,0
7,1,0
10,1,0
12,1,0
14,1,0
0,1,0
2,1,0
4,1,0
7,1,0
9,1,0
10,1,0
3,1,0
5,1,0
6,2,0
3,1,0
13,1,0
14,1,0
2,2,0
6,1,0
13,1,0
10,1,0
12,1,0
14,1,0
15,1,0
12,1,0
2,2,0
10,2,0
13,2,0
15,3,0
0,1,0
3,1,0
6,1,0
11,1,0
13,1,0
15,1,0
0,1,0
2,1,0
4,1,0
6,1,0
8,1,0
9,1,0
11,1,0
13,1,0
14,1,0
15,1,0
4,1,0
5,1,0
6,1,0
13,1,0
0,1,0
2,1,0
5,3,0
9,1,0
10,1,0
12,1,0
14,1,0
15,1,0
2,1,0
7,1,0
9,1,0
15,1,0
0,2,0
10,2,0
0,2,0
1,2,0
2,1,0
4,2,0
8,2,0
12,2,0
14,1,0
6,1,0
8,2,0
10,1,0
12,2,0
14,2,0
1,1,0
0,1,0
3,1,0
6,1,0
8,1,0
9,1,0
10,1,0
11,1,0
13,1,0
14,1,0
15,1,0
2,1,0
7,1,0
8,1,0
9,1,0
10,1,0
2,1,0
8,2,0
10,1,0
13,1,0
14,1,0
11,1,0
13,1,0
14,1,0
15,1,0
2,1,0
5,1,0
8,1,0
9,1,0
10,1,0
14,1,0
1,1,0
2,1,0
6,1,0
8,1,0
14,2,0
7,1,0
9,1,0
10,1,0
12,1,0
0,1,0
2,1,0
8,1,0
10,1,0
1,1,0
7,1,0
2,1,0
3,1,0
3,1,0
9,2,0
14,1,0
6,2,0
7,2,0
4,1,0
1,1,0
3,1,0
10,1,0
0,2,0
2,2,0
1,1,0
4,1,0
6,2,0
12,1,0
13,1,0
1,1,0
14,1,0
5,1,0
8,1,0
13,1,0
14,1,0
1,2,0
2,2,0
8,2,0
12,1,0
2,1,0
10,1,0
14,1,0
12,1,0
14,1,0
3,1,0
8,1,0
12,2,0
14,1,0
0,1,0
1,1,0
2,2,0
9,1,0
10,1,0
12,1,0
5,2,0
1,1,0
6,1,0
14,1,0
1,1,0
10,1,0
14,2,0
3,1,0
12,1,0
7,1,0
10,1,0
15,1,0
2,1,0
4,1,0
7,1,0
8,1,0
14,1,0
15,1,0
2,2,0
10,1,0
2,2,0
3,1,0
4,1,0
5,1,0
6,1,0
8,1,0
9,1,0
12,1,0
14,1,0
3,2,0
5,2,0
14,2,0
0,1,0
2,1,0
8,1,0
7,1,0
0,1,0
4,2,0
2,2,0
3,1,0
14,1,0
7,1,0
12,1,0
13,2,0
15,1,0
12,1,0
0,1,0
2,1,0
2,1,0
5,2,0
6,1,0
8,3,0
9,1,0
10,1,0
14,1,0
2,1,0
4,1,0
6,1,0
1,1,0
4,1,0
5,1,0
11,1,0
15,1,0
1,1,0
2,2,0
12,1,0
0,1,0
2,1,0
3,1,0
8,1,0
9,1,0
10,1,0
13,2,0
14,1,0
4,1,0
5,1,0
7,1,0
12,1,0
13,1,0
14,1,0
15,1,0
2,1,0
3,1,0
14,1,0
3,1,0
10,1,0
2,1,0
3,1,0
13,1,0
14,1,0
1,1,0
3,1,0
0,1,0
8,1,0
9,1,0
12,1,0
13,2,0
14,1,0
15,1,0
5,1,0
6,2,0
9,1,0
10,1,0
7,2,0
2,1,0
3,1,0
10,1,0
0,1,0
2,1,0
7,1,0
10,1,0
13,1,0
14,1,0
14,1,0
2,1,0
4,1,0
10,1,0
3,1,0
4,1,0
6,1,0
8,1,0
9,1,0
10,1,0
11,1,0
12,1,0
13,1,0
14,1,0
15,1,0
2,1,0
9,1,0
15,1,0
0,1,0
15,2,0
5,1,0
10,1,0
14,1,0
10,1,0
12,1,0
13,1,0
14,1,0
0,1,0
3,1,0
6,1,0
9,1,0
11,1,0
12,1,0
2,1,0
3,2,0
10,1,0
12,1,0
0,1,0
3,1,0
9,1,0
11,1,0
7,1,0
2,1,0
14,1,0
1,1,0
2,2,0
3,1,0
6,2,0
7,2,0
8,1,0
10,1,0
3,1,0
5,1,0
8,1,0
5,2,0
2,1,0
15,1,0
4,1,0
5,1,0
8,1,0
10,1,0
13,1,0
14,1,0
3,1,0
4,1,0
9,1,0
14,1,0
15,1,0
1,1,0
2,1,0
7,1,0
8,1,0
11,1,0
13,1,0
14,1,0
15,1,0
2,1,0
7,1,0
2,1,0
3,1,0
10,1,0
12,1,0
15,1,0
15,1,0
2,1,0
3,1,0
8,1,0
13,1,0
15,1,0
2,1,0
3,1,0
1,1,0
14,1,0
0,1,0
1,1,0
2,2,0
8,2,0
12,1,0
3,1,0
3,1,0
7,1,0
10,1,0
0,1,0
7,1,0
13,1,0
13,2,0
14,1,0
13,2,0
10,2,0
14,1,0
1,1,0
2,1,0
8,1,0
15,1,0
15,1,0
3,1,0
11,1,0
9,3,0
8,1,0
6,2,0
7,2,0
12,2,0
1,1,0
2,1,0
7,1,0
0,1,0
7,1,0
13,1,0
0,1,0
1,1,0
4,1,0
8,1,0
12,2,0
14,1,0
15,1,0
5,2,0
7,1,0
15,1,0
3,1,0
8,1,0
13,1,0
4,1,0
1,1,0
5,1,0
11,1,0
15,1,0
2,1,0
2,1,0
7,1,0
9,1,0
10,2,0
14,1,0
2,1,0
13,2,0
15,2,0
2,1,0
10,1,0
3,1,0
4,1,0
6,1,0
8,1,0
9,1,0
10,1,0
11,1,0
4,1,0
5,1,0
8,1,0
0,2,0
2,2,0
3,2,0
4,2,0
6,2,0
7,3,0
8,2,0
12,2,0
13,2,0
15,2,0
0,1,0
15,1,0
3,1,0
8,1,0
10,1,0
15,1,0
0,1,0
4,1,0
12,1,0
15,1,0
10,1,0
11,1,0
12,1,0
13,1,0
14,1,0
5,1,0
15,1,0
7,2,0
7,1,0
9,1,0
11,1,0
12,1,0
9,1,0
6,1,0
3,2,0
5,2,0
6,1,0
7,2,0
8,1,0
13,1,0
14,1,0
12,1,0
2,1,0
8,1,0
10,1,0
13,1,0
14,1,0
2,1,0
4,1,0
5,2,0
9,2,0
11,2,0
14,2,0
3,1,0
4,1,0
9,2,0
15,1,0
0,1,0
5,1,0
0,1,0
12,1,0
14,1,0
15,1,0
10,1,0
12,1,0
13,1,0
5,1,0
0,1,0
3,1,0
8,1,0
12,1,0
15,1,0
3,1,0
11,1,0
15,1,0
12,1,0
0,1,0
7,1,0
15,3,0
2,1,0
12,1,0
10,2,0
2,1,0
7,1,0
11,1,0
15,1,0
2,1,0
3,1,0
15,1,0
5,1,0
2,1,0
9,1,0
13,1,0
14,1,0
1,1,0
2,1,0
3,1,0
4,2,0
7,1,0
1,1,0
5,1,0
11,2,0
1,1,0
3,1,0
4,1,0
6,1,0
9,1,0
13,1,0
15,1,0
10,1,0
12,1,0
5,1,0
7,1,0
1,2,0
15,1,0
2,1,0
3,1,0
4,1,0
7,1,0
14,1,0
1,1,0
2,1,0
10,1,0
2,1,0
4,1,0
4,2,0
8,2,0
10,2,0
14,2,0
15,2,0
2,1,0
5,1,0
9,1,0
10,2,0
13,1,0
14,1,0
15,1,0
1,1,0
3,1,0
12,1,0
15,1,0
3,1,0
4,1,0
9,1,0
12,1,0
14,1,0
15,2,0
14,2,0
12,1,0
2,1,0
6,1,0
7,1,0
13,1,0
4,1,0
9,1,0
15,1,0
3,1,0
4,1,0
7,1,0
15,1,0
8,1,0
12,1,0
13,1,0
2,1,0
2,1,0
5,2,0
7,2,0
14,2,0
2,1,0
1,1,0
6,2,0
14,1,0
0,1,0
12,1,0
14,3,0
1,1,0
14,1,0
5,1,0
8,1,0
12,1,0
2,1,0
5,1,0
8,2,0
12,1,0
13,1,0
0,2,0
2,2,0
5,2,0
6,1,0
7,2,0
14,2,0
2,1,0
13,1,0
5,1,0
13,1,0
9,1,0
3,1,0
4,1,0
5,1,0
14,1,0
2,1,0
1,1,0
3,1,0
2,1,0
3,1,0
4,1,0
7,1,0
11,1,0
15,1,0
1,1,0
14,1,0
7,1,0
11,1,0
14,1,0
2,1,0
3,1,0
4,1,0
7,1,0
8,1,0
2,1,0
10,1,0
13,1,0
14,1,0
11,2,0
3,1,0
5,1,0
13,1,0
14,1,0
6,1,0
10,1,0
13,1,0
14,2,0
15,1,0
1,1,0
3,1,0
9,1,0
11,1,0
13,1,0
7,1,0
15,2,0
0,1,0
2,1,0
7,1,0
12,1,0
3,1,0
6,1,0
15,1,0
14,1,0
0,1,0
11,2,0
2,1,0
12,1,0
14,1,0
2,1,0
4,1,0
8,1,0
12,1,0
4,1,0
8,1,0
13,1,0
14,2,0
2,1,0
14,1,0
0,2,0
3,2,0
8,2,0
9,2,0
12,2,0
15,1,0
8,1,0
9,1,0
15,1,0
1,1,0
3,1,0
4,1,0
10,1,0
0,1,0
13,1,0
7,1,0
9,1,0
14,1,0
3,2,0
10,1,0
2,1,0
10,1,0
0,1,0
1,1,0
2,1,0
4,1,0
11,1,0
15,2,0
3,1,0
11,1,0
0,1,0
1,1,0
3,1,0
4,1,0
15,1,0
2,1,0
4,1,0
5,1,0
9,1,0
12,1,0
13,1,0
14,1,0
15,1,0
0,2,0
15,1,0
5,1,0
10,1,0
14,1,0
15,1,0
13,1,0
14,1,0
15,1,0
2,1,0
0,1,0
2,1,0
9,1,0
14,1,0
7,1,0
10,1,0
9,1,0
4,1,0
7,2,0
14,1,0
5,1,0
15,1,0
3,1,0
3,1,0
4,1,0
12,1,0
13,1,0
4,1,0
7,1,0
10,1,0
15,1,0
7,1,0
9,1,0
0,1,0
1,2,0
5,1,0
12,1,0
15,1,0
5,1,0
6,1,0
7,1,0
9,1,0
10,1,0
2,1,0
6,1,0
15,1,0
3,1,0
6,2,0
15,1,0
3,1,0
0,1,0
2,1,0
3,1,0
14,1,0
13,1,0
3,1,0
12,1,0
2,1,0
3,1,0
4,1,0
6,2,0
8,1,0
14,1,0
3,1,0
9,1,0
12,1,0
9,1,0
12,1,0
13,1,0
14,1,0
3,1,0
4,1,0
5,1,0
13,1,0
14,1,0
2,1,0
3,1,0
4,1,0
6,2,0
7,1,0
11,1,0
2,1,0
4,1,0
6,1,0
11,1,0
13,1,0
10,2,0
14,1,0
1,1,0
7,1,0
9,1,0
10,1,0
12,1,0
0,1,0
14,1,0
6,1,0
3,1,0
6,1,0
9,1,0
15,1,0
14,1,0
3,1,0
14,1,0
0,1,0
2,1,0
8,1,0
10,1,0
13,2,0
5,1,0
6,1,0
4,2,0
10,1,0
0,1,0
7,1,0
10,1,0
4,1,0
2,1,0
7,1,0
1,1,0
4,1,0
8,1,0
13,1,0
1,1,0
2,1,0
3,1,0
4,1,0
7,1,0
8,1,0
9,1,0
11,1,0
13,1,0
14,1,0
6,1,0
12,1,0
0,1,0
3,2,0
6,2,0
8,1,0
13,2,0
3,2,0
5,1,0
7,2,0
8,1,0
9,1,0
10,1,0
1,1,0
4,1,0
5,1,0
9,1,0
13,4,0
3,1,0
14,1,0
0,1,0
2,1,0
5,1,0
9,1,0
14,1,0
2,1,0
3,1,0
4,1,0
14,1,0
15,1,0
9,1,0
15,1,0
0,1,0
2,1,0
3,2,0
4,1,0
6,1,0
8,1,0
9,1,0
12,1,0
13,1,0
14,1,0
15,1,0
2,1,0
3,1,0
15,1,0
4,1,0
0,1,0
3,1,0
13,1,0
15,1,0
3,1,0
4,1,0
10,1,0
13,1,0
0,1,0
2,1,0
4,1,0
15,1,0
0,1,0
1,2,0
9,1,0
12,1,0
13,1,0
14,1,0
1,1,0
12,1,0
3,1,0
4,1,0
13,1,0
4,1,0
15,1,0
2,1,0
6,1,0
7,1,0
10,1,0
13,1,0
14,1,0
2,1,0
3,1,0
5,1,0
7,1,0
8,1,0
3,1,0
14,1,0
3,1,0
5,1,0
7,1,0
13,1,0
14,1,0
0,2,0
1,4,0
7,2,0
14,2,0
1,2,0
15,2,0
2,1,0
0,1,0
2,1,0
3,1,0
4,1,0
6,1,0
10,2,0
14,1,0
0,1,0
5,3,0
8,1,0
10,1,0
12,1,0
13,1,0
14,1,0
3,1,0
4,1,0
13,1,0
14,1,0
5,1,0
8,1,0
14,1,0
3,1,0
6,1,0
13,1,0
14,1,0
15,1,0
2,1,0
7,2,0
8,1,0
5,1,0
10,1,0
0,1,0
2,1,0
3,1,0
8,1,0
12,1,0
13,1,0
14,1,0
3,1,0
7,1,0
12,1,0
13,1,0
11,1,0
14,1,0
3,1,0
4,1,0
6,1,0
11,1,0
12,2,0
13,1,0
12,1,0
1,1,0
5,1,0
9,1,0
13,1,0
2,1,0
3,1,0
7,1,0
8,1,0
3,2,0
4,2,0
11,1,0
13,1,0
2,1,0
7,1,0
15,1,0
0,1,0
6,1,0
12,1,0
15,1,0
2,1,0
10,1,0
1,1,0
2,1,0
3,1,0
7,1,0
12,1,0
0,2,0
2,2,0
4,3,0
6,2,0
13,2,0
6,1,0
9,1,0
12,1,0
0,1,0
13,1,0
14,1,0
14,1,0
4,1,0
0,1,0
2,1,0
12,1,0
14,1,0
4,1,0
8,1,0
13,1,0
5,1,0
8,1,0
13,1,0
14,1,0
6,1,0
9,1,0
13,1,0
1,1,0
3,1,0
7,1,0
8,1,0
14,1,0
15,1,0
11,1,0
1,1,0
3,1,0
0,1,0
1,1,0
2,1,0
11,1,0
12,1,0
8,1,0
1,1,0
4,1,0
10,1,0
14,1,0
4,1,0
10,1,0
12,1,0
2,2,0
13,1,0
14,2,0
2,1,0
9,1,0
10,1,0
2,1,0
5,1,0
14,1,0
2,1,0
6,1,0
2,1,0
4,1,0
3,1,0
4,1,0
7,1,0
12,1,0
13,1,0
14,1,0
0,1,0
3,1,0
6,1,0
10,1,0
12,1,0
14,1,0
5,1,0
6,1,0
11,2,0
14,1,0
2,1,0
3,1,0
7,1,0
2,1,0
4,1,0
5,1,0
8,1,0
10,1,0
12,1,0
13,1,0
14,1,0
15,1,0
4,1,0
0,3,0
4,1,0
7,1,0
8,1,0
13,1,0
14,1,0
1,1,0
2,1,0
3,1,0
4,1,0
5,1,0
7,1,0
14,1,0
0,1,0
3,1,0
4,1,0
5,1,0
6,1,0
8,1,0
9,1,0
10,1,0
13,1,0
14,1,0
10,1,0
14,1,0
3,1,0
3,1,0
8,1,0
12,1,0
0,1,0
3,1,0
10,1,0
14,1,0
15,1,0
1,1,0
10,1,0
12,3,0
10,1,0
7,1,0
2,1,0
7,1,0
3,1,0
4,1,0
9,1,0
10,1,0
13,1,0
14,1,0
15,1,0
14,2,0
4,1,0
9,1,0
10,1,0
0,1,0
1,1,0
3,1,0
7,1,0
9,1,0
12,1,0
13,1,0
14,1,0
15,1,0
4,1,0
5,1,0
14,1,0
2,1,0
12,1,0
13,1,0
1,1,0
8,1,0
5,1,0
10,1,0
13,1,0
1,1,0
3,1,0
4,1,0
5,1,0
7,1,0
9,1,0
11,1,0
12,1,0
15,1,0
2,1,0
11,1,0
13,1,0
14,1,0
0,1,0
1,1,0
2,1,0
5,1,0
13,1,0
15,1,0
0,1,0
1,1,0
7,1,0
9,1,0
13,1,0
15,1,0
2,1,0
4,1,0
6,1,0
10,1,0
11,1,0
13,1,0
1,1,0
0,1,0
2,1,0
3,1,0
4,1,0
5,1,0
6,1,0
8,1,0
9,1,0
12,1,0
14,1,0
15,1,0
3,1,0
14,1,0
3,1,0
15,1,0
1,1,0
3,1,0
10,1,0
11,1,0
14,1,0
3,1,0
14,1,0
2,1,0
3,1,0
4,1,0
6,1,0
9,1,0
14,1,0
3,1,0
11,2,0
12,1,0
15,1,0
0,1,0
1,1,0
7,1,0
12,2,0
14,1,0
11,1,0
2,1,0
12,1,0
2,1,0
4,1,0
5,1,0
6,1,0
13,1,0
15,1,0
0,1,0
3,1,0
7,1,0
9,1,0
12,1,0
14,1,0
15,1,0
10,1,0
3,1,0
13,1,0
12,1,0
13,1,0
2,1,0
12,1,0
12,1,0
14,1,0
3,1,0
0,1,0
2,1,0
5,1,0
6,1,0
10,1,0
13,1,0
10,1,0
3,1,0
5,1,0
12,1,0
0,1,0
3,1,0
11,1,0
13,1,0
14,1,0
15,1,0
12,1,0
2,1,0
3,1,0
4,1,0
14,1,0
1,1,0
2,1,0
4,1,0
6,1,0
7,1,0
12,1,0
10,1,0
15,1,0
1,1,0
2,1,0
6,1,0
8,1,0
10,1,0
12,1,0
13,1,0
14,1,0
15,1,0
14,1,0
0,1,0
1,1,0
3,1,0
5,1,0
6,1,0
7,1,0
10,1,0
14,1,0
3,1,0
10,1,0
7,1,0
15,1,0
2,1,0
10,1,0
15,1,0
0,1,0
1,1,0
8,1,0
14,1,0
2,1,0
1,1,0
11,1,0
13,1,0
3,1,0
10,1,0
13,1,0
14,1,0
0,1,0
1,1,0
4,1,0
7,1,0
10,1,0
12,1,0
3,1,0
5,1,0
14,1,0
0,1,0
6,1,0
8,1,0
9,1,0
11,1,0
13,1,0
15,1,0
0,1,0
1,1,0
3,1,0
4,1,0
8,1,0
9,1,0
10,1,0
12,1,0
13,2,0
14,1,0
15,1,0
2,1,0
12,2,0
3,1,0
2,1,0
2,1,0
10,1,0
12,1,0
4,1,0
14,1,0
7,1,0
13,1,0
14,1,0
7,1,0
8,1,0
15,1,0
2,2,0
8,2,0
7,1,0
10,1,0
2,1,0
12,1,0
12,1,0
14,1,0
10,1,0
0,1,0
2,1,0
3,1,0
4,1,0
6,2,0
7,1,0
9,1,0
10,1,0
12,1,0
13,1,0
14,1,0
15,2,0
4,1,0
12,1,0
0,1,0
3,1,0
14,1,0
0,1,0
2,1,0
9,1,0
4,1,0
9,1,0
14,1,0
11,1,0
14,1,0
2,1,0
3,1,0
8,1,0
10,1,0
13,1,0
14,1,0
2,1,0
5,1,0
5,1,0
6,1,0
12,1,0
13,1,0
14,1,0
10,1,0
14,1,0
3,1,0
7,1,0
8,1,0
14,1,0
0,1,0
3,1,0
13,1,0
3,1,0
5,1,0
11,1,0
13,1,0
0,2,0
3,2,0
2,2,0
7,2,0
8,2,0
9,2,0
10,2,0
14,2,0
7,2,0
3,1,0
4,1,0
6,2,0
8,1,0
10,1,0
2,1,0
3,1,0
6,1,0
7,1,0
8,1,0
14,1,0
2,1,0
2,1,0
14,1,0
5,1,0
11,1,0
0,1,0
2,1,0
14,1,0
2,1,0
4,1,0
7,1,0
2,1,0
4,1,0
15,1,0
1,1,0
3,1,0
8,1,0
11,1,0
15,1,0
3,1,0
5,1,0
6,1,0
12,1,0
13,1,0
0,1,0
11,1,0
12,1,0
13,1,0
15,1,0
5,1,0
3,1,0
13,1,0
14,1,0
7,1,0
11,1,0
13,1,0
0,1,0
15,1,0
12,1,0
13,1,0
0,1,0
4,1,0
9,1,0
13,1,0
2,1,0
14,1,0
13,1,0
7,1,0
0,1,0
14,1,0
4,1,0
5,1,0
6,1,0
11,1,0
12,1,0
13,1,0
0,1,0
3,1,0
6,1,0
3,1,0
5,1,0
12,1,0
2,1,0
3,1,0
7,1,0
10,1,0
11,1,0
12,1,0
14,1,0
15,1,0
0,1,0
1,2,0
5,1,0
6,1,0
10,1,0
13,1,0
14,1,0
8,1,0
0,1,0
7,1,0
10,1,0
14,2,0
7,1,0
10,2,0
15,1,0
2,1,0
3,1,0
8,1,0
5,1,0
10,1,0
10,1,0
12,1,0
2,1,0
7,1,0
12,1,0
13,1,0
2,1,0
13,1,0
14,1,0
3,1,0
4,1,0
14,1,0
2,1,0
3,1,0
7,1,0
14,1,0
15,1,0
3,1,0
6,1,0
10,1,0
3,1,0
8,3,0
12,1,0
2,1,0
3,1,0
6,1,0
10,1,0
13,1,0
13,1,0
3,1,0
5,1,0
14,1,0
10,1,0
12,1,0
3,1,0
4,1,0
5,1,0
7,1,0
13,1,0
15,1,0
0,1,0
14,1,0
13,1,0
7,1,0
14,1,0
15,1,0
3,1,0
14,1,0
10,1,0
13,1,0
15,1,0
2,1,0
3,1,0
4,1,0
7,1,0
10,1,0
2,1,0
14,1,0
3,1,0
14,1,0
5,1,0
9,1,0
10,1,0
11,1,0
14,1,0
2,1,0
10,1,0
1,1,0
2,1,0
9,2,0
15,1,0
2,1,0
3,1,0
4,1,0
5,1,0
6,1,0
8,1,0
9,1,0
11,1,0
12,1,0
2,2,0
3,1,0
4,1,0
6,1,0
0,1,0
5,1,0
13,1,0
0,2,0
3,1,0
5,1,0
8,2,0
12,2,0
13,2,0
14,2,0
0,1,0
12,1,0
14,1,0
15,1,0
0,1,0
4,1,0
5,1,0
8,1,0
14,1,0
6,1,0
12,1,0
13,1,0
14,1,0
14,1,0
3,2,0
13,2,0
6,2,0
14,1,0
2,1,0
4,1,0
5,1,0
8,1,0
5,1,0
10,1,0
13,1,0
14,1,0
15,3,0
0,1,0
3,1,0
7,1,0
9,1,0
10,1,0
13,1,0
14,1,0
0,1,0
2,1,0
3,1,0
8,1,0
9,1,0
10,1,0
14,1,0
4,1,0
1,1,0
4,1,0
7,1,0
13,1,0
14,1,0
15,1,0
2,1,0
12,1,0
15,1,0
4,1,0
9,1,0
15,1,0
4,1,0
7,1,0
1,1,0
3,1,0
13,1,0
14,1,0
15,1,0
13,1,0
1,1,0
0,1,0
1,1,0
7,1,0
8,1,0
13,1,0
14,1,0
15,1,0
6,1,0
15,1,0
1,1,0
2,1,0
6,1,0
8,2,0
7,1,0
3,1,0
4,1,0
6,1,0
7,2,0
10,1,0
12,1,0
13,1,0
15,2,0
7,1,0
8,1,0
15,1,0
5,1,0
14,1,0
2,1,0
3,1,0
2,1,0
14,1,0
3,1,0
1,1,0
3,1,0
7,1,0
9,1,0
10,1,0
12,1,0
1,1,0
5,1,0
7,1,0
10,1,0
12,2,0
0,1,0
2,1,0
8,1,0
2,1,0
3,1,0
5,1,0
8,1,0
14,1,0
0,1,0
2,1,0
7,1,0
9,1,0
10,1,0
13,1,0
14,1,0
2,1,0
8,1,0
9,1,0
10,1,0
12,1,0
13,1,0
14,1,0
0,1,0
3,1,0
15,1,0
3,1,0
12,1,0
3,1,0
8,2,0
9,1,0
14,2,0
1,1,0
3,1,0
2,1,0
3,1,0
6,1,0
7,1,0
8,1,0
14,1,0
0,1,0
4,1,0
12,1,0
15,1,0
0,1,0
3,1,0
4,1,0
8,1,0
9,1,0
10,1,0
12,1,0
13,1,0
14,1,0
8,1,0
9,1,0
4,1,0
5,1,0
9,1,0
13,1,0
3,1,0
11,1,0
15,1,0
2,1,0
6,1,0
8,1,0
13,1,0
15,1,0
1,1,0
2,1,0
10,1,0
12,1,0
2,1,0
3,1,0
4,1,0
11,1,0
12,2,0
15,1,0
10,1,0
12,1,0
5,1,0
13,1,0
6,1,0
9,1,0
13,2,0
5,1,0
11,1,0
13,1,0
14,1,0
15,1,0
1,1,0
13,1,0
3,1,0
4,1,0
9,1,0
15,1,0
1,1,0
3,1,0
10,1,0
0,1,0
2,1,0
12,1,0
14,1,0
9,3,0
4,1,0
14,1,0
2,1,0
3,1,0
6,1,0
10,2,0
13,2,0
14,2,0
0,1,0
2,1,0
9,1,0
13,1,0
2,1,0
8,1,0
10,1,0
14,1,0
0,1,0
5,2,0
7,1,0
14,1,0
12,1,0
12,1,0
13,1,0
5,1,0
7,1,0
3,1,0
5,1,0
6,1,0
13,1,0
14,1,0
2,1,0
14,2,0
2,1,0
12,1,0
14,1,0
15,1,0
1,1,0
2,1,0
5,1,0
8,1,0
10,1,0
13,1,0
13,1,0
0,1,0
5,1,0
11,1,0
6,1,0
14,1,0
10,1,0
1,1,0
3,1,0
5,1,0
6,1,0
14,1,0
15,1,0
0,1,0
3,1,0
11,1,0
14,1,0
6,1,0
13,1,0
2,1,0
10,1,0
14,2,0
2,1,0
5,1,0
2,1,0
5,1,0
8,1,0
8,1,0
5,1,0
15,1,0
0,1,0
3,1,0
6,1,0
9,1,0
12,1,0
13,1,0
14,1,0
15,1,0
2,1,0
3,1,0
13,1,0
14,1,0
2,1,0
12,1,0
14,1,0
3,1,0
4,1,0
7,1,0
12,1,0
1,1,0
2,1,0
13,1,0
15,1,0
9,2,0
2,1,0
15,1,0
2,1,0
2,1,0
3,1,0
14,1,0
5,1,0
1,1,0
2,1,0
4,1,0
6,1,0
7,1,0
10,1,0
11,1,0
13,1,0
14,1,0
15,1,0
2,1,0
0,1,0
2,1,0
3,1,0
5,1,0
8,1,0
11,1,0
4,3,0
0,3,0
1,1,0
11,1,0
14,1,0
7,1,0
3,1,0
5,1,0
1,1,0
2,1,0
14,1,0
2,1,0
3,1,0
4,1,0
13,1,0
14,1,0
2,1,0
3,1,0
4,1,0
7,2,0
8,1,0
9,1,0
11,1,0
13,1,0
14,1,0
15,1,0
3,1,0
8,1,0
11,1,0
15,1,0
2,1,0
7,1,0
8,1,0
9,1,0
10,1,0
11,1,0
12,1,0
13,1,0
4,2,0
11,2,0
3,1,0
8,1,0
14,2,0
4,1,0
12,1,0
13,1,0
14,1,0
3,1,0
10,1,0
4,1,0
11,1,0
12,1,0
13,1,0
2,1,0
10,1,0
15,1,0
10,1,0
6,1,0
8,1,0
11,1,0
15,1,0
0,1,0
2,1,0
3,1,0
6,1,0
12,1,0
14,1,0
7,1,0
9,1,0
10,1,0
15,1,0
15,1,0
2,1,0
4,1,0
5,1,0
13,1,0
14,1,0
15,1,0
13,1,0
9,1,0
10,1,0
14,1,0
3,1,0
8,1,0
13,1,0
2,1,0
8,1,0
15,2,0
2,1,0
15,1,0
3,1,0
7,1,0
15,1,0
7,1,0
2,2,0
14,1,0
15,1,0
6,1,0
10,1,0
12,1,0
13,1,0
12,1,0
3,1,0
4,1,0
8,2,0
11,1,0
2,1,0
3,1,0
4,1,0
5,1,0
1,1,0
3,1,0
15,1,0
4,1,0
10,1,0
12,1,0
15,1,0
2,1,0
3,1,0
4,1,0
9,1,0
10,1,0
12,1,0
13,1,0
15,1,0
8,2,0
13,2,0
3,1,0
13,1,0
14,1,0
2,2,0
3,1,0
7,2,0
10,1,0
14,1,0
1,1,0
8,1,0
14,1,0
14,1,0
4,1,0
10,1,0
13,1,0
14,1,0
13,1,0
15,1,0
0,2,0
14,2,0
15,1,0
2,1,0
3,1,0
4,1,0
7,1,0
8,1,0
11,1,0
12,1,0
13,1,0
0,1,0
2,1,0
2,1,0
3,1,0
6,2,0
10,1,0
12,2,0
14,2,0
0,1,0
3,1,0
10,1,0
14,2,0
6,1,0
11,1,0
13,1,0
15,1,0
2,2,0
3,2,0
4,2,0
8,2,0
9,2,0
13,2,0
5,1,0
7,1,0
0,2,0
3,2,0
4,2,0
10,2,0
12,2,0
3,1,0
7,1,0
12,1,0
2,1,0
3,1,0
7,1,0
11,1,0
4,1,0
5,1,0
7,1,0
8,1,0
0,1,0
9,1,0
12,1,0
14,1,0
0,1,0
2,1,0
4,1,0
10,1,0
13,1,0
14,1,0
8,1,0
14,1,0
0,2,0
6,1,0
7,2,0
14,2,0
15,2,0
3,1,0
8,1,0
12,1,0
13,1,0
14,1,0
3,2,0
7,1,0
10,1,0
0,1,0
12,1,0
13,1,0
15,1,0
7,1,0
10,2,0
12,2,0
2,1,0
12,1,0
1,1,0
2,1,0
3,1,0
6,2,0
7,1,0
14,1,0
2,1,0
8,1,0
9,1,0
10,1,0
12,1,0
13,1,0
14,1,0
3,1,0
4,1,0
6,1,0
8,2,0
2,1,0
13,1,0
1,1,0
2,1,0
5,1,0
8,1,0
13,1,0
15,1,0
12,2,0
1,1,0
4,1,0
10,1,0
14,1,0
12,1,0
0,1,0
3,1,0
4,1,0
5,1,0
9,1,0
10,1,0
14,1,0
0,1,0
2,1,0
3,1,0
13,1,0
3,2,0
4,1,0
10,1,0
3,1,0
6,1,0
13,1,0
14,1,0
5,1,0
14,1,0
1,1,0
4,1,0
7,1,0
15,1,0
13,1,0
11,1,0
13,1,0
14,1,0
5,1,0
7,1,0
8,1,0
1,1,0
4,1,0
7,1,0
10,1,0
11,1,0
0,2,0
8,2,0
10,3,0
13,2,0
14,2,0
5,1,0
7,1,0
8,2,0
9,1,0
14,1,0
1,1,0
11,1,0
13,1,0
3,1,0
15,1,0
0,1,0
12,1,0
0,1,0
1,2,0
3,1,0
5,1,0
12,1,0
2,1,0
6,1,0
7,1,0
10,1,0
13,1,0
14,1,0
0,2,0
3,1,0
7,1,0
8,1,0
9,1,0
10,1,0
12,1,0
13,1,0
3,1,0
7,1,0
10,1,0
2,1,0
3,1,0
4,2,0
14,1,0
5,2,0
6,2,0
8,2,0
9,1,0
11,2,0
15,2,0
10,1,0
14,1,0
0,2,0
10,1,0
15,2,0
14,2,0
14,1,0
10,1,0
1,1,0
2,1,0
3,1,0
5,1,0
6,1,0
8,1,0
9,1,0
10,1,0
12,1,0
13,1,0
14,1,0
4,1,0
6,1,0
0,1,0
3,1,0
11,1,0
0,1,0
2,1,0
5,1,0
10,1,0
13,1,0
14,1,0
2,2,0
10,1,0
13,1,0
10,1,0
3,1,0
15,1,0
2,1,0
13,1,0
14,1,0
4,2,0
9,1,0
11,2,0
14,2,0
15,2,0
4,1,0
0,1,0
2,1,0
3,1,0
4,1,0
7,1,0
8,1,0
10,1,0
13,1,0
0,1,0
12,1,0
13,1,0
0,1,0
10,1,0
2,1,0
3,1,0
13,1,0
14,1,0
0,2,0
13,1,0
2,2,0
3,2,0
7,2,0
10,2,0
12,2,0
13,2,0
14,2,0
3,1,0
6,1,0
4,1,0
7,1,0
6,1,0
10,1,0
2,1,0
4,1,0
11,1,0
12,1,0
2,1,0
3,1,0
5,1,0
0,1,0
2,1,0
3,1,0
5,1,0
8,1,0
9,1,0
12,1,0
14,1,0
2,1,0
8,2,0
14,2,0
9,1,0
0,1,0
2,2,0
7,1,0
12,1,0
4,1,0
1,1,0
4,1,0
14,1,0
8,1,0
9,1,0
10,1,0
12,1,0
15,1,0
2,1,0
9,1,0
5,1,0
7,1,0
7,1,0
8,1,0
6,1,0
13,1,0
14,1,0
3,1,0
9,1,0
14,1,0
3,1,0
4,1,0
10,1,0
13,1,0
3,1,0
15,1,0
0,1,0
13,1,0
2,1,0
4,1,0
15,1,0
0,1,0
2,1,0
3,1,0
13,1,0
14,1,0
3,1,0
8,1,0
12,1,0
14,1,0
0,1,0
2,1,0
14,1,0
1,2,0
10,1,0
12,1,0
14,1,0
15,2,0
12,1,0
14,1,0
1,1,0
3,1,0
4,1,0
9,1,0
11,1,0
4,1,0
9,1,0
10,1,0
12,2,0
1,1,0
2,1,0
6,1,0
7,1,0
14,1,0
0,1,0
2,1,0
3,1,0
10,1,0
12,1,0
14,1,0
1,1,0
4,1,0
8,1,0
10,1,0
13,1,0
15,1,0
1,1,0
2,1,0
3,1,0
12,1,0
1,1,0
13,1,0
8,1,0
4,1,0
12,1,0
2,1,0
3,1,0
4,1,0
6,1,0
14,1,0
3,1,0
8,1,0
14,1,0
0,1,0
3,1,0
4,1,0
5,1,0
13,1,0
7,1,0
10,1,0
11,1,0
12,1,0
0,1,0
1,1,0
7,2,0
11,1,0
12,1,0
2,1,0
15,1,0
2,1,0
7,1,0
13,1,0
2,2,0
3,1,0
8,2,0
12,1,0
3,1,0
5,1,0
7,1,0
9,1,0
14,1,0
1,2,0
2,1,0
3,1,0
10,1,0
14,1,0
1,1,0
2,1,0
3,1,0
4,1,0
5,1,0
6,1,0
12,1,0
13,1,0
14,1,0
0,1,0
13,1,0
2,1,0
3,1,0
5,1,0
8,1,0
9,1,0
10,1,0
11,1,0
12,1,0
13,1,0
14,1,0
15,1,0
2,1,0
3,1,0
3,1,0
3,1,0
9,1,0
10,1,0
13,1,0
14,1,0
13,1,0
8,1,0
13,1,0
2,1,0
6,1,0
10,2,0
2,1,0
14,1,0
0,1,0
3,1,0
8,1,0
10,1,0
14,1,0
8,1,0
15,1,0
3,1,0
9,1,0
11,1,0
14,1,0
9,1,0
10,1,0
13,1,0
14,1,0
8,1,0
10,2,0
12,1,0
0,2,0
3,2,0
6,2,0
12,2,0
13,1,0
14,2,0
15,2,0
0,1,0
4,1,0
6,1,0
8,1,0
11,2,0
13,1,0
15,1,0
3,1,0
7,1,0
10,1,0
14,1,0
15,1,0
3,1,0
12,1,0
4,1,0
6,1,0
14,1,0
3,1,0
0,1,0
14,1,0
0,1,0
1,1,0
2,1,0
5,1,0
6,1,0
8,1,0
13,1,0
14,1,0
0,1,0
2,1,0
3,1,0
6,1,0
8,1,0
10,1,0
11,1,0
12,1,0
15,1,0
6,1,0
7,1,0
8,1,0
2,1,0
5,1,0
7,1,0
9,1,0
10,1,0
12,1,0
2,1,0
10,1,0
13,1,0
3,1,0
6,2,0
10,1,0
12,1,0
2,1,0
8,1,0
1,2,0
6,1,0
5,1,0
7,1,0
10,1,0
12,1,0
15,1,0
2,1,0
2,1,0
5,1,0
14,1,0
7,1,0
3,1,0
4,1,0
6,1,0
7,1,0
13,1,0
14,1,0
5,1,0
0,1,0
3,1,0
4,1,0
5,1,0
9,1,0
13,1,0
14,1,0
3,1,0
3,1,0
4,1,0
13,1,0
1,1,0
3,1,0
4,1,0
14,1,0
2,1,0
4,2,0
5,2,0
7,1,0
10,1,0
12,1,0
14,2,0
1,1,0
5,1,0
10,1,0
13,1,0
14,1,0
8,1,0
9,1,0
0,1,0
5,1,0
6,1,0
12,1,0
0,1,0
2,1,0
5,1,0
6,1,0
7,1,0
14,1,0
15,1,0
2,1,0
3,1,0
4,1,0
8,1,0
10,1,0
12,1,0
3,1,0
4,1,0
13,2,0
10,2,0
4,1,0
2,1,0
7,1,0
5,2,0
10,2,0
1,1,0
3,1,0
13,1,0
13,1,0
14,1,0
3,1,0
5,1,0
13,1,0
14,1,0
3,1,0
4,1,0
7,1,0
9,1,0
10,1,0
14,1,0
0,3,0
2,1,0
3,2,0
5,2,0
8,1,0
13,2,0
14,1,0
3,1,0
8,1,0
13,1,0
0,1,0
2,1,0
7,1,0
2,1,0
3,1,0
4,1,0
5,1,0
9,1,0
15,1,0
2,1,0
4,1,0
5,1,0
6,1,0
8,1,0
11,1,0
4,1,0
9,1,0
11,1,0
4,1,0
7,1,0
1,1,0
7,2,0
8,2,0
0,1,0
3,1,0
12,1,0
13,2,0
13,1,0
1,1,0
15,1,0
2,2,0
5,2,0
7,2,0
12,2,0
3,1,0
8,2,0
15,2,0
1,1,0
1,1,0
10,3,0
6,2,0
8,2,0
9,2,0
10,1,0
12,2,0
13,2,0
14,1,0
14,2,0
0,1,0
2,1,0
10,1,0
13,1,0
0,1,0
3,1,0
5,1,0
8,1,0
9,1,0
12,1,0
13,1,0
14,1,0
15,2,0
0,2,0
9,1,0
12,1,0
13,1,0
2,1,0
3,1,0
4,1,0
6,1,0
10,1,0
13,1,0
2,1,0
4,1,0
8,1,0
9,1,0
14,1,0
3,1,0
4,1,0
7,1,0
8,1,0
13,1,0
14,1,0
0,1,0
1,1,0
6,2,0
15,2,0
0,1,0
3,1,0
12,1,0
6,2,0
8,2,0
10,2,0
14,2,0
15,2,0
1,1,0
2,1,0
3,1,0
6,1,0
8,1,0
9,1,0
10,1,0
11,1,0
12,1,0
14,1,0
15,1,0
10,1,0
7,2,0
0,1,0
1,1,0
3,1,0
14,1,0
15,1,0
0,1,0
7,1,0
9,2,0
10,1,0
14,1,0
2,1,0
5,1,0
14,1,0
10,2,0
15,1,0
1,1,0
2,1,0
3,1,0
13,2,0
14,1,0
15,1,0
9,1,0
14,1,0
2,1,0
4,1,0
8,2,0
10,1,0
15,1,0
0,1,0
2,1,0
3,1,0
5,1,0
7,1,0
9,1,0
12,1,0
13,1,0
14,1,0
2,1,0
3,1,0
6,1,0
10,1,0
11,1,0
8,2,0
12,3,0
2,1,0
8,1,0
2,1,0
0,2,0
6,3,0
10,2,0
6,1,0
9,1,0
0,2,0
7,1,0
12,1,0
13,1,0
14,1,0
3,1,0
15,1,0
10,1,0
4,1,0
7,1,0
15,1,0
6,1,0
11,1,0
15,1,0
3,1,0
13,1,0
1,1,0
5,1,0
10,1,0
14,1,0
2,1,0
4,1,0
5,1,0
6,1,0
8,1,0
13,1,0
15,1,0
14,1,0
3,1,0
7,1,0
9,1,0
0,1,0
0,1,0
2,1,0
6,1,0
14,1,0
10,1,0
15,1,0
2,1,0
3,2,0
9,1,0
2,1,0
10,1,0
12,1,0
3,1,0
7,1,0
10,1,0
2,1,0
3,1,0
11,1,0
14,1,0
15,1,0
2,1,0
3,1,0
5,1,0
6,1,0
12,1,0
14,1,0
15,1,0
14,1,0
5,1,0
3,1,0
4,1,0
6,1,0
11,1,0
12,1,0
0,1,0
3,1,0
10,1,0
14,1,0
10,1,0
5,1,0
10,1,0
2,1,0
3,1,0
4,1,0
11,1,0
15,1,0
3,1,0
4,1,0
6,1,0
8,1,0
9,1,0
14,1,0
15,1,0
0,1,0
2,1,0
14,1,0
5,1,0
12,1,0
4,1,0
7,1,0
8,1,0
9,1,0
15,1,0
2,1,0
2,1,0
8,1,0
9,1,0
10,1,0
12,1,0
13,2,0
1,1,0
6,1,0
1,1,0
12,1,0
1,1,0
4,1,0
6,1,0
7,1,0
9,1,0
12,1,0
13,1,0
14,1,0
2,1,0
6,1,0
7,1,0
8,1,0
9,1,0
12,1,0
13,1,0
1,1,0
9,1,0
13,1,0
14,1,0
3,1,0
14,1,0
3,1,0
6,1,0
7,1,0
12,1,0
14,1,0
7,1,0
12,1,0
15,2,0
1,1,0
10,1,0
11,1,0
2,1,0
3,1,0
9,1,0
10,1,0
14,1,0
15,1,0
7,1,0
9,1,0
7,1,0
15,1,0
2,1,0
13,1,0
14,1,0
0,1,0
3,1,0
10,1,0
11,1,0
2,1,0
3,1,0
6,1,0
9,1,0
12,1,0
14,1,0
15,1,0
1,1,0
2,1,0
14,1,0
0,1,0
2,1,0
10,2,0
13,1,0
14,1,0
15,1,0
2,1,0
3,1,0
12,1,0
4,1,0
13,1,0
4,1,0
7,1,0
9,1,0
14,1,0
0,1,0
1,1,0
1,1,0
2,1,0
9,1,0
10,1,0
14,1,0
0,1,0
13,1,0
14,1,0
0,1,0
2,1,0
3,1,0
10,1,0
13,1,0
0,1,0
2,1,0
3,1,0
9,1,0
12,1,0
15,1,0
3,1,0
9,1,0
13,1,0
5,1,0
10,2,0
14,1,0
1,1,0
2,1,0
15,1,0
2,1,0
12,1,0
14,1,0
14,1,0
4,1,0
13,1,0
2,1,0
3,1,0
4,1,0
5,1,0
12,1,0
14,1,0
14,1,0
15,1,0
2,1,0
8,1,0
10,1,0
12,1,0
13,1,0
14,1,0
2,1,0
3,2,0
8,1,0
12,1,0
2,1,0
7,1,0
15,1,0
2,1,0
3,1,0
5,2,0
8,1,0
9,3,0
11,1,0
2,1,0
3,1,0
10,1,0
2,1,0
10,1,0
13,1,0
14,1,0
15,1,0
2,1,0
4,1,0
5,1,0
7,1,0
8,1,0
9,1,0
12,1,0
14,1,0
2,1,0
3,1,0
3,1,0
4,1,0
6,1,0
8,1,0
11,1,0
13,2,0
12,1,0
1,1,0
3,1,0
4,1,0
7,1,0
10,1,0
11,1,0
13,1,0
15,1,0
1,1,0
2,1,0
3,1,0
6,1,0
1,1,0
3,1,0
5,1,0
8,1,0
11,1,0
12,2,0
14,1,0
2,1,0
3,1,0
6,1,0
7,1,0
10,1,0
11,1,0
12,1,0
13,1,0
5,1,0
14,1,0
15,1,0
5,1,0
10,1,0
14,1,0
2,1,0
4,1,0
9,1,0
14,1,0
10,1,0
13,1,0
0,1,0
11,1,0
14,1,0
8,1,0
7,1,0
3,1,0
4,1,0
2,1,0
13,1,0
14,1,0
0,1,0
2,1,0
3,1,0
5,1,0
9,3,0
10,1,0
2,1,0
8,1,0
9,1,0
10,1,0
14,1,0
2,1,0
12,1,0
12,1,0
8,1,0
13,2,0
15,1,0
0,1,0
1,2,0
3,1,0
4,1,0
11,2,0
15,1,0
4,2,0
9,1,0
0,1,0
1,1,0
3,1,0
4,1,0
5,1,0
8,1,0
3,1,0
6,1,0
9,1,0
10,1,0
5,1,0
10,1,0
12,1,0
2,1,0
7,1,0
11,1,0
13,1,0
5,1,0
12,1,0
0,1,0
1,2,0
3,1,0
6,1,0
2,1,0
2,1,0
13,1,0
8,1,0
14,1,0
6,1,0
14,1,0
2,1,0
4,1,0
13,1,0
2,1,0
7,1,0
13,1,0
14,1,0
15,1,0
9,1,0
11,1,0
3,1,0
6,1,0
13,1,0
15,1,0
5,1,0
5,1,0
6,1,0
13,1,0
1,1,0
2,1,0
5,1,0
6,1,0
3,1,0
15,1,0
0,1,0
4,1,0
6,1,0
10,1,0
2,1,0
3,1,0
5,1,0
9,2,0
9,1,0
15,1,0
2,1,0
7,1,0
14,1,0
5,1,0
12,1,0
13,1,0
2,1,0
5,1,0
13,1,0
14,1,0
2,1,0
7,1,0
15,1,0
2,1,0
4,1,0
8,1,0
12,1,0
14,1,0
0,1,0
2,1,0
7,2,0
15,1,0
1,1,0
2,1,0
4,1,0
12,1,0
13,1,0
14,1,0
10,1,0
6,1,0
14,1,0
15,1,0
2,1,0
3,1,0
5,1,0
8,1,0
7,1,0
11,1,0
13,1,0
14,1,0
15,1,0
5,1,0
10,1,0
1,1,0
2,1,0
13,1,0
15,1,0
3,1,0
4,1,0
7,1,0
11,1,0
13,1,0
15,1,0
9,1,0
14,1,0
15,2,0
3,1,0
4,1,0
5,1,0
14,1,0
2,1,0
12,2,0
2,1,0
10,1,0
11,1,0
14,1,0
2,1,0
3,1,0
4,1,0
5,1,0
6,1,0
7,1,0
8,1,0
9,1,0
10,1,0
14,1,0
0,1,0
1,1,0
2,1,0
6,1,0
11,1,0
3,1,0
2,1,0
3,1,0
4,1,0
4,1,0
13,1,0
15,1,0
3,1,0
6,1,0
11,1,0
3,1,0
4,1,0
9,1,0
12,1,0
14,1,0
15,1,0
8,1,0
13,1,0
3,1,0
14,1,0
15,1,0
2,1,0
13,1,0
5,1,0
12,1,0
12,1,0
3,1,0
11,1,0
14,1,0
1,1,0
2,1,0
4,1,0
7,1,0
14,1,0
2,1,0
7,1,0
12,1,0
12,1,0
2,1,0
2,1,0
4,1,0
6,1,0
8,1,0
9,1,0
12,1,0
13,1,0
14,1,0
0,1,0
5,2,0
9,1,0
13,1,0
1,1,0
10,1,0
1,1,0
4,1,0
13,1,0
1,1,0
13,1,0
7,1,0
10,1,0
4,1,0
14,1,0
0,1,0
7,1,0
8,1,0
10,1,0
6,1,0
7,1,0
9,1,0
12,1,0
3,1,0
4,1,0
7,1,0
9,1,0
12,1,0
15,1,0
6,1,0
3,1,0
6,1,0
7,1,0
2,1,0
14,1,0
2,1,0
3,1,0
5,1,0
8,1,0
9,1,0
13,1,0
14,1,0
9,1,0
8,3,0
1,1,0
5,1,0
13,1,0
14,1,0
15,1,0
0,1,0
2,1,0
3,1,0
6,1,0
7,1,0
8,1,0
10,1,0
5,1,0
10,1,0
0,1,0
3,1,0
13,1,0
14,1,0
14,2,0
1,1,0
3,1,0
11,1,0
14,1,0
5,1,0
0,1,0
5,1,0
8,1,0
12,1,0
13,1,0
0,1,0
2,1,0
3,1,0
4,1,0
5,1,0
9,1,0
12,1,0
13,1,0
15,1,0
2,1,0
3,1,0
6,2,0
14,1,0
4,1,0
7,1,0
4,1,0
7,1,0
12,1,0
5,1,0
2,1,0
3,1,0
5,1,0
6,1,0
8,1,0
10,1,0
2,1,0
0,1,0
1,1,0
3,1,0
8,1,0
0,1,0
2,1,0
8,1,0
9,1,0
12,1,0
14,1,0
15,1,0
3,1,0
8,1,0
12,1,0
13,1,0
15,1,0
6,1,0
11,1,0
0,1,0
6,1,0
7,1,0
12,1,0
0,1,0
2,1,0
3,1,0
10,1,0
11,1,0
3,1,0
13,1,0
3,1,0
5,1,0
2,1,0
3,1,0
6,1,0
7,1,0
9,1,0
2,1,0
13,1,0
3,1,0
6,1,0
11,1,0
13,1,0
15,1,0
15,1,0
6,1,0
12,1,0
0,1,0
13,1,0
5,1,0
6,1,0
7,1,0
13,1,0
15,1,0
10,1,0
12,1,0
14,1,0
4,1,0
11,1,0
15,1,0
2,1,0
7,1,0
8,1,0
7,1,0
1,1,0
3,2,0
4,1,0
8,1,0
13,1,0
14,2,0
5,1,0
7,1,0
8,1,0
11,1,0
15,1,0
3,1,0
10,1,0
13,1,0
3,1,0
6,1,0
9,1,0
13,1,0
2,1,0
10,1,0
0,1,0
1,1,0
2,1,0
3,1,0
4,1,0
5,1,0
7,1,0
8,1,0
9,1,0
13,1,0
14,1,0
15,1,0
0,1,0
1,1,0
2,1,0
3,1,0
6,1,0
8,1,0
13,1,0
0,1,0
2,1,0
6,1,0
9,1,0
14,1,0
2,1,0
2,1,0
4,1,0
10,1,0
2,1,0
3,1,0
4,1,0
6,1,0
7,1,0
9,1,0
10,1,0
12,1,0
3,1,0
1,1,0
2,1,0
3,1,0
8,1,0
12,1,0
14,1,0
4,1,0
5,1,0
8,1,0
15,1,0
0,1,0
3,1,0
4,1,0
11,1,0
14,1,0
3,1,0
7,1,0
9,1,0
12,1,0
14,1,0
2,1,0
10,1,0
0,1,0
9,1,0
8,1,0
13,1,0
14,1,0
2,1,0
10,1,0
15,1,0
13,1,0
1,1,0
2,1,0
6,1,0
7,1,0
3,1,0
7,1,0
0,1,0
12,1,0
15,2,0
4,1,0
6,1,0
8,1,0
9,1,0
5,1,0
2,1,0
14,1,0
15,1,0
10,1,0
2,1,0
7,1,0
10,1,0
10,1,0
12,1,0
14,1,0
1,1,0
4,1,0
6,1,0
7,1,0
13,1,0
14,1,0
4,1,0
10,1,0
2,1,0
5,1,0
10,1,0
2,1,0
8,1,0
13,1,0
0,1,0
3,1,0
6,1,0
7,1,0
8,1,0
9,1,0
13,1,0
14,1,0
3,1,0
12,1,0
14,1,0
6,1,0
7,1,0
13,1,0
14,1,0
3,1,0
11,1,0
12,1,0
13,1,0
15,1,0
1,1,0
13,1,0
0,1,0
1,1,0
3,1,0
4,1,0
5,1,0
7,1,0
9,1,0
12,1,0
14,1,0
15,1,0
1,1,0
4,1,0
15,1,0
4,1,0
5,1,0
10,1,0
13,1,0
14,1,0
1,1,0
14,1,0
0,1,0
4,1,0
6,1,0
8,1,0
13,1,0
2,1,0
0,1,0
10,1,0
7,2,0
9,1,0
12,1,0
13,1,0
3,1,0
9,1,0
13,1,0
15,1,0
0,1,0
1,1,0
4,1,0
0,1,0
3,2,0
4,1,0
5,1,0
8,1,0
0,1,0
3,1,0
7,1,0
13,1,0
14,1,0
6,1,0
7,1,0
8,1,0
13,1,0
3,1,0
12,1,0
14,1,0
3,1,0
6,1,0
11,1,0
13,1,0
10,1,0
4,1,0
10,1,0
2,1,0
3,1,0
0,1,0
10,1,0
7,1,0
10,1,0
14,1,0
1,1,0
12,1,0
2,1,0
5,1,0
10,1,0
14,1,0
15,1,0
0,1,0
4,1,0
7,1,0
15,1,0
2,1,0
4,1,0
9,1,0
10,1,0
13,1,0
7,1,0
12,1,0
10,1,0
7,1,0
1,1,0
2,1,0
3,1,0
4,1,0
5,1,0
13,1,0
14,1,0
15,1,0
0,1,0
2,1,0
3,1,0
14,1,0
1,1,0
2,1,0
4,1,0
13,1,0
14,1,0
1,1,0
2,1,0
4,1,0
7,1,0
9,1,0
12,1,0
14,1,0
3,1,0
14,2,0
15,1,0
2,1,0
1,1,0
2,1,0
5,1,0
8,1,0
12,1,0
14,1,0
15,1,0
0,1,0
3,1,0
5,1,0
13,1,0
7,1,0
12,1,0
9,1,0
12,1,0
7,1,0
3,1,0
6,1,0
7,1,0
8,1,0
10,1,0
13,1,0
14,1,0
0,1,0
7,1,0
12,1,0
13,1,0
2,1,0
11,1,0
2,1,0
2,1,0
3,1,0
9,1,0
12,1,0
13,1,0
14,1,0
3,1,0
10,1,0
3,1,0
8,1,0
1,2,0
3,1,0
2,1,0
7,1,0
5,1,0
7,1,0
9,1,0
10,1,0
12,1,0
2,1,0
3,1,0
4,1,0
9,1,0
13,1,0
14,1,0
1,1,0
3,1,0
7,1,0
10,1,0
0,1,0
2,1,0
3,1,0
4,1,0
6,1,0
10,1,0
12,1,0
13,1,0
14,1,0
0,1,0
2,1,0
4,1,0
6,1,0
7,1,0
9,1,0
10,1,0
13,1,0
1,1,0
3,1,0
5,1,0
7,1,0
11,1,0
2,1,0
12,1,0
5,1,0
8,1,0
1,1,0
2,1,0
3,1,0
5,1,0
8,1,0
10,1,0
12,1,0
13,1,0
14,1,0
0,1,0
1,1,0
4,1,0
9,1,0
2,1,0
3,1,0
0,1,0
3,1,0
4,1,0
6,1,0
7,1,0
12,1,0
13,1,0
0,1,0
13,1,0
2,1,0
3,1,0
4,1,0
14,1,0
2,1,0
3,1,0
8,1,0
9,1,0
12,1,0
14,1,0
3,1,0
5,1,0
10,1,0
0,1,0
3,1,0
4,1,0
8,1,0
9,1,0
10,1,0
13,1,0
14,1,0
15,1,0
6,1,0
8,2,0
9,1,0
13,1,0
9,1,0
14,1,0
3,1,0
11,1,0
13,1,0
14,1,0
0,1,0
3,1,0
2,1,0
6,1,0
15,1,0
14,1,0
2,1,0
14,1,0
0,1,0
4,1,0
7,1,0
15,1,0
3,1,0
11,1,0
12,1,0
14,1,0
3,1,0
12,1,0
13,1,0
3,1,0
4,1,0
6,1,0
8,1,0
12,1,0
13,1,0
8,1,0
14,1,0
5,1,0
15,1,0
14,1,0
2,2,0
4,1,0
6,1,0
7,1,0
9,1,0
11,1,0
12,1,0
13,1,0
5,1,0
14,1,0
15,1,0
8,1,0
1,1,0
5,1,0
8,1,0
11,1,0
3,1,0
8,1,0
13,1,0
14,1,0
3,1,0
8,1,0
3,1,0
4,1,0
0,1,0
14,1,0
5,1,0
8,1,0
3,1,0
11,1,0
13,1,0
9,1,0
5,1,0
7,1,0
13,1,0
3,1,0
4,1,0
5,1,0
12,1,0
3,1,0
11,1,0
13,1,0
2,1,0
6,1,0
3,1,0
0,1,0
1,1,0
2,1,0
5,1,0
8,1,0
10,1,0
12,1,0
14,1,0
5,1,0
5,1,0
6,1,0
8,1,0
11,1,0
13,1,0
3,1,0
13,1,0
5,1,0
2,1,0
2,1,0
8,1,0
14,1,0
15,1,0
4,1,0
8,1,0
3,1,0
4,1,0
5,1,0
13,1,0
14,1,0
1,1,0
5,1,0
12,1,0
2,1,0
3,1,0
3,1,0
9,1,0
10,1,0
12,1,0
15,1,0
2,1,0
14,1,0
3,1,0
4,1,0
11,1,0
1,1,0
9,1,0
14,1,0
0,1,0
6,1,0
2,1,0
3,1,0
4,1,0
12,1,0
14,1,0
15,1,0
0,1,0
3,1,0
4,1,0
6,1,0
8,1,0
9,1,0
11,1,0
13,1,0
2,1,0
7,1,0
8,1,0
10,1,0
12,1,0
13,1,0
14,1,0
15,1,0
1,1,0
5,1,0
13,1,0
14,1,0
13,1,0
0,1,0
2,1,0
3,1,0
8,1,0
14,1,0
4,1,0
6,1,0
8,1,0
9,1,0
12,1,0
14,1,0
15,1,0
8,1,0
10,1,0
11,1,0
14,1,0
1,1,0
4,1,0
9,1,0
15,1,0
2,1,0
3,1,0
5,1,0
9,1,0
11,1,0
13,1,0
15,1,0
3,1,0
9,2,0
14,1,0
1,1,0
4,1,0
1,1,0
13,1,0
12,1,0
5,1,0
11,1,0
13,2,0
15,1,0
4,1,0
7,1,0
9,1,0
0,1,0
2,1,0
3,1,0
6,1,0
1,1,0
15,1,0
2,1,0
0,1,0
1,1,0
2,1,0
3,1,0
4,1,0
5,1,0
13,1,0
14,1,0
3,1,0
5,1,0
11,1,0
12,1,0
15,1,0
4,1,0
7,1,0
13,1,0
2,1,0
9,1,0
12,1,0
13,1,0
14,1,0
15,1,0
0,1,0
3,1,0
13,1,0
1,1,0
8,1,0
2,2,0
3,1,0
4,1,0
6,1,0
0,1,0
2,1,0
4,1,0
7,1,0
14,1,0
15,1,0
7,1,0
9,1,0
15,1,0
0,1,0
7,1,0
0,1,0
1,1,0
2,1,0
3,1,0
5,1,0
7,1,0
8,1,0
9,1,0
12,1,0
13,1,0
14,1,0
6,1,0
9,1,0
10,1,0
3,1,0
8,1,0
9,1,0
14,1,0
1,1,0
4,1,0
7,1,0
8,1,0
13,1,0
14,1,0
2,1,0
12,1,0
0,1,0
7,2,0
4,1,0
10,1,0
0,1,0
13,1,0
2,1,0
10,1,0
4,1,0
7,1,0
10,1,0
13,1,0
14,1,0
3,1,0
7,1,0
2,1,0
3,1,0
6,1,0
9,1,0
11,1,0
12,1,0
13,1,0
14,1,0
15,1,0
7,1,0
4,1,0
7,1,0
10,1,0
11,1,0
14,1,0
3,1,0
7,1,0
4,1,0
10,1,0
14,1,0
4,1,0
10,1,0
11,1,0
14,1,0
2,1,0
4,1,0
10,1,0
15,1,0
0,1,0
3,1,0
5,1,0
8,1,0
14,1,0
14,1,0
15,1,0
7,1,0
0,1,0
2,1,0
5,1,0
13,1,0
14,1,0
15,1,0
10,1,0
14,1,0
13,1,0
2,1,0
5,1,0
6,1,0
13,1,0
14,1,0
15,1,0
12,1,0
1,1,0
1,1,0
2,1,0
3,1,0
4,1,0
7,1,0
11,1,0
13,1,0
14,1,0
15,1,0
1,1,0
8,1,0
3,1,0
9,1,0
15,1,0
1,1,0
12,1,0
3,1,0
0,1,0
1,1,0
14,1,0
4,1,0
7,1,0
10,1,0
2,1,0
3,1,0
5,1,0
12,1,0
14,1,0
9,1,0
14,1,0
3,1,0
8,1,0
10,1,0
13,1,0
14,1,0
2,1,0
3,1,0
5,1,0
10,1,0
13,1,0
14,1,0
13,1,0
15,1,0
2,1,0
3,1,0
4,1,0
6,1,0
10,1,0
11,1,0
14,1,0
15,1,0
2,2,0
9,1,0
7,1,0
14,1,0
3,1,0
6,1,0
9,1,0
14,1,0
4,1,0
5,1,0
6,1,0
7,1,0
10,1,0
11,1,0
14,1,0
15,1,0
13,1,0
15,1,0
2,1,0
5,1,0
8,1,0
10,1,0
12,1,0
14,1,0
0,1,0
10,1,0
12,1,0
2,1,0
3,1,0
4,1,0
8,1,0
15,1,0
8,1,0
13,1,0
2,1,0
6,1,0
14,1,0
3,1,0
4,1,0
10,1,0
4,1,0
3,1,0
13,1,0
15,1,0
2,1,0
15,1,0
10,1,0
2,1,0
7,1,0
4,1,0
4,1,0
6,1,0
10,1,0
12,1,0
13,1,0
0,1,0
1,1,0
4,1,0
5,1,0
8,1,0
11,1,0
14,1,0
2,1,0
3,1,0
8,1,0
10,1,0
12,1,0
13,1,0
2,1,0
4,1,0
6,2,0
8,1,0
9,1,0
12,1,0
13,1,0
14,1,0
15,1,0
2,1,0
4,1,0
8,1,0
9,1,0
14,1,0
2,1,0
10,1,0
15,1,0
2,1,0
4,1,0
6,1,0
8,1,0
11,1,0
13,1,0
8,1,0
14,1,0
0,1,0
7,1,0
13,1,0
3,1,0
2,1,0
3,1,0
6,1,0
7,1,0
13,1,0
14,1,0
3,1,0
4,1,0
6,1,0
8,1,0
9,1,0
10,1,0
12,1,0
13,1,0
14,1,0
2,1,0
2,1,0
7,1,0
8,1,0
10,1,0
12,1,0
13,1,0
15,1,0
12,2,0
13,1,0
14,1,0
4,1,0
10,1,0
10,1,0
13,1,0
10,1,0
12,1,0
13,1,0
2,1,0
11,1,0
13,1,0
3,1,0
3,1,0
4,1,0
5,1,0
6,1,0
8,1,0
10,1,0
12,1,0
13,1,0
14,1,0
1,1,0
3,1,0
6,1,0
13,1,0
3,2,0
5,1,0
12,1,0
15,1,0
1,1,0
2,1,0
4,2,0
8,1,0
13,1,0
0,1,0
5,1,0
13,1,0
2,1,0
7,1,0
12,2,0
4,1,0
8,1,0
6,1,0
12,1,0
10,1,0
2,1,0
3,1,0
4,1,0
14,1,0
3,1,0
5,1,0
11,1,0
13,1,0
4,1,0
9,1,0
14,1,0
2,1,0
6,1,0
14,1,0
14,2,0
0,1,0
2,1,0
3,1,0
12,1,0
13,1,0
14,1,0
3,1,0
4,1,0
6,1,0
2,1,0
6,1,0
2,1,0
4,1,0
5,1,0
7,1,0
9,1,0
14,1,0
2,1,0
3,1,0
4,1,0
13,1,0
15,1,0
3,1,0
4,1,0
13,1,0
15,1,0
2,1,0
3,1,0
4,1,0
6,1,0
7,1,0
8,1,0
12,1,0
14,1,0
7,1,0
15,1,0
5,1,0
13,1,0
3,1,0
4,1,0
5,1,0
11,1,0
13,1,0
12,1,0
0,1,0
1,1,0
4,1,0
6,1,0
10,1,0
14,1,0
7,1,0
13,1,0
5,1,0
0,1,0
4,1,0
6,1,0
9,1,0
11,1,0
2,1,0
10,1,0
14,1,0
1,1,0
12,1,0
3,1,0
8,1,0
11,1,0
12,1,0
6,1,0
10,1,0
12,1,0
14,1,0
2,1,0
5,1,0
1,1,0
2,1,0
7,1,0
12,1,0
14,1,0
6,1,0
9,1,0
10,1,0
13,1,0
14,1,0
10,1,0
14,1,0
0,1,0
9,1,0
4,1,0
9,1,0
12,1,0
15,1,0
1,1,0
2,1,0
4,1,0
14,1,0
4,1,0
7,1,0
14,1,0
13,1,0
12,1,0
3,1,0
10,1,0
12,1,0
7,1,0
13,1,0
7,1,0
2,1,0
12,1,0
1,1,0
3,1,0
7,1,0
0,1,0
8,1,0
4,1,0
2,1,0
15,1,0
8,1,0
12,1,0
2,1,0
7,2,0
8,1,0
13,1,0
15,1,0
2,1,0
4,1,0
7,1,0
9,1,0
12,1,0
14,1,0
15,1,0
1,1,0
7,1,0
4,1,0
9,1,0
12,1,0
14,1,0
2,1,0
2,1,0
7,1,0
8,1,0
10,1,0
14,1,0
2,1,0
9,1,0
14,1,0
5,1,0
6,1,0
11,1,0
12,1,0
14,1,0
8,1,0
9,1,0
5,1,0
6,1,0
7,1,0
14,1,0
14,1,0
3,1,0
9,1,0
13,1,0
14,1,0
15,1,0
3,1,0
6,1,0
9,1,0
14,1,0
0,1,0
1,1,0
2,1,0
3,1,0
4,1,0
5,1,0
7,1,0
12,1,0
2,1,0
4,1,0
5,1,0
6,1,0
10,1,0
14,1,0
10,1,0
0,1,0
8,1,0
9,1,0
10,1,0
11,1,0
12,1,0
13,1,0
14,1,0
15,1,0
2,1,0
13,1,0
1,1,0
2,1,0
7,1,0
8,1,0
12,1,0
13,1,0
6,1,0
6,1,0
10,1,0
15,1,0
0,1,0
3,1,0
5,1,0
9,1,0
0,1,0
1,1,0
10,1,0
14,1,0
1,1,0
5,1,0
8,1,0
9,1,0
13,1,0
5,1,0
10,1,0
13,1,0
14,1,0
2,1,0
10,2,0
14,1,0
6,1,0
2,1,0
4,1,0
12,1,0
6,1,0
8,1,0
9,1,0
12,1,0
14,1,0
14,1,0
15,1,0
2,1,0
3,1,0
10,1,0
11,1,0
14,1,0
10,1,0
12,1,0
14,1,0
9,1,0
2,1,0
4,1,0
7,1,0
11,1,0
14,1,0
3,1,0
6,1,0
7,1,0
1,1,0
5,1,0
13,2,0
2,1,0
7,1,0
8,1,0
9,1,0
12,1,0
13,1,0
14,1,0
15,1,0
1,1,0
2,1,0
10,1,0
14,1,0
15,2,0
11,1,0
2,1,0
4,1,0
10,1,0
14,1,0
1,1,0
9,1,0
10,1,0
14,1,0
0,1,0
2,1,0
3,1,0
6,1,0
7,1,0
12,1,0
13,1,0
14,1,0
8,1,0
10,1,0
13,1,0
14,1,0
3,1,0
14,1,0
7,1,0
3,1,0
10,1,0
13,1,0
15,1,0
2,1,0
3,1,0
9,1,0
2,1,0
13,1,0
2,1,0
4,1,0
7,1,0
3,1,0
4,1,0
8,2,0
12,1,0
5,1,0
1,1,0
2,1,0
13,1,0
1,1,0
3,1,0
6,1,0
14,1,0
4,1,0
10,1,0
2,1,0
7,1,0
4,1,0
13,1,0
14,1,0
15,1,0
7,1,0
0,1,0
3,1,0
10,1,0
1,1,0
7,1,0
9,1,0
14,1,0
15,1,0
2,1,0
3,1,0
4,1,0
14,1,0
1,1,0
3,1,0
13,1,0
3,1,0
7,1,0
8,1,0
9,1,0
10,1,0
14,1,0
15,1,0
10,1,0
0,1,0
2,1,0
3,1,0
4,1,0
8,1,0
10,1,0
0,1,0
8,1,0
1,1,0
2,1,0
5,1,0
7,1,0
8,1,0
14,1,0
2,1,0
8,1,0
15,1,0
3,1,0
4,1,0
2,1,0
5,1,0
12,1,0
0,1,0
1,1,0
3,1,0
7,1,0
8,1,0
13,1,0
14,1,0
15,1,0
14,1,0
2,1,0
13,1,0
2,1,0
2,1,0
3,1,0
5,1,0
7,1,0
9,1,0
12,1,0
15,1,0
2,1,0
14,1,0
15,1,0
4,1,0
5,1,0
5,1,0
8,1,0
10,1,0
12,1,0
10,1,0
14,1,0
15,1,0
5,1,0
1,1,0
3,1,0
4,1,0
11,1,0
15,1,0
7,1,0
12,1,0
14,1,0
3,1,0
2,1,0
5,1,0
2,1,0
14,1,0
14,1,0
10,1,0
11,1,0
4,1,0
6,1,0
0,1,0
1,1,0
3,1,0
5,1,0
8,1,0
9,2,0
13,1,0
14,1,0
4,1,0
15,1,0
2,1,0
8,1,0
2,1,0
12,1,0
5,1,0
14,1,0
13,1,0
14,1,0
4,1,0
9,1,0
14,1,0
9,1,0
12,1,0
0,1,0
5,1,0
11,1,0
14,1,0
2,1,0
10,1,0
14,1,0
10,1,0
14,1,0
15,1,0
8,1,0
13,1,0
0,1,0
1,1,0
3,1,0
8,1,0
11,1,0
1,1,0
3,1,0
6,1,0
13,1,0
14,1,0
2,1,0
10,1,0
0,1,0
2,1,0
3,1,0
6,1,0
7,1,0
11,1,0
14,1,0
0,1,0
3,1,0
5,1,0
8,1,0
12,1,0
14,1,0
2,1,0
4,1,0
7,1,0
8,1,0
13,1,0
14,1,0
2,1,0
6,1,0
10,1,0
14,1,0
7,1,0
15,1,0
14,1,0
2,1,0
3,1,0
3,1,0
1,1,0
3,1,0
1,1,0
3,1,0
4,1,0
6,1,0
8,1,0
13,1,0
2,1,0
13,1,0
7,1,0
2,1,0
8,1,0
10,1,0
12,1,0
14,1,0
3,1,0
11,1,0
12,1,0
14,1,0
11,1,0
12,1,0
3,1,0
7,1,0
13,1,0
15,1,0
3,1,0
12,1,0
7,1,0
9,1,0
15,1,0
0,1,0
13,1,0
2,1,0
5,1,0
10,2,0
11,1,0
13,1,0
15,1,0
0,1,0
3,1,0
13,1,0
14,1,0
9,1,0
3,1,0
5,1,0
6,1,0
8,1,0
10,1,0
13,1,0
0,1,0
4,1,0
3,1,0
4,1,0
7,1,0
15,1,0
4,1,0
1,1,0
8,1,0
10,1,0
12,1,0
14,1,0
2,1,0
4,1,0
7,1,0
8,1,0
11,1,0
13,1,0
15,1,0
7,1,0
8,1,0
10,1,0
1,1,0
14,1,0
2,1,0
12,1,0
0,1,0
3,1,0
4,1,0
11,1,0
15,1,0
0,1,0
6,1,0
15,1,0
3,1,0
9,1,0
13,1,0
15,1,0
0,1,0
12,1,0
14,1,0
15,1,0
5,1,0
14,1,0
2,1,0
10,1,0
2,1,0
3,1,0
3,1,0
7,1,0
13,1,0
14,1,0
15,1,0
7,1,0
9,1,0
5,1,0
11,1,0
4,1,0
1,1,0
2,1,0
11,1,0
2,1,0
14,2,0
3,1,0
6,1,0
9,1,0
1,1,0
7,1,0
10,1,0
11,1,0
1,1,0
2,1,0
8,1,0
4,1,0
14,1,0
2,1,0
3,1,0
4,1,0
5,1,0
1,1,0
4,1,0
3,1,0
10,1,0
13,1,0
15,1,0
3,1,0
2,1,0
1,1,0
7,1,0
0,1,0
4,1,0
14,1,0
12,2,0
12,1,0
1,1,0
5,1,0
7,1,0
12,1,0
13,1,0
14,1,0
15,1,0
14,1,0
2,1,0
14,1,0
3,1,0
1,1,0
2,1,0
14,1,0
2,1,0
5,1,0
13,1,0
14,1,0
3,1,0
4,1,0
5,1,0
10,1,0
13,1,0
14,1,0
8,1,0
12,1,0
1,1,0
2,1,0
3,1,0
4,1,0
5,1,0
8,1,0
9,1,0
10,1,0
13,1,0
14,1,0
15,1,0
2,1,0
10,1,0
1,1,0
4,1,0
11,1,0
15,1,0
7,1,0
9,1,0
1,1,0
0,1,0
2,1,0
3,1,0
7,2,0
8,1,0
3,1,0
4,1,0
14,1,0
15,1,0
2,1,0
3,1,0
10,1,0
12,1,0
13,1,0
2,1,0
3,1,0
1,1,0
2,1,0
6,1,0
12,1,0
13,1,0
2,1,0
14,1,0
15,1,0
0,1,0
6,1,0
9,1,0
13,1,0
1,1,0
12,1,0
7,1,0
2,1,0
3,1,0
4,1,0
9,1,0
14,1,0
3,1,0
2,1,0
7,1,0
11,1,0
7,1,0
15,1,0
2,1,0
8,1,0
10,1,0
12,1,0
13,1,0
14,1,0
4,1,0
10,1,0
0,1,0
8,1,0
3,1,0
14,1,0
0,1,0
3,1,0
6,1,0
9,1,0
13,1,0
14,1,0
2,1,0
13,1,0
14,1,0
15,1,0
2,1,0
1,1,0
4,1,0
6,1,0
13,1,0
1,1,0
4,1,0
7,1,0
11,1,0
14,1,0
15,1,0
3,1,0
13,1,0
0,1,0
3,1,0
5,1,0
14,1,0
15,1,0
3,1,0
4,1,0
6,1,0
7,1,0
8,1,0
4,1,0
6,1,0
7,1,0
11,1,0
14,1,0
6,1,0
7,1,0
3,1,0
1,1,0
2,1,0
5,1,0
8,1,0
10,1,0
13,1,0
14,1,0
2,1,0
3,1,0
4,1,0
8,1,0
6,1,0
10,1,0
13,1,0
2,1,0
7,1,0
12,1,0
15,1,0
10,1,0
12,1,0
12,1,0
9,1,0
3,1,0
9,1,0
12,1,0
1,1,0
14,1,0
2,1,0
3,1,0
5,1,0
7,1,0
7,1,0
12,1,0
10,1,0
3,1,0
8,1,0
9,1,0
13,1,0
14,1,0
3,1,0
5,1,0
7,1,0
7,1,0
15,1,0
3,1,0
11,1,0
7,1,0
9,1,0
10,1,0
11,1,0
13,1,0
14,1,0
3,1,0
5,1,0
8,1,0
13,1,0
0,1,0
2,1,0
3,1,0
7,1,0
14,1,0
2,1,0
7,1,0
8,1,0
9,1,0
10,1,0
14,1,0
0,1,0
10,1,0
13,1,0
13,1,0
14,2,0
0,1,0
5,1,0
12,1,0
14,1,0
15,1,0
2,1,0
1,1,0
2,1,0
3,1,0
5,1,0
7,1,0
8,1,0
13,1,0
0,1,0
8,1,0
9,1,0
14,1,0
10,1,0
14,1,0
13,1,0
5,1,0
7,1,0
8,1,0
10,1,0
4,1,0
14,1,0
3,1,0
7,1,0
9,1,0
3,1,0
9,1,0
10,1,0
3,1,0
9,1,0
14,1,0
15,1,0
1,1,0
15,1,0
0,1,0
3,1,0
4,1,0
10,1,0
14,1,0
9,1,0
12,1,0
14,1,0
13,1,0
0,1,0
2,1,0
3,1,0
4,1,0
8,1,0
10,1,0
14,1,0
7,1,0
12,1,0
13,1,0
14,1,0
15,1,0
7,1,0
1,1,0
2,1,0
4,1,0
8,1,0
12,1,0
2,1,0
1,1,0
5,1,0
8,1,0
13,1,0
14,1,0
1,1,0
2,1,0
7,1,0
13,1,0
15,1,0
2,1,0
5,1,0
10,1,0
15,1,0
0,1,0
7,1,0
2,1,0
6,1,0
8,1,0
10,1,0
8,1,0
2,1,0
8,1,0
10,1,0
4,1,0
12,1,0
2,1,0
14,1,0
3,1,0
14,1,0
2,1,0
10,1,0
15,1,0
2,1,0
12,1,0
3,1,0
4,1,0
4,1,0
5,1,0
12,1,0
13,1,0
14,1,0
7,1,0
0,1,0
14,1,0
2,1,0
3,1,0
4,1,0
7,1,0
10,1,0
14,1,0
2,1,0
4,1,0
7,1,0
13,1,0
14,1,0
0,1,0
10,1,0
14,1,0
2,1,0
2,1,0
10,1,0
13,1,0
14,1,0
11,1,0
15,1,0
4,1,0
7,1,0
10,1,0
11,1,0
12,1,0
10,1,0
2,1,0
14,1,0
2,1,0
4,1,0
9,1,0
12,1,0
14,1,0
14,1,0
15,1,0
5,1,0
9,1,0
13,1,0
2,1,0
2,1,0
7,1,0
12,1,0
3,1,0
4,1,0
9,1,0
10,1,0
13,1,0
14,1,0
15,1,0
3,1,0
11,1,0
4,1,0
9,1,0
15,1,0
2,1,0
10,1,0
1,1,0
3,1,0
7,1,0
11,1,0
3,1,0
14,1,0
6,1,0
1,1,0
5,1,0
7,1,0
13,1,0
2,1,0
4,1,0
7,1,0
3,1,0
5,1,0
10,1,0
12,1,0
9,1,0
11,1,0
13,1,0
14,1,0
2,1,0
14,1,0
4,1,0
10,1,0
1,1,0
4,1,0
14,1,0
3,1,0
14,1,0
3,1,0
10,1,0
0,1,0
14,1,0
0,1,0
3,1,0
10,1,0
13,1,0
2,1,0
3,1,0
7,1,0
13,1,0
1,1,0
1,1,0
10,1,0
12,1,0
3,1,0
4,1,0
7,1,0
12,1,0
14,1,0
2,1,0
2,1,0
4,1,0
5,1,0
7,1,0
9,1,0
0,1,0
1,1,0
7,1,0
2,1,0
9,1,0
12,1,0
2,1,0
4,1,0
10,1,0
14,1,0
0,1,0
6,1,0
8,1,0
12,1,0
3,1,0
0,1,0
2,1,0
4,1,0
13,1,0
2,1,0
9,1,0
13,1,0
14,1,0
15,1,0
3,1,0
8,1,0
9,1,0
13,1,0
2,1,0
15,1,0
1,1,0
8,1,0
14,1,0
3,1,0
8,1,0
9,1,0
13,1,0
14,1,0
1,1,0
3,1,0
4,1,0
8,1,0
11,1,0
12,1,0
14,1,0
2,1,0
2,1,0
13,1,0
14,1,0
12,2,0
4,1,0
5,1,0
7,1,0
15,1,0
3,1,0
4,1,0
7,1,0
13,1,0
14,1,0
5,1,0
6,1,0
9,1,0
14,1,0
14,1,0
1,1,0
11,1,0
1,1,0
2,1,0
14,1,0
3,1,0
5,1,0
12,1,0
14,1,0
15,1,0
2,1,0
3,1,0
10,2,0
11,1,0
14,1,0
12,1,0
14,1,0
1,1,0
2,1,0
2,1,0
3,1,0
6,1,0
13,1,0
0,1,0
10,1,0
12,1,0
15,1,0
5,1,0
14,1,0
7,1,0
0,1,0
2,1,0
14,1,0
4,1,0
0,1,0
3,1,0
10,1,0
13,1,0
14,1,0
3,1,0
4,1,0
6,1,0
7,1,0
14,1,0
1,1,0
14,1,0
14,1,0
13,1,0
10,1,0
2,1,0
3,1,0
4,1,0
6,1,0
7,1,0
14,1,0
2,1,0
8,1,0
12,1,0
14,1,0
4,1,0
12,1,0
13,1,0
14,1,0
1,1,0
4,1,0
6,1,0
13,1,0
2,1,0
10,1,0
3,1,0
6,1,0
7,1,0
10,1,0
12,1,0
3,1,0
13,1,0
14,1,0
4,1,0
7,1,0
8,1,0
2,1,0
4,1,0
5,1,0
7,1,0
14,1,0
0,1,0
1,1,0
2,1,0
5,1,0
6,1,0
8,1,0
12,1,0
10,1,0
15,1,0
1,1,0
12,1,0
8,1,0
4,1,0
13,1,0
12,1,0
1,1,0
5,1,0
0,1,0
13,1,0
3,1,0
7,1,0
8,2,0
12,1,0
15,1,0
10,1,0
10,1,0
3,1,0
3,1,0
12,1,0
13,1,0
0,1,0
2,1,0
10,1,0
0,1,0
3,1,0
4,1,0
12,1,0
13,1,0
15,1,0
0,1,0
0,1,0
2,1,0
5,1,0
13,1,0
15,1,0
7,1,0
10,1,0
4,1,0
14,1,0
3,1,0
14,1,0
15,1,0
13,1,0
3,1,0
7,1,0
10,1,0
12,1,0
2,1,0
3,1,0
10,1,0
13,1,0
0,1,0
6,1,0
9,1,0
12,1,0
9,1,0
9,1,0
15,1,0
2,1,0
2,1,0
10,1,0
15,1,0
3,1,0
4,1,0
5,1,0
9,1,0
10,1,0
0,1,0
2,1,0
3,1,0
4,1,0
6,1,0
2,1,0
5,1,0
6,1,0
7,1,0
12,1,0
13,1,0
14,1,0
4,1,0
10,1,0
14,1,0
3,1,0
4,1,0
1,1,0
9,1,0
0,1,0
5,1,0
8,1,0
9,1,0
12,1,0
14,1,0
14,1,0
10,1,0
4,1,0
9,1,0
14,1,0
0,1,0
10,1,0
4,1,0
12,1,0
13,1,0
12,1,0
1,1,0
4,1,0
13,1,0
2,1,0
5,1,0
13,1,0
14,1,0
2,1,0
3,1,0
6,1,0
8,1,0
10,1,0
14,1,0
15,1,0
12,1,0
13,1,0
6,1,0
14,1,0
0,1,0
5,1,0
7,1,0
10,1,0
11,1,0
12,1,0
13,1,0
14,1,0
2,1,0
3,1,0
8,1,0
13,1,0
0,1,0
1,1,0
6,1,0
6,1,0
7,1,0
15,1,0
6,1,0
15,1,0
8,1,0
10,1,0
11,1,0
3,1,0
7,1,0
2,1,0
11,1,0
13,1,0
14,1,0
3,1,0
7,1,0
10,1,0
1,1,0
2,1,0
3,1,0
10,1,0
0,1,0
2,1,0
4,1,0
13,1,0
14,1,0
12,1,0
3,1,0
15,1,0
12,1,0
2,1,0
7,1,0
8,1,0
9,1,0
12,1,0
14,1,0
15,1,0
14,1,0
0,1,0
3,1,0
4,1,0
7,1,0
8,1,0
0,1,0
3,1,0
10,1,0
11,1,0
15,1,0
1,1,0
2,1,0
2,1,0
4,1,0
8,1,0
10,1,0
14,1,0
7,1,0
8,1,0
10,1,0
1,1,0
4,1,0
8,1,0
13,1,0
15,1,0
4,1,0
15,1,0
14,1,0
4,1,0
6,1,0
9,1,0
10,1,0
12,1,0
14,1,0
5,1,0
13,1,0
3,1,0
14,1,0
0,1,0
3,1,0
9,1,0
2,1,0
3,1,0
5,1,0
6,1,0
7,1,0
8,1,0
11,1,0
12,1,0
14,1,0
11,1,0
3,1,0
7,1,0
1,1,0
3,1,0
4,1,0
12,1,0
13,1,0
14,1,0
15,1,0
2,1,0
8,1,0
10,1,0
13,1,0
0,1,0
3,1,0
6,1,0
4,1,0
9,1,0
12,1,0
15,1,0
2,1,0
7,1,0
9,1,0
10,1,0
12,1,0
14,1,0
15,1,0
4,1,0
13,1,0
0,1,0
2,1,0
4,1,0
6,1,0
9,1,0
10,1,0
12,1,0
14,1,0
5,1,0
10,1,0
13,1,0
14,1,0
7,1,0
10,1,0
14,1,0
2,1,0
2,1,0
3,1,0
7,1,0
11,1,0
13,1,0
0,1,0
2,1,0
7,1,0
4,1,0
14,1,0
3,1,0
4,1,0
7,1,0
3,1,0
7,1,0
11,1,0
13,1,0
2,1,0
10,1,0
4,1,0
5,1,0
15,1,0
6,1,0
7,1,0
14,1,0
0,1,0
5,1,0
8,1,0
12,1,0
13,1,0
14,1,0
2,1,0
5,1,0
8,1,0
14,1,0
15,1,0
8,1,0
3,1,0
5,1,0
8,1,0
9,1,0
12,1,0
13,1,0
14,1,0
12,1,0
3,1,0
6,1,0
8,1,0
14,1,0
10,1,0
15,1,0
2,1,0
3,1,0
4,1,0
7,1,0
1,1,0
10,1,0
12,1,0
14,1,0
1,1,0
12,1,0
4,1,0
13,1,0
12,1,0
14,1,0
15,1,0
1,1,0
5,1,0
14,1,0
13,1,0
3,1,0
12,1,0
14,1,0
2,1,0
3,1,0
5,1,0
9,1,0
11,1,0
12,1,0
13,1,0
7,1,0
14,1,0
15,1,0
2,1,0
8,1,0
10,1,0
14,1,0
2,1,0
3,1,0
5,1,0
8,1,0
10,1,0
14,1,0
15,1,0
3,1,0
7,1,0
2,1,0
3,1,0
8,1,0
9,1,0
10,1,0
14,1,0
0,1,0
2,1,0
3,1,0
4,1,0
5,1,0
6,1,0
8,1,0
9,1,0
12,1,0
13,1,0
14,1,0
15,1,0
0,1,0
6,1,0
9,1,0
13,1,0
2,1,0
4,1,0
7,1,0
12,1,0
10,1,0
14,1,0
2,1,0
3,1,0
5,1,0
10,1,0
13,1,0
2,1,0
7,1,0
14,1,0
10,1,0
15,1,0
0,1,0
6,1,0
2,1,0
10,1,0
10,1,0
2,1,0
10,1,0
13,1,0
3,1,0
5,1,0
14,1,0
15,1,0
6,1,0
9,1,0
0,1,0
2,1,0
10,1,0
3,1,0
5,1,0
11,1,0
15,1,0
0,1,0
1,1,0
3,1,0
15,1,0
5,1,0
2,1,0
9,1,0
14,1,0
15,1,0
0,1,0
3,1,0
4,1,0
5,1,0
6,1,0
7,1,0
12,1,0
2,1,0
0,1,0
2,1,0
3,1,0
7,1,0
14,1,0
3,1,0
15,1,0
15,1,0
5,1,0
2,1,0
4,1,0
15,1,0
3,1,0
1,1,0
7,1,0
9,1,0
13,1,0
14,1,0
15,1,0
3,1,0
4,1,0
8,1,0
10,1,0
1,1,0
7,1,0
2,1,0
8,1,0
12,1,0
8,1,0
